ISO-10303-21;
HEADER;
FILE_DESCRIPTION((''),'2;1');
FILE_NAME('tinytouch-supermini-v1-bottom.step','1970-01-01T00:00:00Z',(''),(''),'','','');
FILE_SCHEMA(('AUTOMOTIVE_DESIGN { 1 0 10303 214 1 1 1 1 }'));
ENDSEC;
DATA;
#1 = APPLICATION_PROTOCOL_DEFINITION('international standard',
  'automotive_design',2000,#2);
#2 = APPLICATION_CONTEXT(
  'core data for automotive mechanical design processes');
#3 = SHAPE_DEFINITION_REPRESENTATION(#4,#10);
#4 = PRODUCT_DEFINITION_SHAPE('','',#5);
#5 = PRODUCT_DEFINITION('design','',#6,#9);
#6 = PRODUCT_DEFINITION_FORMATION('','',#7);
#7 = PRODUCT('tinytouch-supermini-v1-bottom',
  'tinytouch-supermini-v1-bottom','',(#8));
#8 = PRODUCT_CONTEXT('',#2,'mechanical');
#9 = PRODUCT_DEFINITION_CONTEXT('part definition',#2,'design');
#10 = ADVANCED_BREP_SHAPE_REPRESENTATION('',(#11,#15),#6492);
#11 = AXIS2_PLACEMENT_3D('',#12,#13,#14);
#12 = CARTESIAN_POINT('',(0.,0.,0.));
#13 = DIRECTION('',(0.,0.,1.));
#14 = DIRECTION('',(1.,0.,-0.));
#15 = MANIFOLD_SOLID_BREP('',#16);
#16 = CLOSED_SHELL('',(#17,#135,#248,#356,#464,#577,#685,#798,#906,#1019
    ,#1127,#1244,#1351,#1451,#1562,#1662,#1763,#1860,#1955,#2034,#2155,
    #2234,#2345,#2419,#2530,#2609,#2726,#2805,#2912,#3029,#3103,#3203,
    #3303,#3407,#3481,#3623,#3778,#3895,#4002,#4104,#4183,#4257,#4354,
    #4455,#4561,#4635,#4709,#4802,#4851,#4878,#4927,#4998,#5045,#5133,
    #5180,#5296,#5367,#5414,#5509,#5556,#5662,#5709,#5756,#5803,#5893,
    #5981,#6028,#6039,#6070,#6097,#6144,#6191,#6238,#6249,#6296,#6325,
    #6354,#6365,#6376,#6391,#6402,#6413));
#17 = ADVANCED_FACE('',(#18),#32,.F.);
#18 = FACE_BOUND('',#19,.T.);
#19 = EDGE_LOOP('',(#20,#54,#82,#109));
#20 = ORIENTED_EDGE('',*,*,#21,.F.);
#21 = EDGE_CURVE('',#22,#24,#26,.T.);
#22 = VERTEX_POINT('',#23);
#23 = CARTESIAN_POINT('',(13.064999580383,12.05624961853,1.994916236761)
  );
#24 = VERTEX_POINT('',#25);
#25 = CARTESIAN_POINT('',(13.064999580383,12.05624961853,6.014987717151)
  );
#26 = SURFACE_CURVE('',#27,(#31,#43),.PCURVE_S1.);
#27 = LINE('',#28,#29);
#28 = CARTESIAN_POINT('',(13.064999580383,12.05624961853,4.004812449217)
  );
#29 = VECTOR('',#30,1.);
#30 = DIRECTION('',(0.,0.,1.));
#31 = PCURVE('',#32,#37);
#32 = PLANE('',#33);
#33 = AXIS2_PLACEMENT_3D('',#34,#35,#36);
#34 = CARTESIAN_POINT('',(12.813749790192,12.05624961853,4.004812449217)
  );
#35 = DIRECTION('',(0.,-1.,0.));
#36 = DIRECTION('',(0.,0.,-1.));
#37 = DEFINITIONAL_REPRESENTATION('',(#38),#42);
#38 = LINE('',#39,#40);
#39 = CARTESIAN_POINT('',(0.,0.251249790192));
#40 = VECTOR('',#41,1.);
#41 = DIRECTION('',(-1.,0.));
#42 = ( GEOMETRIC_REPRESENTATION_CONTEXT(2) 
PARAMETRIC_REPRESENTATION_CONTEXT() REPRESENTATION_CONTEXT('2D SPACE',''
  ) );
#43 = PCURVE('',#44,#49);
#44 = CYLINDRICAL_SURFACE('',#45,0.502627194959);
#45 = AXIS2_PLACEMENT_3D('',#46,#47,#48);
#46 = CARTESIAN_POINT('',(13.064655920725,11.553466651632,6.015096763259
    ));
#47 = DIRECTION('',(-1.255190815119E-05,-5.055444429549E-05,
    0.999999998643));
#48 = DIRECTION('',(-0.999999999921,-9.305781891222E-25,
    -1.255190816723E-05));
#49 = DEFINITIONAL_REPRESENTATION('',(#50),#53);
#50 = B_SPLINE_CURVE_WITH_KNOTS('',1,(#51,#52),.UNSPECIFIED.,.F.,.F.,(2,
    2),(-2.009896212456,2.010175267934),.PIECEWISE_BEZIER_KNOTS.);
#51 = CARTESIAN_POINT('',(4.711805592971,-4.020205943271));
#52 = CARTESIAN_POINT('',(4.711705468288,-1.34468334889E-04));
#53 = ( GEOMETRIC_REPRESENTATION_CONTEXT(2) 
PARAMETRIC_REPRESENTATION_CONTEXT() REPRESENTATION_CONTEXT('2D SPACE',''
  ) );
#54 = ORIENTED_EDGE('',*,*,#55,.F.);
#55 = EDGE_CURVE('',#56,#22,#58,.T.);
#56 = VERTEX_POINT('',#57);
#57 = CARTESIAN_POINT('',(12.5625,12.05624961853,1.994916290724));
#58 = SURFACE_CURVE('',#59,(#63,#70),.PCURVE_S1.);
#59 = LINE('',#60,#61);
#60 = CARTESIAN_POINT('',(5.722987477532,12.05624961853,1.994917025217)
  );
#61 = VECTOR('',#62,1.);
#62 = DIRECTION('',(1.,0.,-1.073896550898E-07));
#63 = PCURVE('',#32,#64);
#64 = DEFINITIONAL_REPRESENTATION('',(#65),#69);
#65 = LINE('',#66,#67);
#66 = CARTESIAN_POINT('',(2.009895424,-7.090762312659));
#67 = VECTOR('',#68,1.);
#68 = DIRECTION('',(1.073896550898E-07,1.));
#69 = ( GEOMETRIC_REPRESENTATION_CONTEXT(2) 
PARAMETRIC_REPRESENTATION_CONTEXT() REPRESENTATION_CONTEXT('2D SPACE',''
  ) );
#70 = PCURVE('',#71,#76);
#71 = PLANE('',#72);
#72 = AXIS2_PLACEMENT_3D('',#73,#74,#75);
#73 = CARTESIAN_POINT('',(-1.36777461928,-2.311741229975,1.994961089733)
  );
#74 = DIRECTION('',(1.073896550893E-07,3.013855083847E-06,0.999999999995
    ));
#75 = DIRECTION('',(1.,1.009741958683E-27,-1.073896550898E-07));
#76 = DEFINITIONAL_REPRESENTATION('',(#77),#81);
#77 = LINE('',#78,#79);
#78 = CARTESIAN_POINT('',(7.090762096817,14.367990848571));
#79 = VECTOR('',#80,1.);
#80 = DIRECTION('',(1.,0.));
#81 = ( GEOMETRIC_REPRESENTATION_CONTEXT(2) 
PARAMETRIC_REPRESENTATION_CONTEXT() REPRESENTATION_CONTEXT('2D SPACE',''
  ) );
#82 = ORIENTED_EDGE('',*,*,#83,.F.);
#83 = EDGE_CURVE('',#84,#56,#86,.T.);
#84 = VERTEX_POINT('',#85);
#85 = CARTESIAN_POINT('',(12.5625,12.05624961853,6.015012810605));
#86 = SURFACE_CURVE('',#87,(#91,#98),.PCURVE_S1.);
#87 = LINE('',#88,#89);
#88 = CARTESIAN_POINT('',(12.5625,12.05624961853,6.017183215181));
#89 = VECTOR('',#90,1.);
#90 = DIRECTION('',(0.,0.,-1.));
#91 = PCURVE('',#32,#92);
#92 = DEFINITIONAL_REPRESENTATION('',(#93),#97);
#93 = LINE('',#94,#95);
#94 = CARTESIAN_POINT('',(-2.012370765964,-0.251249790192));
#95 = VECTOR('',#96,1.);
#96 = DIRECTION('',(1.,0.));
#97 = ( GEOMETRIC_REPRESENTATION_CONTEXT(2) 
PARAMETRIC_REPRESENTATION_CONTEXT() REPRESENTATION_CONTEXT('2D SPACE',''
  ) );
#98 = PCURVE('',#99,#104);
#99 = CYLINDRICAL_SURFACE('',#100,0.502499580383);
#100 = AXIS2_PLACEMENT_3D('',#101,#102,#103);
#101 = CARTESIAN_POINT('',(12.5625,11.553750038147,6.017183215181));
#102 = DIRECTION('',(0.,0.,1.));
#103 = DIRECTION('',(-1.,0.,0.));
#104 = DEFINITIONAL_REPRESENTATION('',(#105),#108);
#105 = B_SPLINE_CURVE_WITH_KNOTS('',1,(#106,#107),.UNSPECIFIED.,.F.,.F.,
  (2,2),(2.1704045752E-03,4.022266924457),.PIECEWISE_BEZIER_KNOTS.);
#106 = CARTESIAN_POINT('',(4.712388980385,-2.1704045752E-03));
#107 = CARTESIAN_POINT('',(4.712388980385,-4.022266924457));
#108 = ( GEOMETRIC_REPRESENTATION_CONTEXT(2) 
PARAMETRIC_REPRESENTATION_CONTEXT() REPRESENTATION_CONTEXT('2D SPACE',''
  ) );
#109 = ORIENTED_EDGE('',*,*,#110,.F.);
#110 = EDGE_CURVE('',#24,#84,#111,.T.);
#111 = SURFACE_CURVE('',#112,(#116,#123),.PCURVE_S1.);
#112 = LINE('',#113,#114);
#113 = CARTESIAN_POINT('',(12.813698783368,12.05624961853,6.015000266541
    ));
#114 = VECTOR('',#115,1.);
#115 = DIRECTION('',(-0.999999998753,0.,4.993680207801E-05));
#116 = PCURVE('',#32,#117);
#117 = DEFINITIONAL_REPRESENTATION('',(#118),#122);
#118 = LINE('',#119,#120);
#119 = CARTESIAN_POINT('',(-2.010187817325,-5.100682329839E-05));
#120 = VECTOR('',#121,1.);
#121 = DIRECTION('',(-4.993680207801E-05,-0.999999998753));
#122 = ( GEOMETRIC_REPRESENTATION_CONTEXT(2) 
PARAMETRIC_REPRESENTATION_CONTEXT() REPRESENTATION_CONTEXT('2D SPACE',''
  ) );
#123 = PCURVE('',#124,#129);
#124 = PLANE('',#125);
#125 = AXIS2_PLACEMENT_3D('',#126,#127,#128);
#126 = CARTESIAN_POINT('',(12.813547392149,-3.800675675676E-03,
    6.01495932244));
#127 = DIRECTION('',(4.993680207772E-05,-3.395646011589E-06,
    0.999999998747));
#128 = DIRECTION('',(0.999999998753,-5.169878828456E-26,
    -4.993680207801E-05));
#129 = DEFINITIONAL_REPRESENTATION('',(#130),#134);
#130 = LINE('',#131,#132);
#131 = CARTESIAN_POINT('',(1.513891743937E-04,12.060050294276));
#132 = VECTOR('',#133,1.);
#133 = DIRECTION('',(-1.,0.));
#134 = ( GEOMETRIC_REPRESENTATION_CONTEXT(2) 
PARAMETRIC_REPRESENTATION_CONTEXT() REPRESENTATION_CONTEXT('2D SPACE',''
  ) );
#135 = ADVANCED_FACE('',(#136),#150,.T.);
#136 = FACE_BOUND('',#137,.T.);
#137 = EDGE_LOOP('',(#138,#172,#195,#222));
#138 = ORIENTED_EDGE('',*,*,#139,.F.);
#139 = EDGE_CURVE('',#140,#142,#144,.T.);
#140 = VERTEX_POINT('',#141);
#141 = CARTESIAN_POINT('',(-9.045562974816,12.557812071181,1.99491709957
    ));
#142 = VERTEX_POINT('',#143);
#143 = CARTESIAN_POINT('',(-9.045188177818,12.557812071181,
    6.014949017875));
#144 = SURFACE_CURVE('',#145,(#149,#161),.PCURVE_S1.);
#145 = LINE('',#146,#147);
#146 = CARTESIAN_POINT('',(-9.045187953514,12.557812071181,
    6.017354869286));
#147 = VECTOR('',#148,1.);
#148 = DIRECTION('',(9.323234349975E-05,0.,0.999999995654));
#149 = PCURVE('',#150,#155);
#150 = PLANE('',#151);
#151 = AXIS2_PLACEMENT_3D('',#152,#153,#154);
#152 = CARTESIAN_POINT('',(-9.045187473297,12.80999994278,4.004999935627
    ));
#153 = DIRECTION('',(0.999999717501,-7.458595461569E-04,
    -9.323231756687E-05));
#154 = DIRECTION('',(-9.323234349975E-05,1.323488980085E-23,
    -0.999999995654));
#155 = DEFINITIONAL_REPRESENTATION('',(#156),#160);
#156 = LINE('',#157,#158);
#157 = CARTESIAN_POINT('',(-2.012354924868,-0.252187941746));
#158 = VECTOR('',#159,1.);
#159 = DIRECTION('',(-1.,1.323488980085E-23));
#160 = ( GEOMETRIC_REPRESENTATION_CONTEXT(2) 
PARAMETRIC_REPRESENTATION_CONTEXT() REPRESENTATION_CONTEXT('2D SPACE',''
  ) );
#161 = PCURVE('',#162,#167);
#162 = CYLINDRICAL_SURFACE('',#163,0.501936827025);
#163 = AXIS2_PLACEMENT_3D('',#164,#165,#166);
#164 = CARTESIAN_POINT('',(-9.547124638742,12.558186445555,
    6.017401666019));
#165 = DIRECTION('',(-9.323234349975E-05,0.,-0.999999995654));
#166 = DIRECTION('',(0.,-1.,-0.));
#167 = DEFINITIONAL_REPRESENTATION('',(#168),#171);
#168 = B_SPLINE_CURVE_WITH_KNOTS('',1,(#169,#170),.UNSPECIFIED.,.F.,.F.,
  (2,2),(-4.022437787198,-2.405851421297E-03),.PIECEWISE_BEZIER_KNOTS.);
#169 = CARTESIAN_POINT('',(4.71313484,4.022437787198));
#170 = CARTESIAN_POINT('',(4.71313484,2.405851421301E-03));
#171 = ( GEOMETRIC_REPRESENTATION_CONTEXT(2) 
PARAMETRIC_REPRESENTATION_CONTEXT() REPRESENTATION_CONTEXT('2D SPACE',''
  ) );
#172 = ORIENTED_EDGE('',*,*,#173,.F.);
#173 = EDGE_CURVE('',#174,#140,#176,.T.);
#174 = VERTEX_POINT('',#175);
#175 = CARTESIAN_POINT('',(-9.045000076296,13.061249732971,
    1.994915582249));
#176 = SURFACE_CURVE('',#177,(#181,#188),.PCURVE_S1.);
#177 = LINE('',#178,#179);
#178 = CARTESIAN_POINT('',(-9.051012088597,5.251993807181,1.994939118832
    ));
#179 = VECTOR('',#180,1.);
#180 = DIRECTION('',(-7.458592683991E-04,-0.999999721842,
    3.013934343103E-06));
#181 = PCURVE('',#150,#182);
#182 = DEFINITIONAL_REPRESENTATION('',(#183),#187);
#183 = LINE('',#184,#185);
#184 = CARTESIAN_POINT('',(2.010061351101,-7.558008237884));
#185 = VECTOR('',#186,1.);
#186 = DIRECTION('',(-2.94439612249E-06,-0.999999999996));
#187 = ( GEOMETRIC_REPRESENTATION_CONTEXT(2) 
PARAMETRIC_REPRESENTATION_CONTEXT() REPRESENTATION_CONTEXT('2D SPACE',''
  ) );
#188 = PCURVE('',#71,#189);
#189 = DEFINITIONAL_REPRESENTATION('',(#190),#194);
#190 = LINE('',#191,#192);
#191 = CARTESIAN_POINT('',(-7.683237469315,7.56373503719));
#192 = VECTOR('',#193,1.);
#193 = DIRECTION('',(-7.458592687228E-04,-0.999999721847));
#194 = ( GEOMETRIC_REPRESENTATION_CONTEXT(2) 
PARAMETRIC_REPRESENTATION_CONTEXT() REPRESENTATION_CONTEXT('2D SPACE',''
  ) );
#195 = ORIENTED_EDGE('',*,*,#196,.F.);
#196 = EDGE_CURVE('',#197,#174,#199,.T.);
#197 = VERTEX_POINT('',#198);
#198 = CARTESIAN_POINT('',(-9.045000076294,13.061249732971,6.01489491981
    ));
#199 = SURFACE_CURVE('',#200,(#204,#211),.PCURVE_S1.);
#200 = LINE('',#201,#202);
#201 = CARTESIAN_POINT('',(-9.045000076294,13.061249732971,
    6.014999866486));
#202 = VECTOR('',#203,1.);
#203 = DIRECTION('',(0.,0.,-1.));
#204 = PCURVE('',#150,#205);
#205 = DEFINITIONAL_REPRESENTATION('',(#206),#210);
#206 = LINE('',#207,#208);
#207 = CARTESIAN_POINT('',(-2.009999939594,0.251249720306));
#208 = VECTOR('',#209,1.);
#209 = DIRECTION('',(1.,6.953823371209E-08));
#210 = ( GEOMETRIC_REPRESENTATION_CONTEXT(2) 
PARAMETRIC_REPRESENTATION_CONTEXT() REPRESENTATION_CONTEXT('2D SPACE',''
  ) );
#211 = PCURVE('',#212,#217);
#212 = CONICAL_SURFACE('',#213,0.502525814072,6.890751302262E-05);
#213 = AXIS2_PLACEMENT_3D('',#214,#215,#216);
#214 = CARTESIAN_POINT('',(-9.547938088445,13.061316538672,
    1.992590186565));
#215 = DIRECTION('',(4.772951582115E-05,-8.913263975602E-05,
    0.999999994889));
#216 = DIRECTION('',(0.706934542277,0.707278977545,2.929999904214E-05));
#217 = DEFINITIONAL_REPRESENTATION('',(#218),#221);
#218 = B_SPLINE_CURVE_WITH_KNOTS('',1,(#219,#220),.UNSPECIFIED.,.F.,.F.,
  (2,2),(1.0494667521E-04,4.020084284236),.PIECEWISE_BEZIER_KNOTS.);
#219 = CARTESIAN_POINT('',(-0.7850614761,4.02232871971));
#220 = CARTESIAN_POINT('',(-0.785774134001,2.349435000097E-03));
#221 = ( GEOMETRIC_REPRESENTATION_CONTEXT(2) 
PARAMETRIC_REPRESENTATION_CONTEXT() REPRESENTATION_CONTEXT('2D SPACE',''
  ) );
#222 = ORIENTED_EDGE('',*,*,#223,.F.);
#223 = EDGE_CURVE('',#142,#197,#224,.T.);
#224 = SURFACE_CURVE('',#225,(#229,#236),.PCURVE_S1.);
#225 = LINE('',#226,#227);
#226 = CARTESIAN_POINT('',(-9.045000435634,12.809527898496,
    6.014921968846));
#227 = VECTOR('',#228,1.);
#228 = DIRECTION('',(7.458495264842E-04,0.999999716081,
    -1.074585611781E-04));
#229 = PCURVE('',#150,#230);
#230 = DEFINITIONAL_REPRESENTATION('',(#231),#235);
#231 = LINE('',#232,#233);
#232 = CARTESIAN_POINT('',(-2.009922041922,-4.720444149017E-04));
#233 = VECTOR('',#234,1.);
#234 = DIRECTION('',(1.073890234119E-04,0.999999994234));
#235 = ( GEOMETRIC_REPRESENTATION_CONTEXT(2) 
PARAMETRIC_REPRESENTATION_CONTEXT() REPRESENTATION_CONTEXT('2D SPACE',''
  ) );
#236 = PCURVE('',#237,#242);
#237 = PLANE('',#238);
#238 = AXIS2_PLACEMENT_3D('',#239,#240,#241);
#239 = CARTESIAN_POINT('',(-10.55264684316,12.809964489293,
    6.014933982411));
#240 = DIRECTION('',(7.99953966789E-06,1.074526246094E-04,0.999999994195
    ));
#241 = DIRECTION('',(0.999999999968,-7.237830359839E-25,
    -7.999539714071E-06));
#242 = DEFINITIONAL_REPRESENTATION('',(#243),#247);
#243 = LINE('',#244,#245);
#244 = CARTESIAN_POINT('',(1.507646407577,-4.365907991202E-04));
#245 = VECTOR('',#246,1.);
#246 = DIRECTION('',(7.458503860794E-04,0.999999721854));
#247 = ( GEOMETRIC_REPRESENTATION_CONTEXT(2) 
PARAMETRIC_REPRESENTATION_CONTEXT() REPRESENTATION_CONTEXT('2D SPACE',''
  ) );
#248 = ADVANCED_FACE('',(#249),#263,.T.);
#249 = FACE_BOUND('',#250,.T.);
#250 = EDGE_LOOP('',(#251,#285,#308,#335));
#251 = ORIENTED_EDGE('',*,*,#252,.F.);
#252 = EDGE_CURVE('',#253,#255,#257,.T.);
#253 = VERTEX_POINT('',#254);
#254 = CARTESIAN_POINT('',(12.561562986976,-12.0631870952,1.994988983311
    ));
#255 = VERTEX_POINT('',#256);
#256 = CARTESIAN_POINT('',(12.561562986976,-12.06356216377,
    6.014930955054));
#257 = SURFACE_CURVE('',#258,(#262,#274),.PCURVE_S1.);
#258 = LINE('',#259,#260);
#259 = CARTESIAN_POINT('',(12.561562986976,-12.06318691035,
    1.993007682122));
#260 = VECTOR('',#261,1.);
#261 = DIRECTION('',(0.,-9.330198555981E-05,0.999999995647));
#262 = PCURVE('',#263,#268);
#263 = PLANE('',#264);
#264 = AXIS2_PLACEMENT_3D('',#265,#266,#267);
#265 = CARTESIAN_POINT('',(12.813562393188,-12.06356287002,
    4.004999935627));
#266 = DIRECTION('',(-7.469729880073E-04,-0.999999716663,
    -9.330195953001E-05));
#267 = DIRECTION('',(-3.970466940255E-23,9.330198555981E-05,
    -0.999999995647));
#268 = DEFINITIONAL_REPRESENTATION('',(#269),#273);
#269 = LINE('',#270,#271);
#270 = CARTESIAN_POINT('',(2.011992279826,-0.251999476516));
#271 = VECTOR('',#272,1.);
#272 = DIRECTION('',(-1.,0.));
#273 = ( GEOMETRIC_REPRESENTATION_CONTEXT(2) 
PARAMETRIC_REPRESENTATION_CONTEXT() REPRESENTATION_CONTEXT('2D SPACE',''
  ) );
#274 = PCURVE('',#275,#280);
#275 = CYLINDRICAL_SURFACE('',#276,0.501937501114);
#276 = AXIS2_PLACEMENT_3D('',#277,#278,#279);
#277 = CARTESIAN_POINT('',(12.561937920731,-11.56124955145,
    1.993054513874));
#278 = DIRECTION('',(0.,-9.330198555981E-05,0.999999995647));
#279 = DIRECTION('',(-1.,0.,0.));
#280 = DEFINITIONAL_REPRESENTATION('',(#281),#284);
#281 = B_SPLINE_CURVE_WITH_KNOTS('',1,(#282,#283),.UNSPECIFIED.,.F.,.F.,
  (2,2),(1.981301198504E-03,4.021923290438),.PIECEWISE_BEZIER_KNOTS.);
#282 = CARTESIAN_POINT('',(1.570049353737,1.981301198499E-03));
#283 = CARTESIAN_POINT('',(1.570049353737,4.021923290438));
#284 = ( GEOMETRIC_REPRESENTATION_CONTEXT(2) 
PARAMETRIC_REPRESENTATION_CONTEXT() REPRESENTATION_CONTEXT('2D SPACE',''
  ) );
#285 = ORIENTED_EDGE('',*,*,#286,.F.);
#286 = EDGE_CURVE('',#287,#253,#289,.T.);
#287 = VERTEX_POINT('',#288);
#288 = CARTESIAN_POINT('',(13.064999582448,-12.06375026702,
    1.994988930945));
#289 = SURFACE_CURVE('',#290,(#294,#301),.PCURVE_S1.);
#290 = LINE('',#291,#292);
#291 = CARTESIAN_POINT('',(5.719255705121,-12.05807607511,1.994989702701
    ));
#292 = VECTOR('',#293,1.);
#293 = DIRECTION('',(-0.999999721016,7.46972981449E-04,
    1.051383568122E-07));
#294 = PCURVE('',#263,#295);
#295 = DEFINITIONAL_REPRESENTATION('',(#296),#300);
#296 = LINE('',#297,#298);
#297 = CARTESIAN_POINT('',(2.010010736106,-7.094308667269));
#298 = VECTOR('',#299,1.);
#299 = DIRECTION('',(-3.544429402581E-08,-1.));
#300 = ( GEOMETRIC_REPRESENTATION_CONTEXT(2) 
PARAMETRIC_REPRESENTATION_CONTEXT() REPRESENTATION_CONTEXT('2D SPACE',''
  ) );
#301 = PCURVE('',#71,#302);
#302 = DEFINITIONAL_REPRESENTATION('',(#303),#307);
#303 = LINE('',#304,#305);
#304 = CARTESIAN_POINT('',(7.087030324398,-9.746334845182));
#305 = VECTOR('',#306,1.);
#306 = DIRECTION('',(-0.999999721016,7.469729814524E-04));
#307 = ( GEOMETRIC_REPRESENTATION_CONTEXT(2) 
PARAMETRIC_REPRESENTATION_CONTEXT() REPRESENTATION_CONTEXT('2D SPACE',''
  ) );
#308 = ORIENTED_EDGE('',*,*,#309,.F.);
#309 = EDGE_CURVE('',#310,#287,#312,.T.);
#310 = VERTEX_POINT('',#311);
#311 = CARTESIAN_POINT('',(13.0642499708,-12.06375026701,6.014905851432)
  );
#312 = SURFACE_CURVE('',#313,(#317,#324),.PCURVE_S1.);
#313 = LINE('',#314,#315);
#314 = CARTESIAN_POINT('',(13.064249992371,-12.06375026702,
    6.014999866486));
#315 = VECTOR('',#316,1.);
#316 = DIRECTION('',(1.864646829475E-04,0.,-0.999999982615));
#317 = PCURVE('',#263,#318);
#318 = DEFINITIONAL_REPRESENTATION('',(#319),#323);
#319 = LINE('',#320,#321);
#320 = CARTESIAN_POINT('',(-2.009999939594,0.25068752914));
#321 = VECTOR('',#322,1.);
#322 = DIRECTION('',(0.999999982602,1.86534325798E-04));
#323 = ( GEOMETRIC_REPRESENTATION_CONTEXT(2) 
PARAMETRIC_REPRESENTATION_CONTEXT() REPRESENTATION_CONTEXT('2D SPACE',''
  ) );
#324 = PCURVE('',#325,#330);
#325 = CONICAL_SURFACE('',#326,0.502402859882,2.401755946619E-04);
#326 = AXIS2_PLACEMENT_3D('',#327,#328,#329);
#327 = CARTESIAN_POINT('',(13.065015677257,-11.56133824925,
    6.015023023897));
#328 = DIRECTION('',(-2.225159934537E-04,2.129399631703E-04,
    -0.999999952572));
#329 = DIRECTION('',(0.706630044473,-0.707583129702,-3.079092265326E-04)
  );
#330 = DEFINITIONAL_REPRESENTATION('',(#331),#334);
#331 = B_SPLINE_CURVE_WITH_KNOTS('',1,(#332,#333),.UNSPECIFIED.,.F.,.F.,
  (2,2),(9.401504779308E-05,4.020011005427),.PIECEWISE_BEZIER_KNOTS.);
#332 = CARTESIAN_POINT('',(0.786248184862,1.036157081917E-05));
#333 = CARTESIAN_POINT('',(0.782978810988,4.019926898364));
#334 = ( GEOMETRIC_REPRESENTATION_CONTEXT(2) 
PARAMETRIC_REPRESENTATION_CONTEXT() REPRESENTATION_CONTEXT('2D SPACE',''
  ) );
#335 = ORIENTED_EDGE('',*,*,#336,.F.);
#336 = EDGE_CURVE('',#255,#310,#337,.T.);
#337 = SURFACE_CURVE('',#338,(#342,#349),.PCURVE_S1.);
#338 = LINE('',#339,#340);
#339 = CARTESIAN_POINT('',(12.809100809586,-12.06374706674,
    6.014918593179));
#340 = VECTOR('',#341,1.);
#341 = DIRECTION('',(0.999999719772,-7.469683308916E-04,
    -4.993932458662E-05));
#342 = PCURVE('',#263,#343);
#343 = DEFINITIONAL_REPRESENTATION('',(#344),#348);
#344 = LINE('',#345,#346);
#345 = CARTESIAN_POINT('',(-2.009918665989,-4.46158484711E-03));
#346 = VECTOR('',#347,1.);
#347 = DIRECTION('',(4.986963074083E-05,0.999999998757));
#348 = ( GEOMETRIC_REPRESENTATION_CONTEXT(2) 
PARAMETRIC_REPRESENTATION_CONTEXT() REPRESENTATION_CONTEXT('2D SPACE',''
  ) );
#349 = PCURVE('',#124,#350);
#350 = DEFINITIONAL_REPRESENTATION('',(#351),#355);
#351 = LINE('',#352,#353);
#352 = CARTESIAN_POINT('',(-4.446580523666E-03,-12.05994639113));
#353 = VECTOR('',#354,1.);
#354 = DIRECTION('',(0.999999721019,-7.469683308959E-04));
#355 = ( GEOMETRIC_REPRESENTATION_CONTEXT(2) 
PARAMETRIC_REPRESENTATION_CONTEXT() REPRESENTATION_CONTEXT('2D SPACE',''
  ) );
#356 = ADVANCED_FACE('',(#357),#371,.F.);
#357 = FACE_BOUND('',#358,.T.);
#358 = EDGE_LOOP('',(#359,#389,#416,#439));
#359 = ORIENTED_EDGE('',*,*,#360,.F.);
#360 = EDGE_CURVE('',#361,#363,#365,.T.);
#361 = VERTEX_POINT('',#362);
#362 = CARTESIAN_POINT('',(-12.06000041961,13.060500160015,6.01491911983
    ));
#363 = VERTEX_POINT('',#364);
#364 = CARTESIAN_POINT('',(-12.06000041961,12.558750152588,
    6.014973034186));
#365 = SURFACE_CURVE('',#366,(#370,#382),.PCURVE_S1.);
#366 = LINE('',#367,#368);
#367 = CARTESIAN_POINT('',(-12.06000041961,12.809996505175,
    6.014946037106));
#368 = VECTOR('',#369,1.);
#369 = DIRECTION('',(0.,-0.999999994227,1.074526246128E-04));
#370 = PCURVE('',#371,#376);
#371 = PLANE('',#372);
#372 = AXIS2_PLACEMENT_3D('',#373,#374,#375);
#373 = CARTESIAN_POINT('',(-12.06000041961,12.809812545776,
    4.004999935627));
#374 = DIRECTION('',(1.,0.,0.));
#375 = DIRECTION('',(0.,0.,-1.));
#376 = DEFINITIONAL_REPRESENTATION('',(#377),#381);
#377 = LINE('',#378,#379);
#378 = CARTESIAN_POINT('',(-2.009946101479,1.839593982993E-04));
#379 = VECTOR('',#380,1.);
#380 = DIRECTION('',(-1.074526246128E-04,-0.999999994227));
#381 = ( GEOMETRIC_REPRESENTATION_CONTEXT(2) 
PARAMETRIC_REPRESENTATION_CONTEXT() REPRESENTATION_CONTEXT('2D SPACE',''
  ) );
#382 = PCURVE('',#237,#383);
#383 = DEFINITIONAL_REPRESENTATION('',(#384),#388);
#384 = LINE('',#385,#386);
#385 = CARTESIAN_POINT('',(-1.507353576502,3.201588238619E-05));
#386 = VECTOR('',#387,1.);
#387 = DIRECTION('',(-8.595715379713E-10,-1.));
#388 = ( GEOMETRIC_REPRESENTATION_CONTEXT(2) 
PARAMETRIC_REPRESENTATION_CONTEXT() REPRESENTATION_CONTEXT('2D SPACE',''
  ) );
#389 = ORIENTED_EDGE('',*,*,#390,.F.);
#390 = EDGE_CURVE('',#391,#361,#393,.T.);
#391 = VERTEX_POINT('',#392);
#392 = CARTESIAN_POINT('',(-12.06000041961,13.061249748653,
    1.994915906001));
#393 = SURFACE_CURVE('',#394,(#398,#405),.PCURVE_S1.);
#394 = LINE('',#395,#396);
#395 = CARTESIAN_POINT('',(-12.06000041961,13.061249732971,
    1.995000004768));
#396 = VECTOR('',#397,1.);
#397 = DIRECTION('',(0.,-1.864646829475E-04,0.999999982615));
#398 = PCURVE('',#371,#399);
#399 = DEFINITIONAL_REPRESENTATION('',(#400),#404);
#400 = LINE('',#401,#402);
#401 = CARTESIAN_POINT('',(2.009999930859,0.251437187195));
#402 = VECTOR('',#403,1.);
#403 = DIRECTION('',(-0.999999982615,-1.864646829475E-04));
#404 = ( GEOMETRIC_REPRESENTATION_CONTEXT(2) 
PARAMETRIC_REPRESENTATION_CONTEXT() REPRESENTATION_CONTEXT('2D SPACE',''
  ) );
#405 = PCURVE('',#406,#411);
#406 = CONICAL_SURFACE('',#407,0.501465855071,2.531437281134E-04);
#407 = AXIS2_PLACEMENT_3D('',#408,#409,#410);
#408 = CARTESIAN_POINT('',(-11.55843316782,13.062128492402,
    1.994907462464));
#409 = DIRECTION('',(2.124560880518E-04,-2.138803247638E-04,
    0.999999954559));
#410 = DIRECTION('',(-0.999999977431,0.,2.124560929112E-04));
#411 = DEFINITIONAL_REPRESENTATION('',(#412),#415);
#412 = B_SPLINE_CURVE_WITH_KNOTS('',1,(#413,#414),.UNSPECIFIED.,.F.,.F.,
  (2,2),(-8.409876893232E-05,4.019919184946),.PIECEWISE_BEZIER_KNOTS.);
#413 = CARTESIAN_POINT('',(6.284937343081,-9.790366676574E-05));
#414 = CARTESIAN_POINT('',(6.284715005735,4.01990524636));
#415 = ( GEOMETRIC_REPRESENTATION_CONTEXT(2) 
PARAMETRIC_REPRESENTATION_CONTEXT() REPRESENTATION_CONTEXT('2D SPACE',''
  ) );
#416 = ORIENTED_EDGE('',*,*,#417,.F.);
#417 = EDGE_CURVE('',#418,#391,#420,.T.);
#418 = VERTEX_POINT('',#419);
#419 = CARTESIAN_POINT('',(-12.06000041961,12.558750152588,
    1.994917420462));
#420 = SURFACE_CURVE('',#421,(#425,#432),.PCURVE_S1.);
#421 = LINE('',#422,#423);
#422 = CARTESIAN_POINT('',(-12.06000041961,5.249032628852,1.994939450891
    ));
#423 = VECTOR('',#424,1.);
#424 = DIRECTION('',(0.,0.999999999995,-3.013855083847E-06));
#425 = PCURVE('',#371,#426);
#426 = DEFINITIONAL_REPRESENTATION('',(#427),#431);
#427 = LINE('',#428,#429);
#428 = CARTESIAN_POINT('',(2.010060484736,-7.560779916924));
#429 = VECTOR('',#430,1.);
#430 = DIRECTION('',(3.013855083847E-06,0.999999999995));
#431 = ( GEOMETRIC_REPRESENTATION_CONTEXT(2) 
PARAMETRIC_REPRESENTATION_CONTEXT() REPRESENTATION_CONTEXT('2D SPACE',''
  ) );
#432 = PCURVE('',#71,#433);
#433 = DEFINITIONAL_REPRESENTATION('',(#434),#438);
#434 = LINE('',#435,#436);
#435 = CARTESIAN_POINT('',(-10.69222580033,7.560773858862));
#436 = VECTOR('',#437,1.);
#437 = DIRECTION('',(3.23656857945E-13,1.));
#438 = ( GEOMETRIC_REPRESENTATION_CONTEXT(2) 
PARAMETRIC_REPRESENTATION_CONTEXT() REPRESENTATION_CONTEXT('2D SPACE',''
  ) );
#439 = ORIENTED_EDGE('',*,*,#440,.F.);
#440 = EDGE_CURVE('',#363,#418,#441,.T.);
#441 = SURFACE_CURVE('',#442,(#446,#453),.PCURVE_S1.);
#442 = LINE('',#443,#444);
#443 = CARTESIAN_POINT('',(-12.06000041961,12.558750152588,
    1.992813297616));
#444 = VECTOR('',#445,1.);
#445 = DIRECTION('',(0.,0.,-1.));
#446 = PCURVE('',#371,#447);
#447 = DEFINITIONAL_REPRESENTATION('',(#448),#452);
#448 = LINE('',#449,#450);
#449 = CARTESIAN_POINT('',(2.012186638011,-0.251062393189));
#450 = VECTOR('',#451,1.);
#451 = DIRECTION('',(1.,0.));
#452 = ( GEOMETRIC_REPRESENTATION_CONTEXT(2) 
PARAMETRIC_REPRESENTATION_CONTEXT() REPRESENTATION_CONTEXT('2D SPACE',''
  ) );
#453 = PCURVE('',#454,#459);
#454 = CYLINDRICAL_SURFACE('',#455,0.502500534058);
#455 = AXIS2_PLACEMENT_3D('',#456,#457,#458);
#456 = CARTESIAN_POINT('',(-11.55749988555,12.558750152588,
    1.992813297616));
#457 = DIRECTION('',(0.,0.,1.));
#458 = DIRECTION('',(0.,-1.,0.));
#459 = DEFINITIONAL_REPRESENTATION('',(#460),#463);
#460 = B_SPLINE_CURVE_WITH_KNOTS('',1,(#461,#462),.UNSPECIFIED.,.F.,.F.,
  (2,2),(-4.02215973657,-2.10412284584E-03),.PIECEWISE_BEZIER_KNOTS.);
#461 = CARTESIAN_POINT('',(4.712388980385,4.02215973657));
#462 = CARTESIAN_POINT('',(4.712388980385,2.10412284584E-03));
#463 = ( GEOMETRIC_REPRESENTATION_CONTEXT(2) 
PARAMETRIC_REPRESENTATION_CONTEXT() REPRESENTATION_CONTEXT('2D SPACE',''
  ) );
#464 = ADVANCED_FACE('',(#465),#479,.T.);
#465 = FACE_BOUND('',#466,.T.);
#466 = EDGE_LOOP('',(#467,#501,#524,#551));
#467 = ORIENTED_EDGE('',*,*,#468,.F.);
#468 = EDGE_CURVE('',#469,#471,#473,.T.);
#469 = VERTEX_POINT('',#470);
#470 = CARTESIAN_POINT('',(5.024250029189,-13.06875038147,1.994992882575
    ));
#471 = VERTEX_POINT('',#472);
#472 = CARTESIAN_POINT('',(5.025000083655,-13.06875038147,6.014937093808
    ));
#473 = SURFACE_CURVE('',#474,(#478,#490),.PCURVE_S1.);
#474 = LINE('',#475,#476);
#475 = CARTESIAN_POINT('',(5.024250030518,-13.06875038147,1.995000004768
    ));
#476 = VECTOR('',#477,1.);
#477 = DIRECTION('',(1.865832991539E-04,0.,0.999999982593));
#478 = PCURVE('',#479,#484);
#479 = PLANE('',#480);
#480 = AXIS2_PLACEMENT_3D('',#481,#482,#483);
#481 = CARTESIAN_POINT('',(5.024812579155,-12.81750011444,4.004999935627
    ));
#482 = DIRECTION('',(0.999999717142,-7.463325953409E-04,
    -9.329162562451E-05));
#483 = DIRECTION('',(-9.329165160682E-05,-3.970466940255E-23,
    -0.999999995648));
#484 = DEFINITIONAL_REPRESENTATION('',(#485),#489);
#485 = LINE('',#486,#487);
#486 = CARTESIAN_POINT('',(2.009999974593,-0.251250476953));
#487 = VECTOR('',#488,1.);
#488 = DIRECTION('',(-1.,6.962659834641E-08));
#489 = ( GEOMETRIC_REPRESENTATION_CONTEXT(2) 
PARAMETRIC_REPRESENTATION_CONTEXT() REPRESENTATION_CONTEXT('2D SPACE',''
  ) );
#490 = PCURVE('',#491,#496);
#491 = CONICAL_SURFACE('',#492,0.502765684303,7.495450161742E-05);
#492 = AXIS2_PLACEMENT_3D('',#493,#494,#495);
#493 = CARTESIAN_POINT('',(4.522011285632,-13.06864967921,1.995000063059
    ));
#494 = DIRECTION('',(-1.367878713807E-06,7.575328603288E-05,
    0.99999999713));
#495 = DIRECTION('',(0.999999999999,-2.584939414228E-25,
    1.367878717732E-06));
#496 = DEFINITIONAL_REPRESENTATION('',(#497),#500);
#497 = B_SPLINE_CURVE_WITH_KNOTS('',1,(#498,#499),.UNSPECIFIED.,.F.,.F.,
  (2,2),(-7.122193313978E-06,4.019937159014),.PIECEWISE_BEZIER_KNOTS.);
#498 = CARTESIAN_POINT('',(6.282984801617,-7.914610213549E-06));
#499 = CARTESIAN_POINT('',(6.282379680631,4.019936318118));
#500 = ( GEOMETRIC_REPRESENTATION_CONTEXT(2) 
PARAMETRIC_REPRESENTATION_CONTEXT() REPRESENTATION_CONTEXT('2D SPACE',''
  ) );
#501 = ORIENTED_EDGE('',*,*,#502,.F.);
#502 = EDGE_CURVE('',#503,#469,#505,.T.);
#503 = VERTEX_POINT('',#504);
#504 = CARTESIAN_POINT('',(5.024812178484,-12.5667857518,1.994991310454)
  );
#505 = SURFACE_CURVE('',#506,(#510,#517),.PCURVE_S1.);
#506 = LINE('',#507,#508);
#507 = CARTESIAN_POINT('',(5.028543672266,-7.567011983735,1.99497624146)
  );
#508 = VECTOR('',#509,1.);
#509 = DIRECTION('',(-7.463323174105E-04,-0.999999721489,
    3.01393439284E-06));
#510 = PCURVE('',#479,#511);
#511 = DEFINITIONAL_REPRESENTATION('',(#512),#516);
#512 = LINE('',#513,#514);
#513 = CARTESIAN_POINT('',(2.010023337341,5.250489592999));
#514 = VECTOR('',#515,1.);
#515 = DIRECTION('',(-2.944307805186E-06,-0.999999999996));
#516 = ( GEOMETRIC_REPRESENTATION_CONTEXT(2) 
PARAMETRIC_REPRESENTATION_CONTEXT() REPRESENTATION_CONTEXT('2D SPACE',''
  ) );
#517 = PCURVE('',#71,#518);
#518 = DEFINITIONAL_REPRESENTATION('',(#519),#523);
#519 = LINE('',#520,#521);
#520 = CARTESIAN_POINT('',(6.396318291544,-5.255270753784));
#521 = VECTOR('',#522,1.);
#522 = DIRECTION('',(-7.463323177342E-04,-0.999999721494));
#523 = ( GEOMETRIC_REPRESENTATION_CONTEXT(2) 
PARAMETRIC_REPRESENTATION_CONTEXT() REPRESENTATION_CONTEXT('2D SPACE',''
  ) );
#524 = ORIENTED_EDGE('',*,*,#525,.F.);
#525 = EDGE_CURVE('',#526,#503,#528,.T.);
#526 = VERTEX_POINT('',#527);
#527 = CARTESIAN_POINT('',(5.025187161585,-12.56684271108,6.014918104414
    ));
#528 = SURFACE_CURVE('',#529,(#533,#540),.PCURVE_S1.);
#529 = LINE('',#530,#531);
#530 = CARTESIAN_POINT('',(5.025187391025,-12.56684274593,6.017377770686
    ));
#531 = VECTOR('',#532,1.);
#532 = DIRECTION('',(-9.328107663538E-05,1.416923129571E-05,
    -0.999999995549));
#533 = PCURVE('',#479,#534);
#534 = DEFINITIONAL_REPRESENTATION('',(#535),#539);
#535 = LINE('',#536,#537);
#536 = CARTESIAN_POINT('',(-2.012377861268,0.250657438318));
#537 = VECTOR('',#538,1.);
#538 = DIRECTION('',(0.9999999999,1.416923524193E-05));
#539 = ( GEOMETRIC_REPRESENTATION_CONTEXT(2) 
PARAMETRIC_REPRESENTATION_CONTEXT() REPRESENTATION_CONTEXT('2D SPACE',''
  ) );
#540 = PCURVE('',#541,#546);
#541 = CYLINDRICAL_SURFACE('',#542,0.502688355465);
#542 = AXIS2_PLACEMENT_3D('',#543,#544,#545);
#543 = CARTESIAN_POINT('',(4.522499177749,-12.56646757322,6.0174246673)
  );
#544 = DIRECTION('',(-9.328107663538E-05,1.416923129571E-05,
    -0.999999995549));
#545 = DIRECTION('',(2.162746673156E-06,0.999999999897,
    1.416902961399E-05));
#546 = DEFINITIONAL_REPRESENTATION('',(#547),#550);
#547 = B_SPLINE_CURVE_WITH_KNOTS('',1,(#548,#549),.UNSPECIFIED.,.F.,.F.,
  (2,2),(2.459666282568E-03,4.022386478136),.PIECEWISE_BEZIER_KNOTS.);
#548 = CARTESIAN_POINT('',(1.571540498035,2.459666282574E-03));
#549 = CARTESIAN_POINT('',(1.571540498035,4.022386478136));
#550 = ( GEOMETRIC_REPRESENTATION_CONTEXT(2) 
PARAMETRIC_REPRESENTATION_CONTEXT() REPRESENTATION_CONTEXT('2D SPACE',''
  ) );
#551 = ORIENTED_EDGE('',*,*,#552,.F.);
#552 = EDGE_CURVE('',#471,#526,#553,.T.);
#553 = SURFACE_CURVE('',#554,(#558,#565),.PCURVE_S1.);
#554 = LINE('',#555,#556);
#555 = CARTESIAN_POINT('',(5.024998694819,-12.81936766469,6.014927663231
    ));
#556 = VECTOR('',#557,1.);
#557 = DIRECTION('',(7.463290666918E-04,0.99999972078,
    -3.785294858042E-05));
#558 = PCURVE('',#479,#559);
#559 = DEFINITIONAL_REPRESENTATION('',(#560),#564);
#560 = LINE('',#561,#562);
#561 = CARTESIAN_POINT('',(-2.00992773622,-1.867550769724E-03));
#562 = VECTOR('',#563,1.);
#563 = DIRECTION('',(3.778332214442E-05,0.999999999286));
#564 = ( GEOMETRIC_REPRESENTATION_CONTEXT(2) 
PARAMETRIC_REPRESENTATION_CONTEXT() REPRESENTATION_CONTEXT('2D SPACE',''
  ) );
#565 = PCURVE('',#566,#571);
#566 = PLANE('',#567);
#567 = AXIS2_PLACEMENT_3D('',#568,#569,#570);
#568 = CARTESIAN_POINT('',(-1.571081780099E-04,-12.81756073719,
    6.014918778394));
#569 = DIRECTION('',(-1.754460486334E-06,3.785426852777E-05,
    0.999999999282));
#570 = DIRECTION('',(0.999999999998,1.421716677826E-25,
    1.754460487591E-06));
#571 = DEFINITIONAL_REPRESENTATION('',(#572),#576);
#572 = LINE('',#573,#574);
#573 = CARTESIAN_POINT('',(5.025155803005,-1.806927494296E-03));
#574 = VECTOR('',#575,1.);
#575 = DIRECTION('',(7.463290002792E-04,0.999999721496));
#576 = ( GEOMETRIC_REPRESENTATION_CONTEXT(2) 
PARAMETRIC_REPRESENTATION_CONTEXT() REPRESENTATION_CONTEXT('2D SPACE',''
  ) );
#577 = ADVANCED_FACE('',(#578),#592,.F.);
#578 = FACE_BOUND('',#579,.T.);
#579 = EDGE_LOOP('',(#580,#614,#637,#664));
#580 = ORIENTED_EDGE('',*,*,#581,.F.);
#581 = EDGE_CURVE('',#582,#584,#586,.T.);
#582 = VERTEX_POINT('',#583);
#583 = CARTESIAN_POINT('',(-5.024812122373,-12.56563890696,
    1.994992386223));
#584 = VERTEX_POINT('',#585);
#585 = CARTESIAN_POINT('',(-5.025187188745,-12.56569586434,
    6.014900428016));
#586 = SURFACE_CURVE('',#587,(#591,#603),.PCURVE_S1.);
#587 = LINE('',#588,#589);
#588 = CARTESIAN_POINT('',(-5.024811897946,-12.56563887287,
    1.992587011129));
#589 = VECTOR('',#590,1.);
#590 = DIRECTION('',(-9.330222625835E-05,-1.416882776327E-05,
    0.999999995547));
#591 = PCURVE('',#592,#597);
#592 = PLANE('',#593);
#593 = AXIS2_PLACEMENT_3D('',#594,#595,#596);
#594 = CARTESIAN_POINT('',(-5.02518761158,-12.81750011444,4.004999935627
    ));
#595 = DIRECTION('',(0.999999717142,-7.463325953409E-04,
    9.329162562451E-05));
#596 = DIRECTION('',(9.329165160682E-05,3.970466940255E-23,
    -0.999999995648));
#597 = DEFINITIONAL_REPRESENTATION('',(#598),#602);
#598 = LINE('',#599,#600);
#599 = CARTESIAN_POINT('',(2.012412950791,0.251861311706));
#600 = VECTOR('',#601,1.);
#601 = DIRECTION('',(-0.9999999999,-1.416883170938E-05));
#602 = ( GEOMETRIC_REPRESENTATION_CONTEXT(2) 
PARAMETRIC_REPRESENTATION_CONTEXT() REPRESENTATION_CONTEXT('2D SPACE',''
  ) );
#603 = PCURVE('',#604,#609);
#604 = CYLINDRICAL_SURFACE('',#605,0.502311135715);
#605 = AXIS2_PLACEMENT_3D('',#606,#607,#608);
#606 = CARTESIAN_POINT('',(-4.522500904314,-12.56601376405,
    1.992633872552));
#607 = DIRECTION('',(9.330222625835E-05,1.416882776327E-05,
    -0.999999995547));
#608 = DIRECTION('',(2.162746672761E-06,0.999999999897,
    1.416902961399E-05));
#609 = DEFINITIONAL_REPRESENTATION('',(#610),#613);
#610 = B_SPLINE_CURVE_WITH_KNOTS('',1,(#611,#612),.UNSPECIFIED.,.F.,.F.,
  (2,2),(2.405375104561E-03,4.022313434799),.PIECEWISE_BEZIER_KNOTS.);
#611 = CARTESIAN_POINT('',(4.713133148981,-2.405375104561E-03));
#612 = CARTESIAN_POINT('',(4.713133148981,-4.022313434799));
#613 = ( GEOMETRIC_REPRESENTATION_CONTEXT(2) 
PARAMETRIC_REPRESENTATION_CONTEXT() REPRESENTATION_CONTEXT('2D SPACE',''
  ) );
#614 = ORIENTED_EDGE('',*,*,#615,.F.);
#615 = EDGE_CURVE('',#616,#582,#618,.T.);
#616 = VERTEX_POINT('',#617);
#617 = CARTESIAN_POINT('',(-5.025187611009,-13.06875024152,
    1.994993902568));
#618 = SURFACE_CURVE('',#619,(#623,#630),.PCURVE_S1.);
#619 = LINE('',#620,#621);
#620 = CARTESIAN_POINT('',(-5.021078682929,-7.563261943686,
    1.994977309383));
#621 = VECTOR('',#622,1.);
#622 = DIRECTION('',(7.4633287976E-04,0.999999721489,-3.013934392899E-06
    ));
#623 = PCURVE('',#592,#624);
#624 = DEFINITIONAL_REPRESENTATION('',(#625),#629);
#625 = LINE('',#626,#627);
#626 = CARTESIAN_POINT('',(2.010023000826,5.254239634093));
#627 = VECTOR('',#628,1.);
#628 = DIRECTION('',(3.083561006785E-06,0.999999999995));
#629 = ( GEOMETRIC_REPRESENTATION_CONTEXT(2) 
PARAMETRIC_REPRESENTATION_CONTEXT() REPRESENTATION_CONTEXT('2D SPACE',''
  ) );
#630 = PCURVE('',#71,#631);
#631 = DEFINITIONAL_REPRESENTATION('',(#632),#636);
#632 = LINE('',#633,#634);
#633 = CARTESIAN_POINT('',(-3.65330406365,-5.251520713735));
#634 = VECTOR('',#635,1.);
#635 = DIRECTION('',(7.463328800837E-04,0.999999721494));
#636 = ( GEOMETRIC_REPRESENTATION_CONTEXT(2) 
PARAMETRIC_REPRESENTATION_CONTEXT() REPRESENTATION_CONTEXT('2D SPACE',''
  ) );
#637 = ORIENTED_EDGE('',*,*,#638,.F.);
#638 = EDGE_CURVE('',#639,#616,#641,.T.);
#639 = VERTEX_POINT('',#640);
#640 = CARTESIAN_POINT('',(-5.025562636715,-13.06875052141,
    6.014919470124));
#641 = SURFACE_CURVE('',#642,(#646,#653),.PCURVE_S1.);
#642 = LINE('',#643,#644);
#643 = CARTESIAN_POINT('',(-5.025187409267,-13.06875024136,
    1.992831413439));
#644 = VECTOR('',#645,1.);
#645 = DIRECTION('',(9.329170357142E-05,6.962657895497E-08,
    -0.999999995648));
#646 = PCURVE('',#592,#647);
#647 = DEFINITIONAL_REPRESENTATION('',(#648),#652);
#648 = LINE('',#649,#650);
#649 = CARTESIAN_POINT('',(2.01216851345,-0.251250196903));
#650 = VECTOR('',#651,1.);
#651 = DIRECTION('',(1.,6.962659834641E-08));
#652 = ( GEOMETRIC_REPRESENTATION_CONTEXT(2) 
PARAMETRIC_REPRESENTATION_CONTEXT() REPRESENTATION_CONTEXT('2D SPACE',''
  ) );
#653 = PCURVE('',#654,#659);
#654 = CYLINDRICAL_SURFACE('',#655,0.502125282857);
#655 = AXIS2_PLACEMENT_3D('',#656,#657,#658);
#656 = CARTESIAN_POINT('',(-4.52306226844,-13.06912499383,1.992878257523
    ));
#657 = DIRECTION('',(-9.329170357142E-05,-6.962657895497E-08,
    0.999999995648));
#658 = DIRECTION('',(-0.999999717142,7.463325953412E-04,
    -9.329162562451E-05));
#659 = DEFINITIONAL_REPRESENTATION('',(#660),#663);
#660 = B_SPLINE_CURVE_WITH_KNOTS('',1,(#661,#662),.UNSPECIFIED.,.F.,.F.,
  (2,2),(-4.022088074187,-2.162489138201E-03),.PIECEWISE_BEZIER_KNOTS.);
#661 = CARTESIAN_POINT('',(0.,4.022088074187));
#662 = CARTESIAN_POINT('',(0.,2.162489138197E-03));
#663 = ( GEOMETRIC_REPRESENTATION_CONTEXT(2) 
PARAMETRIC_REPRESENTATION_CONTEXT() REPRESENTATION_CONTEXT('2D SPACE',''
  ) );
#664 = ORIENTED_EDGE('',*,*,#665,.F.);
#665 = EDGE_CURVE('',#584,#639,#666,.T.);
#666 = SURFACE_CURVE('',#667,(#671,#678),.PCURVE_S1.);
#667 = LINE('',#668,#669);
#668 = CARTESIAN_POINT('',(-5.025373714018,-12.81561706514,
    6.014909888273));
#669 = VECTOR('',#670,1.);
#670 = DIRECTION('',(-7.463361294161E-04,-0.999999720775,
    3.785294856783E-05));
#671 = PCURVE('',#592,#672);
#672 = DEFINITIONAL_REPRESENTATION('',(#673),#677);
#673 = LINE('',#674,#675);
#674 = CARTESIAN_POINT('',(-2.009909961262,1.883049824242E-03));
#675 = VECTOR('',#676,1.);
#676 = DIRECTION('',(-3.792257533327E-05,-0.999999999281));
#677 = ( GEOMETRIC_REPRESENTATION_CONTEXT(2) 
PARAMETRIC_REPRESENTATION_CONTEXT() REPRESENTATION_CONTEXT('2D SPACE',''
  ) );
#678 = PCURVE('',#566,#679);
#679 = DEFINITIONAL_REPRESENTATION('',(#680),#684);
#680 = LINE('',#681,#682);
#681 = CARTESIAN_POINT('',(-5.025216605848,1.943672057791E-03));
#682 = VECTOR('',#683,1.);
#683 = DIRECTION('',(-7.463360630035E-04,-0.999999721491));
#684 = ( GEOMETRIC_REPRESENTATION_CONTEXT(2) 
PARAMETRIC_REPRESENTATION_CONTEXT() REPRESENTATION_CONTEXT('2D SPACE',''
  ) );
#685 = ADVANCED_FACE('',(#686),#700,.F.);
#686 = FACE_BOUND('',#687,.T.);
#687 = EDGE_LOOP('',(#688,#722,#745,#772));
#688 = ORIENTED_EDGE('',*,*,#689,.F.);
#689 = EDGE_CURVE('',#690,#692,#694,.T.);
#690 = VERTEX_POINT('',#691);
#691 = CARTESIAN_POINT('',(-12.56295093436,12.05624961853,1.994918988937
    ));
#692 = VERTEX_POINT('',#693);
#693 = CARTESIAN_POINT('',(-12.56269831184,12.05624961853,6.01500565413)
  );
#694 = SURFACE_CURVE('',#695,(#699,#711),.PCURVE_S1.);
#695 = LINE('',#696,#697);
#696 = CARTESIAN_POINT('',(-12.56269817969,12.05624961853,6.017108523191
    ));
#697 = VECTOR('',#698,1.);
#698 = DIRECTION('',(6.28400683441E-05,0.,0.999999998026));
#699 = PCURVE('',#700,#705);
#700 = PLANE('',#701);
#701 = AXIS2_PLACEMENT_3D('',#702,#703,#704);
#702 = CARTESIAN_POINT('',(-12.81393718719,12.05624961853,4.004999935627
    ));
#703 = DIRECTION('',(0.,-1.,0.));
#704 = DIRECTION('',(0.,0.,-1.));
#705 = DEFINITIONAL_REPRESENTATION('',(#706),#710);
#706 = LINE('',#707,#708);
#707 = CARTESIAN_POINT('',(-2.012108587564,0.251239007499));
#708 = VECTOR('',#709,1.);
#709 = DIRECTION('',(-0.999999998026,6.28400683441E-05));
#710 = ( GEOMETRIC_REPRESENTATION_CONTEXT(2) 
PARAMETRIC_REPRESENTATION_CONTEXT() REPRESENTATION_CONTEXT('2D SPACE',''
  ) );
#711 = PCURVE('',#712,#717);
#712 = CYLINDRICAL_SURFACE('',#713,0.50250783864);
#713 = AXIS2_PLACEMENT_3D('',#714,#715,#716);
#714 = CARTESIAN_POINT('',(-12.56269817969,11.55374177989,6.017108523191
    ));
#715 = DIRECTION('',(6.28400683441E-05,0.,0.999999998026));
#716 = DIRECTION('',(0.99999999789,1.644412945789E-05,-6.28400683356E-05
    ));
#717 = DEFINITIONAL_REPRESENTATION('',(#718),#721);
#718 = B_SPLINE_CURVE_WITH_KNOTS('',1,(#719,#720),.UNSPECIFIED.,.F.,.F.,
  (2,2),(-4.022189542195,-2.102869064932E-03),.PIECEWISE_BEZIER_KNOTS.);
#719 = CARTESIAN_POINT('',(1.570779882665,-4.022189542195));
#720 = CARTESIAN_POINT('',(1.570779882665,-2.102869064932E-03));
#721 = ( GEOMETRIC_REPRESENTATION_CONTEXT(2) 
PARAMETRIC_REPRESENTATION_CONTEXT() REPRESENTATION_CONTEXT('2D SPACE',''
  ) );
#722 = ORIENTED_EDGE('',*,*,#723,.F.);
#723 = EDGE_CURVE('',#724,#690,#726,.T.);
#724 = VERTEX_POINT('',#725);
#725 = CARTESIAN_POINT('',(-13.06574918349,12.05624961853,1.994919042933
    ));
#726 = SURFACE_CURVE('',#727,(#731,#738),.PCURVE_S1.);
#727 = LINE('',#728,#729);
#728 = CARTESIAN_POINT('',(-7.090856011171,12.05624961853,1.994918401291
    ));
#729 = VECTOR('',#730,1.);
#730 = DIRECTION('',(1.,0.,-1.073896550898E-07));
#731 = PCURVE('',#700,#732);
#732 = DEFINITIONAL_REPRESENTATION('',(#733),#737);
#733 = LINE('',#734,#735);
#734 = CARTESIAN_POINT('',(2.010081534336,5.723081176024));
#735 = VECTOR('',#736,1.);
#736 = DIRECTION('',(1.073896550898E-07,1.));
#737 = ( GEOMETRIC_REPRESENTATION_CONTEXT(2) 
PARAMETRIC_REPRESENTATION_CONTEXT() REPRESENTATION_CONTEXT('2D SPACE',''
  ) );
#738 = PCURVE('',#71,#739);
#739 = DEFINITIONAL_REPRESENTATION('',(#740),#744);
#740 = LINE('',#741,#742);
#741 = CARTESIAN_POINT('',(-5.723081391886,14.367990848571));
#742 = VECTOR('',#743,1.);
#743 = DIRECTION('',(1.,0.));
#744 = ( GEOMETRIC_REPRESENTATION_CONTEXT(2) 
PARAMETRIC_REPRESENTATION_CONTEXT() REPRESENTATION_CONTEXT('2D SPACE',''
  ) );
#745 = ORIENTED_EDGE('',*,*,#746,.F.);
#746 = EDGE_CURVE('',#747,#724,#749,.T.);
#747 = VERTEX_POINT('',#748);
#748 = CARTESIAN_POINT('',(-13.0649995813,12.05624961853,6.014994942893)
  );
#749 = SURFACE_CURVE('',#750,(#754,#761),.PCURVE_S1.);
#750 = LINE('',#751,#752);
#751 = CARTESIAN_POINT('',(-13.06499958038,12.05624961853,6.014999866486
    ));
#752 = VECTOR('',#753,1.);
#753 = DIRECTION('',(-1.864646829475E-04,0.,-0.999999982615));
#754 = PCURVE('',#700,#755);
#755 = DEFINITIONAL_REPRESENTATION('',(#756),#760);
#756 = LINE('',#757,#758);
#757 = CARTESIAN_POINT('',(-2.009999930859,-0.251062393189));
#758 = VECTOR('',#759,1.);
#759 = DIRECTION('',(0.999999982615,-1.864646829475E-04));
#760 = ( GEOMETRIC_REPRESENTATION_CONTEXT(2) 
PARAMETRIC_REPRESENTATION_CONTEXT() REPRESENTATION_CONTEXT('2D SPACE',''
  ) );
#761 = PCURVE('',#762,#767);
#762 = CONICAL_SURFACE('',#763,0.502510965016,3.898092213273E-05);
#763 = AXIS2_PLACEMENT_3D('',#764,#765,#766);
#764 = CARTESIAN_POINT('',(-13.06513370374,11.553691161883,
    6.019183071801));
#765 = DIRECTION('',(-4.319237668677E-06,-2.507168541042E-05,
    -0.999999999676));
#766 = DIRECTION('',(0.999999999991,-1.292469707114E-25,
    -4.319237670035E-06));
#767 = DEFINITIONAL_REPRESENTATION('',(#768),#771);
#768 = B_SPLINE_CURVE_WITH_KNOTS('',1,(#769,#770),.UNSPECIFIED.,.F.,.F.,
  (2,2),(4.923593135309E-06,4.02008089344),.PIECEWISE_BEZIER_KNOTS.);
#769 = CARTESIAN_POINT('',(4.712655895607,4.1755301899E-03));
#770 = CARTESIAN_POINT('',(4.711199113509,4.02425142992));
#771 = ( GEOMETRIC_REPRESENTATION_CONTEXT(2) 
PARAMETRIC_REPRESENTATION_CONTEXT() REPRESENTATION_CONTEXT('2D SPACE',''
  ) );
#772 = ORIENTED_EDGE('',*,*,#773,.F.);
#773 = EDGE_CURVE('',#692,#747,#774,.T.);
#774 = SURFACE_CURVE('',#775,(#779,#786),.PCURVE_S1.);
#775 = LINE('',#776,#777);
#776 = CARTESIAN_POINT('',(-12.811965855,12.05624961853,6.015000338686)
  );
#777 = VECTOR('',#778,1.);
#778 = DIRECTION('',(-0.999999999773,0.,-2.132425343504E-05));
#779 = PCURVE('',#700,#780);
#780 = DEFINITIONAL_REPRESENTATION('',(#781),#785);
#781 = LINE('',#782,#783);
#782 = CARTESIAN_POINT('',(-2.010000403059,1.971332190099E-03));
#783 = VECTOR('',#784,1.);
#784 = DIRECTION('',(2.132425343504E-05,-0.999999999773));
#785 = ( GEOMETRIC_REPRESENTATION_CONTEXT(2) 
PARAMETRIC_REPRESENTATION_CONTEXT() REPRESENTATION_CONTEXT('2D SPACE',''
  ) );
#786 = PCURVE('',#787,#792);
#787 = PLANE('',#788);
#788 = AXIS2_PLACEMENT_3D('',#789,#790,#791);
#789 = CARTESIAN_POINT('',(-12.80995166061,7.594931685685E-02,
    6.014979730516));
#790 = DIRECTION('',(-2.132425343501E-05,-1.723756488934E-06,
    0.999999999771));
#791 = DIRECTION('',(0.999999999773,5.816113682013E-26,
    2.132425343504E-05));
#792 = DEFINITIONAL_REPRESENTATION('',(#793),#797);
#793 = LINE('',#794,#795);
#794 = CARTESIAN_POINT('',(-2.014193947688E-03,11.980300301691));
#795 = VECTOR('',#796,1.);
#796 = DIRECTION('',(-1.,6.462348535571E-27));
#797 = ( GEOMETRIC_REPRESENTATION_CONTEXT(2) 
PARAMETRIC_REPRESENTATION_CONTEXT() REPRESENTATION_CONTEXT('2D SPACE',''
  ) );
#798 = ADVANCED_FACE('',(#799),#813,.F.);
#799 = FACE_BOUND('',#800,.T.);
#800 = EDGE_LOOP('',(#801,#831,#858,#881));
#801 = ORIENTED_EDGE('',*,*,#802,.F.);
#802 = EDGE_CURVE('',#803,#805,#807,.T.);
#803 = VERTEX_POINT('',#804);
#804 = CARTESIAN_POINT('',(-13.06499958906,-12.0630006877,6.014953296031
    ));
#805 = VERTEX_POINT('',#806);
#806 = CARTESIAN_POINT('',(-12.56248920624,-12.06356260217,
    6.014964081906));
#807 = SURFACE_CURVE('',#808,(#812,#824),.PCURVE_S1.);
#808 = LINE('',#809,#810);
#809 = CARTESIAN_POINT('',(-12.81648613822,-12.06337343897,
    6.014958665937));
#810 = VECTOR('',#811,1.);
#811 = DIRECTION('',(0.999999722449,-7.447457776071E-04,
    2.132296376096E-05));
#812 = PCURVE('',#813,#818);
#813 = PLANE('',#814);
#814 = AXIS2_PLACEMENT_3D('',#815,#816,#817);
#815 = CARTESIAN_POINT('',(-12.81393718719,-12.06356287002,
    4.004999935627));
#816 = DIRECTION('',(7.447477640042E-04,0.999999718323,
    -9.330175222438E-05));
#817 = DIRECTION('',(-6.617444900424E-23,9.330177809926E-05,
    0.999999995647));
#818 = DEFINITIONAL_REPRESENTATION('',(#819),#823);
#819 = LINE('',#820,#821);
#820 = CARTESIAN_POINT('',(2.009958739236,-2.548951736289E-03));
#821 = VECTOR('',#822,1.);
#822 = DIRECTION('',(2.125347756287E-05,0.999999999774));
#823 = ( GEOMETRIC_REPRESENTATION_CONTEXT(2) 
PARAMETRIC_REPRESENTATION_CONTEXT() REPRESENTATION_CONTEXT('2D SPACE',''
  ) );
#824 = PCURVE('',#787,#825);
#825 = DEFINITIONAL_REPRESENTATION('',(#826),#830);
#826 = LINE('',#827,#828);
#827 = CARTESIAN_POINT('',(-6.534478054802E-03,-12.13932275585));
#828 = VECTOR('',#829,1.);
#829 = DIRECTION('',(0.999999722677,-7.447457776082E-04));
#830 = ( GEOMETRIC_REPRESENTATION_CONTEXT(2) 
PARAMETRIC_REPRESENTATION_CONTEXT() REPRESENTATION_CONTEXT('2D SPACE',''
  ) );
#831 = ORIENTED_EDGE('',*,*,#832,.F.);
#832 = EDGE_CURVE('',#833,#803,#835,.T.);
#833 = VERTEX_POINT('',#834);
#834 = CARTESIAN_POINT('',(-13.06574916993,-12.06375026856,
    1.994991761436));
#835 = SURFACE_CURVE('',#836,(#840,#847),.PCURVE_S1.);
#836 = LINE('',#837,#838);
#837 = CARTESIAN_POINT('',(-13.06574916839,-12.06375026702,
    1.995000004768));
#838 = VECTOR('',#839,1.);
#839 = DIRECTION('',(1.864646797059E-04,1.864646797059E-04,
    0.999999965231));
#840 = PCURVE('',#813,#841);
#841 = DEFINITIONAL_REPRESENTATION('',(#842),#846);
#842 = LINE('',#843,#844);
#843 = CARTESIAN_POINT('',(-2.009999939594,-0.251811911471));
#844 = VECTOR('',#845,1.);
#845 = DIRECTION('',(0.999999982628,1.863952459415E-04));
#846 = ( GEOMETRIC_REPRESENTATION_CONTEXT(2) 
PARAMETRIC_REPRESENTATION_CONTEXT() REPRESENTATION_CONTEXT('2D SPACE',''
  ) );
#847 = PCURVE('',#848,#853);
#848 = CONICAL_SURFACE('',#849,0.501483158504,1.24975252116E-04);
#849 = AXIS2_PLACEMENT_3D('',#850,#851,#852);
#850 = CARTESIAN_POINT('',(-13.06632449444,-11.56205701546,
    1.992869695895));
#851 = DIRECTION('',(2.188213167056E-04,1.101974537957E-04,
    0.999999969987));
#852 = DIRECTION('',(-0.707271004778,-0.706942481158,2.326692409199E-04)
  );
#853 = DEFINITIONAL_REPRESENTATION('',(#854),#857);
#854 = B_SPLINE_CURVE_WITH_KNOTS('',1,(#855,#856),.UNSPECIFIED.,.F.,.F.,
  (2,2),(-8.243332816617E-06,4.019953431033),.PIECEWISE_BEZIER_KNOTS.);
#855 = CARTESIAN_POINT('',(7.069961631714,2.066932346048E-03));
#856 = CARTESIAN_POINT('',(7.069702907371,4.022028491796));
#857 = ( GEOMETRIC_REPRESENTATION_CONTEXT(2) 
PARAMETRIC_REPRESENTATION_CONTEXT() REPRESENTATION_CONTEXT('2D SPACE',''
  ) );
#858 = ORIENTED_EDGE('',*,*,#859,.F.);
#859 = EDGE_CURVE('',#860,#833,#862,.T.);
#860 = VERTEX_POINT('',#861);
#861 = CARTESIAN_POINT('',(-12.56274181541,-12.06393748461,
    1.994991683663));
#862 = SURFACE_CURVE('',#863,(#867,#874),.PCURVE_S1.);
#863 = LINE('',#864,#865);
#864 = CARTESIAN_POINT('',(-7.094490645615,-12.06800995364,
    1.994991108704));
#865 = VECTOR('',#866,1.);
#866 = DIRECTION('',(-0.999999722675,7.44747777056E-04,1.05145063434E-07
    ));
#867 = PCURVE('',#813,#868);
#868 = DEFINITIONAL_REPRESENTATION('',(#869),#873);
#869 = LINE('',#870,#871);
#870 = CARTESIAN_POINT('',(-2.010009233095,5.719448127724));
#871 = VECTOR('',#872,1.);
#872 = DIRECTION('',(1.746313548111E-07,-1.));
#873 = ( GEOMETRIC_REPRESENTATION_CONTEXT(2) 
PARAMETRIC_REPRESENTATION_CONTEXT() REPRESENTATION_CONTEXT('2D SPACE',''
  ) );
#874 = PCURVE('',#71,#875);
#875 = DEFINITIONAL_REPRESENTATION('',(#876),#880);
#876 = LINE('',#877,#878);
#877 = CARTESIAN_POINT('',(-5.726716026338,-9.756268723716));
#878 = VECTOR('',#879,1.);
#879 = DIRECTION('',(-0.999999722675,7.447477770594E-04));
#880 = ( GEOMETRIC_REPRESENTATION_CONTEXT(2) 
PARAMETRIC_REPRESENTATION_CONTEXT() REPRESENTATION_CONTEXT('2D SPACE',''
  ) );
#881 = ORIENTED_EDGE('',*,*,#882,.F.);
#882 = EDGE_CURVE('',#805,#860,#883,.T.);
#883 = SURFACE_CURVE('',#884,(#888,#895),.PCURVE_S1.);
#884 = LINE('',#885,#886);
#885 = CARTESIAN_POINT('',(-12.5627418119,-12.06393747939,1.9950476306)
  );
#886 = VECTOR('',#887,1.);
#887 = DIRECTION('',(-6.283853457391E-05,-9.325497904416E-05,
    -0.999999993677));
#888 = PCURVE('',#813,#889);
#889 = DEFINITIONAL_REPRESENTATION('',(#890),#894);
#890 = LINE('',#891,#892);
#891 = CARTESIAN_POINT('',(-2.00995233123,0.251195444957));
#892 = VECTOR('',#893,1.);
#893 = DIRECTION('',(-0.999999998026,-6.283855200059E-05));
#894 = ( GEOMETRIC_REPRESENTATION_CONTEXT(2) 
PARAMETRIC_REPRESENTATION_CONTEXT() REPRESENTATION_CONTEXT('2D SPACE',''
  ) );
#895 = PCURVE('',#896,#901);
#896 = CYLINDRICAL_SURFACE('',#897,0.502304743198);
#897 = AXIS2_PLACEMENT_3D('',#898,#899,#900);
#898 = CARTESIAN_POINT('',(-12.56236772156,-11.56163287768,
    1.995000764687));
#899 = DIRECTION('',(-6.283853457391E-05,-9.325497904416E-05,
    -0.999999993677));
#900 = DIRECTION('',(0.99999999789,1.64441294564E-05,-6.28400683356E-05)
  );
#901 = DEFINITIONAL_REPRESENTATION('',(#902),#905);
#902 = B_SPLINE_CURVE_WITH_KNOTS('',1,(#903,#904),.UNSPECIFIED.,.F.,.F.,
  (2,2),(-4.019916476722,5.594693712384E-05),.PIECEWISE_BEZIER_KNOTS.);
#903 = CARTESIAN_POINT('',(1.571557524619,-4.019916476722));
#904 = CARTESIAN_POINT('',(1.571557524619,5.594693712384E-05));
#905 = ( GEOMETRIC_REPRESENTATION_CONTEXT(2) 
PARAMETRIC_REPRESENTATION_CONTEXT() REPRESENTATION_CONTEXT('2D SPACE',''
  ) );
#906 = ADVANCED_FACE('',(#907),#921,.T.);
#907 = FACE_BOUND('',#908,.T.);
#908 = EDGE_LOOP('',(#909,#943,#966,#993));
#909 = ORIENTED_EDGE('',*,*,#910,.F.);
#910 = EDGE_CURVE('',#911,#913,#915,.T.);
#911 = VERTEX_POINT('',#912);
#912 = CARTESIAN_POINT('',(12.060000419617,12.558750152588,
    1.994914830223));
#913 = VERTEX_POINT('',#914);
#914 = CARTESIAN_POINT('',(12.060000419617,12.558750152588,
    6.014991714297));
#915 = SURFACE_CURVE('',#916,(#920,#932),.PCURVE_S1.);
#916 = LINE('',#917,#918);
#917 = CARTESIAN_POINT('',(12.060000419617,12.558750152588,
    6.019218061422));
#918 = VECTOR('',#919,1.);
#919 = DIRECTION('',(0.,0.,1.));
#920 = PCURVE('',#921,#926);
#921 = PLANE('',#922);
#922 = AXIS2_PLACEMENT_3D('',#923,#924,#925);
#923 = CARTESIAN_POINT('',(12.060000419617,12.809812545776,
    4.004999935627));
#924 = DIRECTION('',(1.,0.,0.));
#925 = DIRECTION('',(0.,0.,-1.));
#926 = DEFINITIONAL_REPRESENTATION('',(#927),#931);
#927 = LINE('',#928,#929);
#928 = CARTESIAN_POINT('',(-2.014218125795,-0.251062393189));
#929 = VECTOR('',#930,1.);
#930 = DIRECTION('',(-1.,0.));
#931 = ( GEOMETRIC_REPRESENTATION_CONTEXT(2) 
PARAMETRIC_REPRESENTATION_CONTEXT() REPRESENTATION_CONTEXT('2D SPACE',''
  ) );
#932 = PCURVE('',#933,#938);
#933 = CYLINDRICAL_SURFACE('',#934,0.502500534058);
#934 = AXIS2_PLACEMENT_3D('',#935,#936,#937);
#935 = CARTESIAN_POINT('',(11.557499885559,12.558750152588,
    6.019218061422));
#936 = DIRECTION('',(0.,0.,1.));
#937 = DIRECTION('',(0.,-1.,0.));
#938 = DEFINITIONAL_REPRESENTATION('',(#939),#942);
#939 = B_SPLINE_CURVE_WITH_KNOTS('',1,(#940,#941),.UNSPECIFIED.,.F.,.F.,
  (2,2),(-4.024303231199,-4.22634712464E-03),.PIECEWISE_BEZIER_KNOTS.);
#940 = CARTESIAN_POINT('',(1.570796326795,-4.024303231199));
#941 = CARTESIAN_POINT('',(1.570796326795,-4.22634712464E-03));
#942 = ( GEOMETRIC_REPRESENTATION_CONTEXT(2) 
PARAMETRIC_REPRESENTATION_CONTEXT() REPRESENTATION_CONTEXT('2D SPACE',''
  ) );
#943 = ORIENTED_EDGE('',*,*,#944,.F.);
#944 = EDGE_CURVE('',#945,#911,#947,.T.);
#945 = VERTEX_POINT('',#946);
#946 = CARTESIAN_POINT('',(12.060000419617,13.061109842187,
    1.994913316184));
#947 = SURFACE_CURVE('',#948,(#952,#959),.PCURVE_S1.);
#948 = LINE('',#949,#950);
#949 = CARTESIAN_POINT('',(12.060000419617,5.249032628845,1.994936860653
    ));
#950 = VECTOR('',#951,1.);
#951 = DIRECTION('',(0.,-0.999999999995,3.013855083847E-06));
#952 = PCURVE('',#921,#953);
#953 = DEFINITIONAL_REPRESENTATION('',(#954),#958);
#954 = LINE('',#955,#956);
#955 = CARTESIAN_POINT('',(2.010063074974,-7.560779916932));
#956 = VECTOR('',#957,1.);
#957 = DIRECTION('',(-3.013855083847E-06,-0.999999999995));
#958 = ( GEOMETRIC_REPRESENTATION_CONTEXT(2) 
PARAMETRIC_REPRESENTATION_CONTEXT() REPRESENTATION_CONTEXT('2D SPACE',''
  ) );
#959 = PCURVE('',#71,#960);
#960 = DEFINITIONAL_REPRESENTATION('',(#961),#965);
#961 = LINE('',#962,#963);
#962 = CARTESIAN_POINT('',(13.427775038899,7.560773858854));
#963 = VECTOR('',#964,1.);
#964 = DIRECTION('',(-3.23656857945E-13,-1.));
#965 = ( GEOMETRIC_REPRESENTATION_CONTEXT(2) 
PARAMETRIC_REPRESENTATION_CONTEXT() REPRESENTATION_CONTEXT('2D SPACE',''
  ) );
#966 = ORIENTED_EDGE('',*,*,#967,.F.);
#967 = EDGE_CURVE('',#968,#945,#970,.T.);
#968 = VERTEX_POINT('',#969);
#969 = CARTESIAN_POINT('',(12.060000419617,13.060865989034,
    6.015025411981));
#970 = SURFACE_CURVE('',#971,(#975,#982),.PCURVE_S1.);
#971 = LINE('',#972,#973);
#972 = CARTESIAN_POINT('',(12.060000419617,13.060865849882,
    6.017319449987));
#973 = VECTOR('',#974,1.);
#974 = DIRECTION('',(0.,6.065829675175E-05,-0.99999999816));
#975 = PCURVE('',#921,#976);
#976 = DEFINITIONAL_REPRESENTATION('',(#977),#981);
#977 = LINE('',#978,#979);
#978 = CARTESIAN_POINT('',(-2.01231951436,0.251053304105));
#979 = VECTOR('',#980,1.);
#980 = DIRECTION('',(0.99999999816,6.065829675175E-05));
#981 = ( GEOMETRIC_REPRESENTATION_CONTEXT(2) 
PARAMETRIC_REPRESENTATION_CONTEXT() REPRESENTATION_CONTEXT('2D SPACE',''
  ) );
#982 = PCURVE('',#983,#988);
#983 = CYLINDRICAL_SURFACE('',#984,0.502499005414);
#984 = AXIS2_PLACEMENT_3D('',#985,#986,#987);
#985 = CARTESIAN_POINT('',(11.557501414203,13.060865849882,
    6.017319449987));
#986 = DIRECTION('',(0.,6.065829675175E-05,-0.99999999816));
#987 = DIRECTION('',(-3.041226513215E-06,0.999999998156,
    6.065829675147E-05));
#988 = DEFINITIONAL_REPRESENTATION('',(#989),#992);
#989 = B_SPLINE_CURVE_WITH_KNOTS('',1,(#990,#991),.UNSPECIFIED.,.F.,.F.,
  (2,2),(2.294038010641E-03,4.022406141203),.PIECEWISE_BEZIER_KNOTS.);
#990 = CARTESIAN_POINT('',(1.570799368021,2.294038010641E-03));
#991 = CARTESIAN_POINT('',(1.570799368021,4.022406141203));
#992 = ( GEOMETRIC_REPRESENTATION_CONTEXT(2) 
PARAMETRIC_REPRESENTATION_CONTEXT() REPRESENTATION_CONTEXT('2D SPACE',''
  ) );
#993 = ORIENTED_EDGE('',*,*,#994,.F.);
#994 = EDGE_CURVE('',#913,#968,#995,.T.);
#995 = SURFACE_CURVE('',#996,(#1000,#1007),.PCURVE_S1.);
#996 = LINE('',#997,#998);
#997 = CARTESIAN_POINT('',(12.060000419617,12.807891854568,
    6.015008434539));
#998 = VECTOR('',#999,1.);
#999 = DIRECTION('',(0.,0.999999997748,6.71113733276E-05));
#1000 = PCURVE('',#921,#1001);
#1001 = DEFINITIONAL_REPRESENTATION('',(#1002),#1006);
#1002 = LINE('',#1003,#1004);
#1003 = CARTESIAN_POINT('',(-2.010008498912,-1.920691208703E-03));
#1004 = VECTOR('',#1005,1.);
#1005 = DIRECTION('',(-6.71113733276E-05,0.999999997748));
#1006 = ( GEOMETRIC_REPRESENTATION_CONTEXT(2) 
PARAMETRIC_REPRESENTATION_CONTEXT() REPRESENTATION_CONTEXT('2D SPACE',''
  ) );
#1007 = PCURVE('',#1008,#1013);
#1008 = PLANE('',#1009);
#1009 = AXIS2_PLACEMENT_3D('',#1010,#1011,#1012);
#1010 = CARTESIAN_POINT('',(10.561185984004,12.806106061743,
    6.014949526563));
#1011 = DIRECTION('',(-3.922308704256E-05,-6.711137327597E-05,
    0.999999996979));
#1012 = DIRECTION('',(0.999999999231,4.549493369042E-24,
    3.922308713089E-05));
#1013 = DEFINITIONAL_REPRESENTATION('',(#1014),#1018);
#1014 = LINE('',#1015,#1016);
#1015 = CARTESIAN_POINT('',(1.498814436771,1.78579282832E-03));
#1016 = VECTOR('',#1017,1.);
#1017 = DIRECTION('',(2.632315243502E-09,1.));
#1018 = ( GEOMETRIC_REPRESENTATION_CONTEXT(2) 
PARAMETRIC_REPRESENTATION_CONTEXT() REPRESENTATION_CONTEXT('2D SPACE',''
  ) );
#1019 = ADVANCED_FACE('',(#1020),#1034,.F.);
#1020 = FACE_BOUND('',#1021,.T.);
#1021 = EDGE_LOOP('',(#1022,#1052,#1079,#1102));
#1022 = ORIENTED_EDGE('',*,*,#1023,.F.);
#1023 = EDGE_CURVE('',#1024,#1026,#1028,.T.);
#1024 = VERTEX_POINT('',#1025);
#1025 = CARTESIAN_POINT('',(9.045000076294,13.060857779704,
    6.014907153808));
#1026 = VERTEX_POINT('',#1027);
#1027 = CARTESIAN_POINT('',(9.045000076294,12.558749198914,
    6.014873456612));
#1028 = SURFACE_CURVE('',#1029,(#1033,#1045),.PCURVE_S1.);
#1029 = LINE('',#1030,#1031);
#1030 = CARTESIAN_POINT('',(9.045000076294,12.807985554713,
    6.014890183206));
#1031 = VECTOR('',#1032,1.);
#1032 = DIRECTION('',(0.,-0.999999997748,-6.71113733276E-05));
#1033 = PCURVE('',#1034,#1039);
#1034 = PLANE('',#1035);
#1035 = AXIS2_PLACEMENT_3D('',#1036,#1037,#1038);
#1036 = CARTESIAN_POINT('',(9.045000076294,12.80999994278,4.004812419415
    ));
#1037 = DIRECTION('',(1.,0.,0.));
#1038 = DIRECTION('',(0.,0.,-1.));
#1039 = DEFINITIONAL_REPRESENTATION('',(#1040),#1044);
#1040 = LINE('',#1041,#1042);
#1041 = CARTESIAN_POINT('',(-2.010077763792,-2.014388066502E-03));
#1042 = VECTOR('',#1043,1.);
#1043 = DIRECTION('',(6.71113733276E-05,-0.999999997748));
#1044 = ( GEOMETRIC_REPRESENTATION_CONTEXT(2) 
PARAMETRIC_REPRESENTATION_CONTEXT() REPRESENTATION_CONTEXT('2D SPACE',''
  ) );
#1045 = PCURVE('',#1008,#1046);
#1046 = DEFINITIONAL_REPRESENTATION('',(#1047),#1051);
#1047 = LINE('',#1048,#1049);
#1048 = CARTESIAN_POINT('',(-1.516185908871,1.879492973831E-03));
#1049 = VECTOR('',#1050,1.);
#1050 = DIRECTION('',(-2.632315243502E-09,-1.));
#1051 = ( GEOMETRIC_REPRESENTATION_CONTEXT(2) 
PARAMETRIC_REPRESENTATION_CONTEXT() REPRESENTATION_CONTEXT('2D SPACE',''
  ) );
#1052 = ORIENTED_EDGE('',*,*,#1053,.F.);
#1053 = EDGE_CURVE('',#1054,#1024,#1056,.T.);
#1054 = VERTEX_POINT('',#1055);
#1055 = CARTESIAN_POINT('',(9.045000076294,13.061101625664,
    1.994913639989));
#1056 = SURFACE_CURVE('',#1057,(#1061,#1068),.PCURVE_S1.);
#1057 = LINE('',#1058,#1059);
#1058 = CARTESIAN_POINT('',(9.045000076294,13.061101734109,
    1.993125831524));
#1059 = VECTOR('',#1060,1.);
#1060 = DIRECTION('',(0.,-6.065829675175E-05,0.99999999816));
#1061 = PCURVE('',#1034,#1062);
#1062 = DEFINITIONAL_REPRESENTATION('',(#1063),#1067);
#1063 = LINE('',#1064,#1065);
#1064 = CARTESIAN_POINT('',(2.01168658789,0.25110179133));
#1065 = VECTOR('',#1066,1.);
#1066 = DIRECTION('',(-0.99999999816,-6.065829675175E-05));
#1067 = ( GEOMETRIC_REPRESENTATION_CONTEXT(2) 
PARAMETRIC_REPRESENTATION_CONTEXT() REPRESENTATION_CONTEXT('2D SPACE',''
  ) );
#1068 = PCURVE('',#1069,#1074);
#1069 = CYLINDRICAL_SURFACE('',#1070,0.502501109052);
#1070 = AXIS2_PLACEMENT_3D('',#1071,#1072,#1073);
#1071 = CARTESIAN_POINT('',(9.547501185346,13.061101734109,
    1.993125831524));
#1072 = DIRECTION('',(0.,-6.065829675175E-05,0.99999999816));
#1073 = DIRECTION('',(-3.041226514805E-06,0.999999998156,
    6.065829675147E-05));
#1074 = DEFINITIONAL_REPRESENTATION('',(#1075),#1078);
#1075 = B_SPLINE_CURVE_WITH_KNOTS('',1,(#1076,#1077),.UNSPECIFIED.,.F.,
  .F.,(2,2),(1.787808467469E-03,4.021781329683),
  .PIECEWISE_BEZIER_KNOTS.);
#1076 = CARTESIAN_POINT('',(1.570793285568,1.787808467469E-03));
#1077 = CARTESIAN_POINT('',(1.570793285568,4.021781329683));
#1078 = ( GEOMETRIC_REPRESENTATION_CONTEXT(2) 
PARAMETRIC_REPRESENTATION_CONTEXT() REPRESENTATION_CONTEXT('2D SPACE',''
  ) );
#1079 = ORIENTED_EDGE('',*,*,#1080,.F.);
#1080 = EDGE_CURVE('',#1081,#1054,#1083,.T.);
#1081 = VERTEX_POINT('',#1082);
#1082 = CARTESIAN_POINT('',(9.045000076294,12.558749198914,
    1.994915154006));
#1083 = SURFACE_CURVE('',#1084,(#1088,#1095),.PCURVE_S1.);
#1084 = LINE('',#1085,#1086);
#1085 = CARTESIAN_POINT('',(9.045000076294,5.24912632763,1.99493718415)
  );
#1086 = VECTOR('',#1087,1.);
#1087 = DIRECTION('',(0.,0.999999999995,-3.013855083847E-06));
#1088 = PCURVE('',#1034,#1089);
#1089 = DEFINITIONAL_REPRESENTATION('',(#1090),#1094);
#1090 = LINE('',#1091,#1092);
#1091 = CARTESIAN_POINT('',(2.009875235264,-7.56087361515));
#1092 = VECTOR('',#1093,1.);
#1093 = DIRECTION('',(3.013855083847E-06,0.999999999995));
#1094 = ( GEOMETRIC_REPRESENTATION_CONTEXT(2) 
PARAMETRIC_REPRESENTATION_CONTEXT() REPRESENTATION_CONTEXT('2D SPACE',''
  ) );
#1095 = PCURVE('',#71,#1096);
#1096 = DEFINITIONAL_REPRESENTATION('',(#1097),#1101);
#1097 = LINE('',#1098,#1099);
#1098 = CARTESIAN_POINT('',(10.412774695577,7.560867557639));
#1099 = VECTOR('',#1100,1.);
#1100 = DIRECTION('',(3.23656857945E-13,1.));
#1101 = ( GEOMETRIC_REPRESENTATION_CONTEXT(2) 
PARAMETRIC_REPRESENTATION_CONTEXT() REPRESENTATION_CONTEXT('2D SPACE',''
  ) );
#1102 = ORIENTED_EDGE('',*,*,#1103,.F.);
#1103 = EDGE_CURVE('',#1026,#1081,#1104,.T.);
#1104 = SURFACE_CURVE('',#1105,(#1109,#1116),.PCURVE_S1.);
#1105 = LINE('',#1106,#1107);
#1106 = CARTESIAN_POINT('',(9.045000076294,12.558749198914,
    1.992659938857));
#1107 = VECTOR('',#1108,1.);
#1108 = DIRECTION('',(0.,0.,-1.));
#1109 = PCURVE('',#1034,#1110);
#1110 = DEFINITIONAL_REPRESENTATION('',(#1111),#1115);
#1111 = LINE('',#1112,#1113);
#1112 = CARTESIAN_POINT('',(2.012152480558,-0.251250743866));
#1113 = VECTOR('',#1114,1.);
#1114 = DIRECTION('',(1.,0.));
#1115 = ( GEOMETRIC_REPRESENTATION_CONTEXT(2) 
PARAMETRIC_REPRESENTATION_CONTEXT() REPRESENTATION_CONTEXT('2D SPACE',''
  ) );
#1116 = PCURVE('',#1117,#1122);
#1117 = CYLINDRICAL_SURFACE('',#1118,0.502499580383);
#1118 = AXIS2_PLACEMENT_3D('',#1119,#1120,#1121);
#1119 = CARTESIAN_POINT('',(9.547499656677,12.558749198914,
    1.992659938857));
#1120 = DIRECTION('',(0.,0.,-1.));
#1121 = DIRECTION('',(0.,-1.,0.));
#1122 = DEFINITIONAL_REPRESENTATION('',(#1123),#1126);
#1123 = B_SPLINE_CURVE_WITH_KNOTS('',1,(#1124,#1125),.UNSPECIFIED.,.F.,
  .F.,(2,2),(-4.022213517755,-2.25521514945E-03),
  .PIECEWISE_BEZIER_KNOTS.);
#1124 = CARTESIAN_POINT('',(1.570796326795,-4.022213517755));
#1125 = CARTESIAN_POINT('',(1.570796326795,-2.25521514945E-03));
#1126 = ( GEOMETRIC_REPRESENTATION_CONTEXT(2) 
PARAMETRIC_REPRESENTATION_CONTEXT() REPRESENTATION_CONTEXT('2D SPACE',''
  ) );
#1127 = ADVANCED_FACE('',(#1128),#1142,.T.);
#1128 = FACE_BOUND('',#1129,.T.);
#1129 = EDGE_LOOP('',(#1130,#1164,#1192,#1219));
#1130 = ORIENTED_EDGE('',*,*,#1131,.F.);
#1131 = EDGE_CURVE('',#1132,#1134,#1136,.T.);
#1132 = VERTEX_POINT('',#1133);
#1133 = CARTESIAN_POINT('',(3.000020357961,-10.69998667919,
    4.900007434222));
#1134 = VERTEX_POINT('',#1135);
#1135 = CARTESIAN_POINT('',(3.000318500038,-10.70049055606,
    1.994999657325));
#1136 = SURFACE_CURVE('',#1137,(#1141,#1152),.PCURVE_S1.);
#1137 = LINE('',#1138,#1139);
#1138 = CARTESIAN_POINT('',(3.000020358314,-10.69998667932,
    4.899991539289));
#1139 = VECTOR('',#1140,1.);
#1140 = DIRECTION('',(2.222309218685E-05,-7.747596495739E-06,
    -0.999999999723));
#1141 = PCURVE('',#1142,#1147);
#1142 = CYLINDRICAL_SURFACE('',#1143,0.999940268991);
#1143 = AXIS2_PLACEMENT_3D('',#1144,#1145,#1146);
#1144 = CARTESIAN_POINT('',(3.000023369281,-11.69992694827,
    4.899999286489));
#1145 = DIRECTION('',(-2.222309218685E-05,7.747596495739E-06,
    0.999999999723));
#1146 = DIRECTION('',(0.999999998485,-5.035848011754E-05,
    2.222348231652E-05));
#1147 = DEFINITIONAL_REPRESENTATION('',(#1148),#1151);
#1148 = B_SPLINE_CURVE_WITH_KNOTS('',1,(#1149,#1150),.UNSPECIFIED.,.F.,
  .F.,(2,2),(-1.589493367447E-05,2.904991891688),
  .PIECEWISE_BEZIER_KNOTS.);
#1149 = CARTESIAN_POINT('',(1.570849696594,1.589493367362E-05));
#1150 = CARTESIAN_POINT('',(1.570849696594,-2.904991891688));
#1151 = ( GEOMETRIC_REPRESENTATION_CONTEXT(2) 
PARAMETRIC_REPRESENTATION_CONTEXT() REPRESENTATION_CONTEXT('2D SPACE',''
  ) );
#1152 = PCURVE('',#1153,#1158);
#1153 = PLANE('',#1154);
#1154 = AXIS2_PLACEMENT_3D('',#1155,#1156,#1157);
#1155 = CARTESIAN_POINT('',(2.959153495887E-02,-10.70000943597,
    3.117226998199));
#1156 = DIRECTION('',(-3.011146347993E-06,0.999999999965,
    -7.7476634146E-06));
#1157 = DIRECTION('',(-2.26182198745E-26,7.747663414635E-06,
    0.99999999997));
#1158 = DEFINITIONAL_REPRESENTATION('',(#1159),#1163);
#1159 = LINE('',#1160,#1161);
#1160 = CARTESIAN_POINT('',(1.782764541213,2.970428823369));
#1161 = VECTOR('',#1162,1.);
#1162 = DIRECTION('',(-0.999999999753,2.222309218695E-05));
#1163 = ( GEOMETRIC_REPRESENTATION_CONTEXT(2) 
PARAMETRIC_REPRESENTATION_CONTEXT() REPRESENTATION_CONTEXT('2D SPACE',''
  ) );
#1164 = ORIENTED_EDGE('',*,*,#1165,.F.);
#1165 = EDGE_CURVE('',#1166,#1132,#1168,.T.);
#1166 = VERTEX_POINT('',#1167);
#1167 = CARTESIAN_POINT('',(3.999963637286,-11.69997730393,
    4.899997683777));
#1168 = SURFACE_CURVE('',#1169,(#1174,#1180),.PCURVE_S1.);
#1169 = CIRCLE('',#1170,0.999940269386);
#1170 = AXIS2_PLACEMENT_3D('',#1171,#1172,#1173);
#1171 = CARTESIAN_POINT('',(3.00002336935,-11.6999269483,4.899996166865)
  );
#1172 = DIRECTION('',(-1.517570637936E-06,-1.12680349914E-05,
    0.999999999935));
#1173 = DIRECTION('',(0.736523487068,-0.676411969849,-6.504107327154E-06
    ));
#1174 = PCURVE('',#1142,#1175);
#1175 = DEFINITIONAL_REPRESENTATION('',(#1176),#1179);
#1176 = B_SPLINE_CURVE_WITH_KNOTS('',1,(#1177,#1178),.UNSPECIFIED.,.F.,
  .F.,(2,2),(0.742829733902,2.313679430889),.PIECEWISE_BEZIER_KNOTS.);
#1177 = CARTESIAN_POINT('',(0.,-2.382486665482E-05));
#1178 = CARTESIAN_POINT('',(1.570849696594,1.589493367931E-05));
#1179 = ( GEOMETRIC_REPRESENTATION_CONTEXT(2) 
PARAMETRIC_REPRESENTATION_CONTEXT() REPRESENTATION_CONTEXT('2D SPACE',''
  ) );
#1180 = PCURVE('',#1181,#1186);
#1181 = PLANE('',#1182);
#1182 = AXIS2_PLACEMENT_3D('',#1183,#1184,#1185);
#1183 = CARTESIAN_POINT('',(-1.804488221252E-02,-11.25298904489,
    4.899996622845));
#1184 = DIRECTION('',(-1.517570637936E-06,-1.12680349914E-05,
    0.999999999935));
#1185 = DIRECTION('',(0.999999999999,-3.231174267785E-26,
    1.517570638032E-06));
#1186 = DEFINITIONAL_REPRESENTATION('',(#1187),#1191);
#1187 = CIRCLE('',#1188,0.999940269386);
#1188 = AXIS2_PLACEMENT_2D('',#1189,#1190);
#1189 = CARTESIAN_POINT('',(3.018068251558,-0.446937903435));
#1190 = DIRECTION('',(0.736523487057,-0.676411969892));
#1191 = ( GEOMETRIC_REPRESENTATION_CONTEXT(2) 
PARAMETRIC_REPRESENTATION_CONTEXT() REPRESENTATION_CONTEXT('2D SPACE',''
  ) );
#1192 = ORIENTED_EDGE('',*,*,#1193,.F.);
#1193 = EDGE_CURVE('',#1194,#1166,#1196,.T.);
#1194 = VERTEX_POINT('',#1195);
#1195 = CARTESIAN_POINT('',(4.000028195566,-11.69999981077,
    1.994988808138));
#1196 = SURFACE_CURVE('',#1197,(#1201,#1207),.PCURVE_S1.);
#1197 = LINE('',#1198,#1199);
#1198 = CARTESIAN_POINT('',(3.999963636757,-11.69997730375,
    4.900021508644));
#1199 = VECTOR('',#1200,1.);
#1200 = DIRECTION('',(-2.222309218685E-05,7.747596495739E-06,
    0.999999999723));
#1201 = PCURVE('',#1142,#1202);
#1202 = DEFINITIONAL_REPRESENTATION('',(#1203),#1206);
#1203 = B_SPLINE_CURVE_WITH_KNOTS('',1,(#1204,#1205),.UNSPECIFIED.,.F.,
  .F.,(2,2),(-2.905032701311,-2.382486665644E-05),
  .PIECEWISE_BEZIER_KNOTS.);
#1204 = CARTESIAN_POINT('',(0.,-2.905032701311));
#1205 = CARTESIAN_POINT('',(0.,-2.382486665218E-05));
#1206 = ( GEOMETRIC_REPRESENTATION_CONTEXT(2) 
PARAMETRIC_REPRESENTATION_CONTEXT() REPRESENTATION_CONTEXT('2D SPACE',''
  ) );
#1207 = PCURVE('',#1208,#1213);
#1208 = PLANE('',#1209);
#1209 = AXIS2_PLACEMENT_3D('',#1210,#1211,#1212);
#1210 = CARTESIAN_POINT('',(3.999984998703,-11.90601959228,
    3.471895964146));
#1211 = DIRECTION('',(0.999999998485,-5.035848011825E-05,
    2.222348231652E-05));
#1212 = DIRECTION('',(2.22234823447E-05,-6.203854594148E-25,
    -0.999999999753));
#1213 = DEFINITIONAL_REPRESENTATION('',(#1214),#1218);
#1214 = LINE('',#1215,#1216);
#1215 = CARTESIAN_POINT('',(-1.42812554462,0.206042288796));
#1216 = VECTOR('',#1217,1.);
#1217 = DIRECTION('',(-0.99999999997,7.747596505563E-06));
#1218 = ( GEOMETRIC_REPRESENTATION_CONTEXT(2) 
PARAMETRIC_REPRESENTATION_CONTEXT() REPRESENTATION_CONTEXT('2D SPACE',''
  ) );
#1219 = ORIENTED_EDGE('',*,*,#1220,.F.);
#1220 = EDGE_CURVE('',#1134,#1194,#1221,.T.);
#1221 = SURFACE_CURVE('',#1222,(#1227,#1233),.PCURVE_S1.);
#1222 = CIRCLE('',#1223,0.999940269251);
#1223 = AXIS2_PLACEMENT_3D('',#1224,#1225,#1226);
#1224 = CARTESIAN_POINT('',(3.000087927594,-11.69994945512,
    1.994988915369));
#1225 = DIRECTION('',(-1.073896550893E-07,-3.013855083847E-06,
    -0.999999999995));
#1226 = DIRECTION('',(0.978261039551,-0.207377285391,5.199499702289E-07)
  );
#1227 = PCURVE('',#1142,#1228);
#1228 = DEFINITIONAL_REPRESENTATION('',(#1229),#1232);
#1229 = B_SPLINE_CURVE_WITH_KNOTS('',1,(#1230,#1231),.UNSPECIFIED.,.F.,
  .F.,(2,2),(4.503726480083,6.074342468262),.PIECEWISE_BEZIER_KNOTS.);
#1230 = CARTESIAN_POINT('',(1.570615988073,-2.905005643617));
#1231 = CARTESIAN_POINT('',(0.,-2.905032701311));
#1232 = ( GEOMETRIC_REPRESENTATION_CONTEXT(2) 
PARAMETRIC_REPRESENTATION_CONTEXT() REPRESENTATION_CONTEXT('2D SPACE',''
  ) );
#1233 = PCURVE('',#71,#1234);
#1234 = DEFINITIONAL_REPRESENTATION('',(#1235),#1243);
#1235 = ( BOUNDED_CURVE() B_SPLINE_CURVE(2,(#1236,#1237,#1238,#1239,
#1240,#1241,#1242),.UNSPECIFIED.,.T.,.F.) B_SPLINE_CURVE_WITH_KNOTS((1,2
    ,2,2,2,1),(-2.094395102393,0.,2.094395102393,4.188790204786,
6.28318530718,8.377580409573),.UNSPECIFIED.) CURVE() 
GEOMETRIC_REPRESENTATION_ITEM() RATIONAL_B_SPLINE_CURVE((1.,0.5,1.,0.5,
1.,0.5,1.)) REPRESENTATION_ITEM('') );
#1236 = CARTESIAN_POINT('',(5.346065154158,-9.595573123786));
#1237 = CARTESIAN_POINT('',(4.98689861409,-11.2898697397));
#1238 = CARTESIAN_POINT('',(3.699177973194,-10.13167408385));
#1239 = CARTESIAN_POINT('',(2.411457332297,-8.97347842801));
#1240 = CARTESIAN_POINT('',(4.058344513261,-8.437377467939));
#1241 = CARTESIAN_POINT('',(5.705231694225,-7.901276507869));
#1242 = CARTESIAN_POINT('',(5.346065154158,-9.595573123786));
#1243 = ( GEOMETRIC_REPRESENTATION_CONTEXT(2) 
PARAMETRIC_REPRESENTATION_CONTEXT() REPRESENTATION_CONTEXT('2D SPACE',''
  ) );
#1244 = ADVANCED_FACE('',(#1245),#1259,.T.);
#1245 = FACE_BOUND('',#1246,.T.);
#1246 = EDGE_LOOP('',(#1247,#1281,#1304,#1326));
#1247 = ORIENTED_EDGE('',*,*,#1248,.F.);
#1248 = EDGE_CURVE('',#1249,#1251,#1253,.T.);
#1249 = VERTEX_POINT('',#1250);
#1250 = CARTESIAN_POINT('',(-4.000007146351,-11.69999981008,
    4.899985543003));
#1251 = VERTEX_POINT('',#1252);
#1252 = CARTESIAN_POINT('',(-4.000063173812,-11.69999981649,
    1.994989667265));
#1253 = SURFACE_CURVE('',#1254,(#1258,#1269),.PCURVE_S1.);
#1254 = LINE('',#1255,#1256);
#1255 = CARTESIAN_POINT('',(-4.000006795762,-11.69999981004,
    4.918163396596));
#1256 = VECTOR('',#1257,1.);
#1257 = DIRECTION('',(-1.928658880619E-05,-2.207043309218E-09,
    -0.999999999814));
#1258 = PCURVE('',#1259,#1264);
#1259 = CYLINDRICAL_SURFACE('',#1260,0.999885587207);
#1260 = AXIS2_PLACEMENT_3D('',#1261,#1262,#1263);
#1261 = CARTESIAN_POINT('',(-3.000121215288,-11.69988538904,
    4.918144112213));
#1262 = DIRECTION('',(-1.928658880619E-05,-2.207043309218E-09,
    -0.999999999814));
#1263 = DIRECTION('',(-0.999999993266,-1.144340928584E-04,
    1.928658893247E-05));
#1264 = DEFINITIONAL_REPRESENTATION('',(#1265),#1268);
#1265 = B_SPLINE_CURVE_WITH_KNOTS('',1,(#1266,#1267),.UNSPECIFIED.,.F.,
  .F.,(2,2),(1.817785359592E-02,2.923173729874),
  .PIECEWISE_BEZIER_KNOTS.);
#1266 = CARTESIAN_POINT('',(0.,1.817785359592E-02));
#1267 = CARTESIAN_POINT('',(0.,2.923173729874));
#1268 = ( GEOMETRIC_REPRESENTATION_CONTEXT(2) 
PARAMETRIC_REPRESENTATION_CONTEXT() REPRESENTATION_CONTEXT('2D SPACE',''
  ) );
#1269 = PCURVE('',#1270,#1275);
#1270 = PLANE('',#1271);
#1271 = AXIS2_PLACEMENT_3D('',#1272,#1273,#1274);
#1272 = CARTESIAN_POINT('',(-4.000014152167,-11.91307710251,
    3.272475233618));
#1273 = DIRECTION('',(0.999999993266,1.144340928578E-04,
    -1.928658893247E-05));
#1274 = DIRECTION('',(-1.928658905875E-05,-8.27180612553E-25,
    -0.999999999814));
#1275 = DEFINITIONAL_REPRESENTATION('',(#1276),#1280);
#1276 = LINE('',#1277,#1278);
#1277 = CARTESIAN_POINT('',(-1.645688162814,0.21307729387));
#1278 = VECTOR('',#1279,1.);
#1279 = DIRECTION('',(1.,-2.207043323669E-09));
#1280 = ( GEOMETRIC_REPRESENTATION_CONTEXT(2) 
PARAMETRIC_REPRESENTATION_CONTEXT() REPRESENTATION_CONTEXT('2D SPACE',''
  ) );
#1281 = ORIENTED_EDGE('',*,*,#1282,.F.);
#1282 = EDGE_CURVE('',#1283,#1249,#1285,.T.);
#1283 = VERTEX_POINT('',#1284);
#1284 = CARTESIAN_POINT('',(-3.00000000057,-10.69999980927,
    4.899998328577));
#1285 = SURFACE_CURVE('',#1286,(#1291,#1297),.PCURVE_S1.);
#1286 = CIRCLE('',#1287,0.999885587487);
#1287 = AXIS2_PLACEMENT_3D('',#1288,#1289,#1290);
#1288 = CARTESIAN_POINT('',(-3.000121565475,-11.69988538908,
    4.899987061689));
#1289 = DIRECTION('',(-1.517570637936E-06,-1.12680349914E-05,
    0.999999999935));
#1290 = DIRECTION('',(-0.879268524112,-0.476326424272,
    -6.701614911516E-06));
#1291 = PCURVE('',#1259,#1292);
#1292 = DEFINITIONAL_REPRESENTATION('',(#1293),#1296);
#1293 = B_SPLINE_CURVE_WITH_KNOTS('',1,(#1294,#1295),.UNSPECIFIED.,.F.,
  .F.,(2,2),(4.21579543089,5.786827770611),.PIECEWISE_BEZIER_KNOTS.);
#1294 = CARTESIAN_POINT('',(1.571032339486,1.814577904577E-02));
#1295 = CARTESIAN_POINT('',(0.,1.817785359592E-02));
#1296 = ( GEOMETRIC_REPRESENTATION_CONTEXT(2) 
PARAMETRIC_REPRESENTATION_CONTEXT() REPRESENTATION_CONTEXT('2D SPACE',''
  ) );
#1297 = PCURVE('',#1181,#1298);
#1298 = DEFINITIONAL_REPRESENTATION('',(#1299),#1303);
#1299 = CIRCLE('',#1300,0.999885587487);
#1300 = AXIS2_PLACEMENT_2D('',#1301,#1302);
#1301 = CARTESIAN_POINT('',(-2.982076683274,-0.446896344215));
#1302 = DIRECTION('',(-0.879268524122,-0.476326424303));
#1303 = ( GEOMETRIC_REPRESENTATION_CONTEXT(2) 
PARAMETRIC_REPRESENTATION_CONTEXT() REPRESENTATION_CONTEXT('2D SPACE',''
  ) );
#1304 = ORIENTED_EDGE('',*,*,#1305,.F.);
#1305 = EDGE_CURVE('',#1306,#1283,#1308,.T.);
#1306 = VERTEX_POINT('',#1307);
#1307 = CARTESIAN_POINT('',(-3.000937227777,-10.70002269744,
    1.995000004768));
#1308 = SURFACE_CURVE('',#1309,(#1313,#1319),.PCURVE_S1.);
#1309 = LINE('',#1310,#1311);
#1310 = CARTESIAN_POINT('',(-3.000937223434,-10.70002269744,
    1.995000004768));
#1311 = VECTOR('',#1312,1.);
#1312 = DIRECTION('',(3.226242190752E-04,7.878892147348E-06,
    0.999999947926));
#1313 = PCURVE('',#1259,#1314);
#1314 = DEFINITIONAL_REPRESENTATION('',(#1315),#1318);
#1315 = B_SPLINE_CURVE_WITH_KNOTS('',1,(#1316,#1317),.UNSPECIFIED.,.F.,
  .F.,(2,2),(-1.400851300163E-12,2.904998475085),
  .PIECEWISE_BEZIER_KNOTS.);
#1316 = CARTESIAN_POINT('',(1.570151026053,2.923144120434));
#1317 = CARTESIAN_POINT('',(1.571032339486,1.814577908779E-02));
#1318 = ( GEOMETRIC_REPRESENTATION_CONTEXT(2) 
PARAMETRIC_REPRESENTATION_CONTEXT() REPRESENTATION_CONTEXT('2D SPACE',''
  ) );
#1319 = PCURVE('',#1153,#1320);
#1320 = DEFINITIONAL_REPRESENTATION('',(#1321),#1325);
#1321 = LINE('',#1322,#1323);
#1322 = CARTESIAN_POINT('',(-1.122226993499,-3.030528758393));
#1323 = VECTOR('',#1324,1.);
#1324 = DIRECTION('',(0.999999947957,3.226242194689E-04));
#1325 = ( GEOMETRIC_REPRESENTATION_CONTEXT(2) 
PARAMETRIC_REPRESENTATION_CONTEXT() REPRESENTATION_CONTEXT('2D SPACE',''
  ) );
#1326 = ORIENTED_EDGE('',*,*,#1327,.F.);
#1327 = EDGE_CURVE('',#1251,#1306,#1328,.T.);
#1328 = SURFACE_CURVE('',#1329,(#1334,#1340),.PCURVE_S1.);
#1329 = CIRCLE('',#1330,0.999885587396);
#1330 = AXIS2_PLACEMENT_3D('',#1331,#1332,#1333);
#1331 = CARTESIAN_POINT('',(-3.000177592968,-11.69988539549,
    1.994989559543));
#1332 = DIRECTION('',(-1.073896550893E-07,-3.013855083847E-06,
    -0.999999999995));
#1333 = DIRECTION('',(-0.987894702025,0.155125941448,-3.614374359556E-07
    ));
#1334 = PCURVE('',#1259,#1335);
#1335 = DEFINITIONAL_REPRESENTATION('',(#1336),#1339);
#1336 = B_SPLINE_CURVE_WITH_KNOTS('',1,(#1337,#1338),.UNSPECIFIED.,.F.,
  .F.,(2,2),(6.127315936329,7.69746695824),.PIECEWISE_BEZIER_KNOTS.);
#1337 = CARTESIAN_POINT('',(0.,2.923173729874));
#1338 = CARTESIAN_POINT('',(1.570151021968,2.923157579086));
#1339 = ( GEOMETRIC_REPRESENTATION_CONTEXT(2) 
PARAMETRIC_REPRESENTATION_CONTEXT() REPRESENTATION_CONTEXT('2D SPACE',''
  ) );
#1340 = PCURVE('',#71,#1341);
#1341 = DEFINITIONAL_REPRESENTATION('',(#1342),#1350);
#1342 = ( BOUNDED_CURVE() B_SPLINE_CURVE(2,(#1343,#1344,#1345,#1346,
#1347,#1348,#1349),.UNSPECIFIED.,.T.,.F.) B_SPLINE_CURVE_WITH_KNOTS((1,2
    ,2,2,2,1),(-2.094395102393,0.,2.094395102393,4.188790204786,
6.28318530718,8.377580409573),.UNSPECIFIED.) CURVE() 
GEOMETRIC_REPRESENTATION_ITEM() RATIONAL_B_SPLINE_CURVE((1.,0.5,1.,0.5,
1.,0.5,1.)) REPRESENTATION_ITEM('') );
#1343 = CARTESIAN_POINT('',(-2.620184648111,-9.233035972476));
#1344 = CARTESIAN_POINT('',(-2.351529377016,-7.522147925595));
#1345 = CARTESIAN_POINT('',(-1.004184500933,-8.610254238664));
#1346 = CARTESIAN_POINT('',(0.343160375149,-9.698360551733));
#1347 = CARTESIAN_POINT('',(-1.272839772028,-10.32114228554));
#1348 = CARTESIAN_POINT('',(-2.888839919205,-10.94392401935));
#1349 = CARTESIAN_POINT('',(-2.620184648111,-9.233035972476));
#1350 = ( GEOMETRIC_REPRESENTATION_CONTEXT(2) 
PARAMETRIC_REPRESENTATION_CONTEXT() REPRESENTATION_CONTEXT('2D SPACE',''
  ) );
#1351 = ADVANCED_FACE('',(#1352),#406,.T.);
#1352 = FACE_BOUND('',#1353,.T.);
#1353 = EDGE_LOOP('',(#1354,#1355,#1378,#1405,#1426));
#1354 = ORIENTED_EDGE('',*,*,#390,.T.);
#1355 = ORIENTED_EDGE('',*,*,#1356,.F.);
#1356 = EDGE_CURVE('',#1357,#361,#1359,.T.);
#1357 = VERTEX_POINT('',#1358);
#1358 = CARTESIAN_POINT('',(-11.5574998796,13.563806109686,6.01486101851
    ));
#1359 = SURFACE_CURVE('',#1360,(#1365,#1371),.PCURVE_S1.);
#1360 = CIRCLE('',#1361,0.502483531284);
#1361 = AXIS2_PLACEMENT_3D('',#1362,#1363,#1364);
#1362 = CARTESIAN_POINT('',(-11.55757906669,13.061268650967,
    6.014915018114));
#1363 = DIRECTION('',(7.99953966789E-06,1.074526246094E-04,
    0.999999994195));
#1364 = DIRECTION('',(-0.536823071748,0.843694839489,-8.636288791669E-05
    ));
#1365 = PCURVE('',#406,#1366);
#1366 = DEFINITIONAL_REPRESENTATION('',(#1367),#1370);
#1367 = B_SPLINE_CURVE_WITH_KNOTS('',1,(#1368,#1369),.UNSPECIFIED.,.F.,
  .F.,(2,2),(5.716360648361,7.288844123955),.PIECEWISE_BEZIER_KNOTS.);
#1368 = CARTESIAN_POINT('',(4.712231331282,4.01984629002));
#1369 = CARTESIAN_POINT('',(6.284715005725,4.019905249389));
#1370 = ( GEOMETRIC_REPRESENTATION_CONTEXT(2) 
PARAMETRIC_REPRESENTATION_CONTEXT() REPRESENTATION_CONTEXT('2D SPACE',''
  ) );
#1371 = PCURVE('',#237,#1372);
#1372 = DEFINITIONAL_REPRESENTATION('',(#1373),#1377);
#1373 = CIRCLE('',#1374,0.502483531284);
#1374 = AXIS2_PLACEMENT_2D('',#1375,#1376);
#1375 = CARTESIAN_POINT('',(-1.004932223349,0.251304163126));
#1376 = DIRECTION('',(-0.53682307104,0.843694844359));
#1377 = ( GEOMETRIC_REPRESENTATION_CONTEXT(2) 
PARAMETRIC_REPRESENTATION_CONTEXT() REPRESENTATION_CONTEXT('2D SPACE',''
  ) );
#1378 = ORIENTED_EDGE('',*,*,#1379,.F.);
#1379 = EDGE_CURVE('',#1380,#1357,#1382,.T.);
#1380 = VERTEX_POINT('',#1381);
#1381 = CARTESIAN_POINT('',(-11.55750297906,13.56375019946,
    1.994999898923));
#1382 = SURFACE_CURVE('',#1383,(#1388,#1394),.PCURVE_S1.);
#1383 = B_SPLINE_CURVE_WITH_KNOTS('',3,(#1384,#1385,#1386,#1387),
  .UNSPECIFIED.,.F.,.F.,(4,4),(0.,3.217711452628),
  .PIECEWISE_BEZIER_KNOTS.);
#1384 = CARTESIAN_POINT('',(-11.55749989181,13.56360643185,
    1.995000009271));
#1385 = CARTESIAN_POINT('',(-11.55749988948,13.563648403637,
    3.334953680089));
#1386 = CARTESIAN_POINT('',(-11.55749988607,13.563714962915,
    4.674907350136));
#1387 = CARTESIAN_POINT('',(-11.55749988038,13.563806109684,
    6.014861018511));
#1388 = PCURVE('',#406,#1389);
#1389 = DEFINITIONAL_REPRESENTATION('',(#1390),#1393);
#1390 = B_SPLINE_CURVE_WITH_KNOTS('',1,(#1391,#1392),.UNSPECIFIED.,.F.,
  .F.,(2,2),(0.,3.217711452628),.PIECEWISE_BEZIER_KNOTS.);
#1391 = CARTESIAN_POINT('',(4.710527970849,-1.450789901569E-05));
#1392 = CARTESIAN_POINT('',(4.712231332841,4.019846286343));
#1393 = ( GEOMETRIC_REPRESENTATION_CONTEXT(2) 
PARAMETRIC_REPRESENTATION_CONTEXT() REPRESENTATION_CONTEXT('2D SPACE',''
  ) );
#1394 = PCURVE('',#1395,#1400);
#1395 = CYLINDRICAL_SURFACE('',#1396,3.935345238809E+04);
#1396 = AXIS2_PLACEMENT_3D('',#1397,#1398,#1399);
#1397 = CARTESIAN_POINT('',(-8.473043436202,3.93670159356E+04,
    2.593644416884));
#1398 = DIRECTION('',(0.599394979354,-1.019865704038E-06,0.800453408215)
  );
#1399 = DIRECTION('',(-0.800453408216,-2.117582368136E-22,0.599394979355
    ));
#1400 = DEFINITIONAL_REPRESENTATION('',(#1401),#1404);
#1401 = B_SPLINE_CURVE_WITH_KNOTS('',1,(#1402,#1403),.UNSPECIFIED.,.F.,
  .F.,(2,2),(0.,3.217711452628),.PIECEWISE_BEZIER_KNOTS.);
#1402 = CARTESIAN_POINT('',(1.570742706614,-2.28785943355));
#1403 = CARTESIAN_POINT('',(1.570681479851,0.929852018496));
#1404 = ( GEOMETRIC_REPRESENTATION_CONTEXT(2) 
PARAMETRIC_REPRESENTATION_CONTEXT() REPRESENTATION_CONTEXT('2D SPACE',''
  ) );
#1405 = ORIENTED_EDGE('',*,*,#1406,.F.);
#1406 = EDGE_CURVE('',#1407,#1380,#1409,.T.);
#1407 = VERTEX_POINT('',#1408);
#1408 = CARTESIAN_POINT('',(-11.57924946934,13.563384788405,
    1.994429962325));
#1409 = SURFACE_CURVE('',#1410,(#1414,#1420),.PCURVE_S1.);
#1410 = LINE('',#1411,#1412);
#1411 = CARTESIAN_POINT('',(-11.57941818237,13.563271522522,
    1.994250059128));
#1412 = VECTOR('',#1413,1.);
#1413 = DIRECTION('',(0.999177124805,2.182425778411E-02,
    3.418735202187E-02));
#1414 = PCURVE('',#406,#1415);
#1415 = DEFINITIONAL_REPRESENTATION('',(#1416),#1419);
#1416 = B_SPLINE_CURVE_WITH_KNOTS('',1,(#1417,#1418),.UNSPECIFIED.,.F.,
  .F.,(2,2),(1.771965529987E-04,2.193325163892E-02),
  .PIECEWISE_BEZIER_KNOTS.);
#1417 = CARTESIAN_POINT('',(4.753885568576,-7.629230921884E-04));
#1418 = CARTESIAN_POINT('',(4.710534658684,-1.461326040923E-05));
#1419 = ( GEOMETRIC_REPRESENTATION_CONTEXT(2) 
PARAMETRIC_REPRESENTATION_CONTEXT() REPRESENTATION_CONTEXT('2D SPACE',''
  ) );
#1420 = PCURVE('',#1395,#1421);
#1421 = DEFINITIONAL_REPRESENTATION('',(#1422),#1425);
#1422 = B_SPLINE_CURVE_WITH_KNOTS('',1,(#1423,#1424),.UNSPECIFIED.,.F.,
  .F.,(2,2),(1.771965529987E-04,2.193325163892E-02),
  .PIECEWISE_BEZIER_KNOTS.);
#1423 = CARTESIAN_POINT('',(1.570742275726,-2.301486474298));
#1424 = CARTESIAN_POINT('',(1.570742706553,-2.287861372505));
#1425 = ( GEOMETRIC_REPRESENTATION_CONTEXT(2) 
PARAMETRIC_REPRESENTATION_CONTEXT() REPRESENTATION_CONTEXT('2D SPACE',''
  ) );
#1426 = ORIENTED_EDGE('',*,*,#1427,.F.);
#1427 = EDGE_CURVE('',#391,#1407,#1428,.T.);
#1428 = SURFACE_CURVE('',#1429,(#1434,#1440),.PCURVE_S1.);
#1429 = CIRCLE('',#1430,0.501465880296);
#1430 = AXIS2_PLACEMENT_3D('',#1431,#1432,#1433);
#1431 = CARTESIAN_POINT('',(-11.55843313908,13.062128463075,
    1.994915849489));
#1432 = DIRECTION('',(-1.073896550893E-07,-3.013855083847E-06,
    -0.999999999995));
#1433 = DIRECTION('',(-0.699579660039,0.714554616006,-2.078436443745E-06
    ));
#1434 = PCURVE('',#406,#1435);
#1435 = DEFINITIONAL_REPRESENTATION('',(#1436),#1439);
#1436 = B_SPLINE_CURVE_WITH_KNOTS('',1,(#1437,#1438),.UNSPECIFIED.,.F.,
  .F.,(2,2),(5.485446117481,7.016489914198),.PIECEWISE_BEZIER_KNOTS.);
#1437 = CARTESIAN_POINT('',(6.284937343092,-9.790787365299E-05));
#1438 = CARTESIAN_POINT('',(4.75389339401,-1.047026837123E-04));
#1439 = ( GEOMETRIC_REPRESENTATION_CONTEXT(2) 
PARAMETRIC_REPRESENTATION_CONTEXT() REPRESENTATION_CONTEXT('2D SPACE',''
  ) );
#1440 = PCURVE('',#71,#1441);
#1441 = DEFINITIONAL_REPRESENTATION('',(#1442),#1450);
#1442 = ( BOUNDED_CURVE() B_SPLINE_CURVE(2,(#1443,#1444,#1445,#1446,
#1447,#1448,#1449),.UNSPECIFIED.,.T.,.F.) B_SPLINE_CURVE_WITH_KNOTS((1,2
    ,2,2,2,1),(-2.094395102393,0.,2.094395102393,4.188790204786,
6.28318530718,8.377580409573),.UNSPECIFIED.) CURVE() 
GEOMETRIC_REPRESENTATION_ITEM() RATIONAL_B_SPLINE_CURVE((1.,0.5,1.,0.5,
1.,0.5,1.)) REPRESENTATION_ITEM('') );
#1443 = CARTESIAN_POINT('',(-10.54147384985,15.732194452656));
#1444 = CARTESIAN_POINT('',(-9.920837160729,16.339824428392));
#1445 = CARTESIAN_POINT('',(-9.704932510205,15.498522301219));
#1446 = CARTESIAN_POINT('',(-9.489027859681,14.657220174047));
#1447 = CARTESIAN_POINT('',(-10.32556919933,14.890892325484));
#1448 = CARTESIAN_POINT('',(-11.16211053898,15.124564476921));
#1449 = CARTESIAN_POINT('',(-10.54147384985,15.732194452656));
#1450 = ( GEOMETRIC_REPRESENTATION_CONTEXT(2) 
PARAMETRIC_REPRESENTATION_CONTEXT() REPRESENTATION_CONTEXT('2D SPACE',''
  ) );
#1451 = ADVANCED_FACE('',(#1452),#1467,.T.);
#1452 = FACE_BOUND('',#1453,.T.);
#1453 = EDGE_LOOP('',(#1454,#1488,#1511,#1532));
#1454 = ORIENTED_EDGE('',*,*,#1455,.F.);
#1455 = EDGE_CURVE('',#1456,#1458,#1460,.T.);
#1456 = VERTEX_POINT('',#1457);
#1457 = CARTESIAN_POINT('',(-13.56775626305,13.061249758915,
    1.994916067922));
#1458 = VERTEX_POINT('',#1459);
#1459 = CARTESIAN_POINT('',(-13.56783784406,13.06124971365,
    -1.499998537661E-02));
#1460 = SURFACE_CURVE('',#1461,(#1466,#1477),.PCURVE_S1.);
#1461 = B_SPLINE_CURVE_WITH_KNOTS('',3,(#1462,#1463,#1464,#1465),
  .UNSPECIFIED.,.F.,.F.,(4,4),(6.717967634904E-05,1.609090565798),
  .PIECEWISE_BEZIER_KNOTS.);
#1462 = CARTESIAN_POINT('',(-13.56775626306,13.061249758915,
    1.994916067922));
#1463 = CARTESIAN_POINT('',(-13.56778231477,13.061249743888,
    1.32494405011));
#1464 = CARTESIAN_POINT('',(-13.56780950842,13.061249728802,
    0.654972032343));
#1465 = CARTESIAN_POINT('',(-13.56783784403,13.06124971365,
    -1.499998537661E-02));
#1466 = PCURVE('',#1467,#1472);
#1467 = CONICAL_SURFACE('',#1468,0.50219326368,3.323293541875E-04);
#1468 = AXIS2_PLACEMENT_3D('',#1469,#1470,#1471);
#1469 = CARTESIAN_POINT('',(-13.0654218766,13.061605539335,
    1.999389985259));
#1470 = DIRECTION('',(1.974096721911E-04,-3.564065605247E-04,
    -0.999999917002));
#1471 = DIRECTION('',(-0.999999980515,5.293955920339E-23,
    -1.974096847291E-04));
#1472 = DEFINITIONAL_REPRESENTATION('',(#1473),#1476);
#1473 = B_SPLINE_CURVE_WITH_KNOTS('',1,(#1474,#1475),.UNSPECIFIED.,.F.,
  .F.,(2,2),(6.717967634904E-05,1.609090565798),
  .PIECEWISE_BEZIER_KNOTS.);
#1474 = CARTESIAN_POINT('',(-7.051488856744E-04,4.374924849175E-03));
#1475 = CARTESIAN_POINT('',(7.201092017253E-04,2.014290732234));
#1476 = ( GEOMETRIC_REPRESENTATION_CONTEXT(2) 
PARAMETRIC_REPRESENTATION_CONTEXT() REPRESENTATION_CONTEXT('2D SPACE',''
  ) );
#1477 = PCURVE('',#1478,#1483);
#1478 = CYLINDRICAL_SURFACE('',#1479,2.117447332287E+05);
#1479 = AXIS2_PLACEMENT_3D('',#1480,#1481,#1482);
#1480 = CARTESIAN_POINT('',(-2.117583005254E+05,-6.876965358429,
    -1.516467848868));
#1481 = DIRECTION('',(-4.163660136715E-07,0.599275893578,0.800542568123)
  );
#1482 = DIRECTION('',(0.999999999871,1.310066483861E-05,
    -9.286884807929E-06));
#1483 = DEFINITIONAL_REPRESENTATION('',(#1484),#1487);
#1484 = B_SPLINE_CURVE_WITH_KNOTS('',1,(#1485,#1486),.UNSPECIFIED.,.F.,
  .F.,(2,2),(6.717967634904E-05,1.609090565798),
  .PIECEWISE_BEZIER_KNOTS.);
#1485 = CARTESIAN_POINT('',(6.283234696622,14.6713406689));
#1486 = CARTESIAN_POINT('',(6.283240385048,13.062317282789));
#1487 = ( GEOMETRIC_REPRESENTATION_CONTEXT(2) 
PARAMETRIC_REPRESENTATION_CONTEXT() REPRESENTATION_CONTEXT('2D SPACE',''
  ) );
#1488 = ORIENTED_EDGE('',*,*,#1489,.F.);
#1489 = EDGE_CURVE('',#1490,#1456,#1492,.T.);
#1490 = VERTEX_POINT('',#1491);
#1491 = CARTESIAN_POINT('',(-13.06499958038,13.563750267029,
    1.994914499464));
#1492 = SURFACE_CURVE('',#1493,(#1498,#1504),.PCURVE_S1.);
#1493 = CIRCLE('',#1494,0.502194791667);
#1494 = AXIS2_PLACEMENT_3D('',#1495,#1496,#1497);
#1495 = CARTESIAN_POINT('',(-13.06542096043,13.061603885803,
    1.994916012905));
#1496 = DIRECTION('',(1.073896550893E-07,3.013855083847E-06,
    0.999999999995));
#1497 = DIRECTION('',(-0.487883276,0.872908877829,-2.578427242458E-06));
#1498 = PCURVE('',#1467,#1499);
#1499 = DEFINITIONAL_REPRESENTATION('',(#1500),#1503);
#1500 = B_SPLINE_CURVE_WITH_KNOTS('',1,(#1501,#1502),.UNSPECIFIED.,.F.,
  .F.,(2,2),(5.772682952843,7.345023398303),.PIECEWISE_BEZIER_KNOTS.);
#1501 = CARTESIAN_POINT('',(1.571635549577,4.296584079985E-03));
#1502 = CARTESIAN_POINT('',(-7.051489185734E-04,4.374905858879E-03));
#1503 = ( GEOMETRIC_REPRESENTATION_CONTEXT(2) 
PARAMETRIC_REPRESENTATION_CONTEXT() REPRESENTATION_CONTEXT('2D SPACE',''
  ) );
#1504 = PCURVE('',#71,#1505);
#1505 = DEFINITIONAL_REPRESENTATION('',(#1506),#1510);
#1506 = CIRCLE('',#1507,0.502194791667);
#1507 = AXIS2_PLACEMENT_2D('',#1508,#1509);
#1508 = CARTESIAN_POINT('',(-11.69764634115,15.373345115848));
#1509 = DIRECTION('',(-0.487883276,0.872908877833));
#1510 = ( GEOMETRIC_REPRESENTATION_CONTEXT(2) 
PARAMETRIC_REPRESENTATION_CONTEXT() REPRESENTATION_CONTEXT('2D SPACE',''
  ) );
#1511 = ORIENTED_EDGE('',*,*,#1512,.F.);
#1512 = EDGE_CURVE('',#1513,#1490,#1515,.T.);
#1513 = VERTEX_POINT('',#1514);
#1514 = CARTESIAN_POINT('',(-13.06499958038,13.563750267032,
    -1.510148182819E-02));
#1515 = SURFACE_CURVE('',#1516,(#1520,#1526),.PCURVE_S1.);
#1516 = LINE('',#1517,#1518);
#1517 = CARTESIAN_POINT('',(-13.06499958038,13.563750267029,
    -1.499999966472E-02));
#1518 = VECTOR('',#1519,1.);
#1519 = DIRECTION('',(0.,0.,1.));
#1520 = PCURVE('',#1467,#1521);
#1521 = DEFINITIONAL_REPRESENTATION('',(#1522),#1525);
#1522 = B_SPLINE_CURVE_WITH_KNOTS('',1,(#1523,#1524),.UNSPECIFIED.,.F.,
  .F.,(2,2),(-1.014821634702E-04,2.009914499128),
  .PIECEWISE_BEZIER_KNOTS.);
#1523 = CARTESIAN_POINT('',(1.570845278705,2.014312415577));
#1524 = CARTESIAN_POINT('',(1.571635549584,4.296585087941E-03));
#1525 = ( GEOMETRIC_REPRESENTATION_CONTEXT(2) 
PARAMETRIC_REPRESENTATION_CONTEXT() REPRESENTATION_CONTEXT('2D SPACE',''
  ) );
#1526 = PCURVE('',#1395,#1527);
#1527 = DEFINITIONAL_REPRESENTATION('',(#1528),#1531);
#1528 = B_SPLINE_CURVE_WITH_KNOTS('',1,(#1529,#1530),.UNSPECIFIED.,.F.,
  .F.,(2,2),(-1.014821634702E-04,2.009914499128),
  .PIECEWISE_BEZIER_KNOTS.);
#1529 = CARTESIAN_POINT('',(1.570742659896,-4.800439767811));
#1530 = CARTESIAN_POINT('',(1.570712045212,-3.191515625018));
#1531 = ( GEOMETRIC_REPRESENTATION_CONTEXT(2) 
PARAMETRIC_REPRESENTATION_CONTEXT() REPRESENTATION_CONTEXT('2D SPACE',''
  ) );
#1532 = ORIENTED_EDGE('',*,*,#1533,.F.);
#1533 = EDGE_CURVE('',#1458,#1513,#1534,.T.);
#1534 = SURFACE_CURVE('',#1535,(#1540,#1546),.PCURVE_S1.);
#1535 = CIRCLE('',#1536,0.502862780585);
#1536 = AXIS2_PLACEMENT_3D('',#1537,#1538,#1539);
#1537 = CARTESIAN_POINT('',(-13.065024163,13.060887501554,
    -1.510175044639E-02));
#1538 = DIRECTION('',(-2.553078841397E-06,5.34302746143E-07,
    -0.999999999997));
#1539 = DIRECTION('',(-0.488744517414,0.872426957799,1.713943405626E-06)
  );
#1540 = PCURVE('',#1467,#1541);
#1541 = DEFINITIONAL_REPRESENTATION('',(#1542),#1545);
#1542 = B_SPLINE_CURVE_WITH_KNOTS('',1,(#1543,#1544),.UNSPECIFIED.,.F.,
  .F.,(2,2),(5.223759453672,6.79388429542),.PIECEWISE_BEZIER_KNOTS.);
#1543 = CARTESIAN_POINT('',(7.201805146844E-04,2.014391219843));
#1544 = CARTESIAN_POINT('',(1.570845278705,2.014312415577));
#1545 = ( GEOMETRIC_REPRESENTATION_CONTEXT(2) 
PARAMETRIC_REPRESENTATION_CONTEXT() REPRESENTATION_CONTEXT('2D SPACE',''
  ) );
#1546 = PCURVE('',#1547,#1552);
#1547 = PLANE('',#1548);
#1548 = AXIS2_PLACEMENT_3D('',#1549,#1550,#1551);
#1549 = CARTESIAN_POINT('',(8.73412462621E-02,0.283163750094,
    -1.514215664512E-02));
#1550 = DIRECTION('',(2.553078841397E-06,-5.34302746143E-07,
    0.999999999997));
#1551 = DIRECTION('',(0.999999999997,2.625329092576E-27,
    -2.553078841397E-06));
#1552 = DEFINITIONAL_REPRESENTATION('',(#1553),#1561);
#1553 = ( BOUNDED_CURVE() B_SPLINE_CURVE(2,(#1554,#1555,#1556,#1557,
#1558,#1559,#1560),.UNSPECIFIED.,.T.,.F.) B_SPLINE_CURVE_WITH_KNOTS((1,2
    ,2,2,2,1),(-2.094395102393,0.,2.094395102393,4.188790204786,
6.28318530718,8.377580409573),.UNSPECIFIED.) CURVE() 
GEOMETRIC_REPRESENTATION_ITEM() RATIONAL_B_SPLINE_CURVE((1.,0.5,1.,0.5,
1.,0.5,1.)) REPRESENTATION_ITEM('') );
#1554 = CARTESIAN_POINT('',(-13.39813683634,13.216434797318));
#1555 = CARTESIAN_POINT('',(-12.63826701508,13.642123395973));
#1556 = CARTESIAN_POINT('',(-12.64954478518,12.771212527861));
#1557 = CARTESIAN_POINT('',(-12.66082255527,11.90030165975));
#1558 = CARTESIAN_POINT('',(-13.40941460644,12.345523929207));
#1559 = CARTESIAN_POINT('',(-14.15800665761,12.790746198664));
#1560 = CARTESIAN_POINT('',(-13.39813683634,13.216434797318));
#1561 = ( GEOMETRIC_REPRESENTATION_CONTEXT(2) 
PARAMETRIC_REPRESENTATION_CONTEXT() REPRESENTATION_CONTEXT('2D SPACE',''
  ) );
#1562 = ADVANCED_FACE('',(#1563),#654,.T.);
#1563 = FACE_BOUND('',#1564,.T.);
#1564 = EDGE_LOOP('',(#1565,#1594,#1615,#1636,#1637));
#1565 = ORIENTED_EDGE('',*,*,#1566,.F.);
#1566 = EDGE_CURVE('',#1567,#1569,#1571,.T.);
#1567 = VERTEX_POINT('',#1568);
#1568 = CARTESIAN_POINT('',(-4.522500038195,-13.57124996185,
    1.995001027109));
#1569 = VERTEX_POINT('',#1570);
#1570 = CARTESIAN_POINT('',(-4.533876528662,-13.57113381436,
    1.994999965848));
#1571 = SURFACE_CURVE('',#1572,(#1577,#1583),.PCURVE_S1.);
#1572 = CIRCLE('',#1573,0.502125282857);
#1573 = AXIS2_PLACEMENT_3D('',#1574,#1575,#1576);
#1574 = CARTESIAN_POINT('',(-4.523062466475,-13.06912499398,
    1.995001009663));
#1575 = DIRECTION('',(9.329170357142E-05,6.962657895497E-08,
    -0.999999995648));
#1576 = DIRECTION('',(-0.999999717142,7.463325953412E-04,
    -9.329162562451E-05));
#1577 = PCURVE('',#654,#1578);
#1578 = DEFINITIONAL_REPRESENTATION('',(#1579),#1582);
#1579 = B_SPLINE_CURVE_WITH_KNOTS('',1,(#1580,#1581),.UNSPECIFIED.,.F.,
  .F.,(2,2),(4.710522551967,4.733180894751),.PIECEWISE_BEZIER_KNOTS.);
#1580 = CARTESIAN_POINT('',(1.572662755213,2.122752148988E-03));
#1581 = CARTESIAN_POINT('',(1.550004412429,2.122752148988E-03));
#1582 = ( GEOMETRIC_REPRESENTATION_CONTEXT(2) 
PARAMETRIC_REPRESENTATION_CONTEXT() REPRESENTATION_CONTEXT('2D SPACE',''
  ) );
#1583 = PCURVE('',#1584,#1589);
#1584 = CYLINDRICAL_SURFACE('',#1585,6.796691367265E+04);
#1585 = AXIS2_PLACEMENT_3D('',#1586,#1587,#1588);
#1586 = CARTESIAN_POINT('',(-12.69708364965,-6.798048480204E+04,
    -1.541028680511));
#1587 = DIRECTION('',(0.968299615546,1.097326403124E-06,0.249791622222)
  );
#1588 = DIRECTION('',(-1.644731933327E-06,0.999999999997,
    1.982720201708E-06));
#1589 = DEFINITIONAL_REPRESENTATION('',(#1590),#1593);
#1590 = B_SPLINE_CURVE_WITH_KNOTS('',1,(#1591,#1592),.UNSPECIFIED.,.F.,
  .F.,(2,2),(4.710522551967,4.733180894751),.PIECEWISE_BEZIER_KNOTS.);
#1591 = CARTESIAN_POINT('',(1.800262286993E-05,8.873298653908));
#1592 = CARTESIAN_POINT('',(1.804441852922E-05,8.86228253758));
#1593 = ( GEOMETRIC_REPRESENTATION_CONTEXT(2) 
PARAMETRIC_REPRESENTATION_CONTEXT() REPRESENTATION_CONTEXT('2D SPACE',''
  ) );
#1594 = ORIENTED_EDGE('',*,*,#1595,.F.);
#1595 = EDGE_CURVE('',#1596,#1567,#1598,.T.);
#1596 = VERTEX_POINT('',#1597);
#1597 = CARTESIAN_POINT('',(-4.522500038147,-13.57124996185,
    6.014939374476));
#1598 = SURFACE_CURVE('',#1599,(#1603,#1609),.PCURVE_S1.);
#1599 = LINE('',#1600,#1601);
#1600 = CARTESIAN_POINT('',(-4.522500038147,-13.57124996185,
    6.014999866486));
#1601 = VECTOR('',#1602,1.);
#1602 = DIRECTION('',(0.,0.,-1.));
#1603 = PCURVE('',#654,#1604);
#1604 = DEFINITIONAL_REPRESENTATION('',(#1605),#1608);
#1605 = B_SPLINE_CURVE_WITH_KNOTS('',1,(#1606,#1607),.UNSPECIFIED.,.F.,
  .F.,(2,2),(6.049200954976E-05,4.019998839376),
  .PIECEWISE_BEZIER_KNOTS.);
#1606 = CARTESIAN_POINT('',(1.57340963425,4.02206108196));
#1607 = CARTESIAN_POINT('',(1.572662755307,2.122752086574E-03));
#1608 = ( GEOMETRIC_REPRESENTATION_CONTEXT(2) 
PARAMETRIC_REPRESENTATION_CONTEXT() REPRESENTATION_CONTEXT('2D SPACE',''
  ) );
#1609 = PCURVE('',#1584,#1610);
#1610 = DEFINITIONAL_REPRESENTATION('',(#1611),#1614);
#1611 = B_SPLINE_CURVE_WITH_KNOTS('',1,(#1612,#1613),.UNSPECIFIED.,.F.,
  .F.,(2,2),(6.049200954976E-05,4.019998839376),
  .PIECEWISE_BEZIER_KNOTS.);
#1612 = CARTESIAN_POINT('',(7.527320561406E-05,9.877445574959));
#1613 = CARTESIAN_POINT('',(1.800262286887E-05,8.873298653938));
#1614 = ( GEOMETRIC_REPRESENTATION_CONTEXT(2) 
PARAMETRIC_REPRESENTATION_CONTEXT() REPRESENTATION_CONTEXT('2D SPACE',''
  ) );
#1615 = ORIENTED_EDGE('',*,*,#1616,.F.);
#1616 = EDGE_CURVE('',#639,#1596,#1617,.T.);
#1617 = SURFACE_CURVE('',#1618,(#1623,#1629),.PCURVE_S1.);
#1618 = CIRCLE('',#1619,0.502125285322);
#1619 = AXIS2_PLACEMENT_3D('',#1620,#1621,#1622);
#1620 = CARTESIAN_POINT('',(-4.523437491601,-13.06912527387,
    6.014920365269));
#1621 = DIRECTION('',(-1.754460486334E-06,3.785426852777E-05,
    0.999999999282));
#1622 = DIRECTION('',(-0.92385124329,-0.382751721232,1.286792594263E-05)
  );
#1623 = PCURVE('',#654,#1624);
#1624 = DEFINITIONAL_REPRESENTATION('',(#1625),#1628);
#1625 = B_SPLINE_CURVE_WITH_KNOTS('',1,(#1626,#1627),.UNSPECIFIED.,.F.,
  .F.,(2,2),(5.88966597606,7.463075606842),.PIECEWISE_BEZIER_KNOTS.);
#1626 = CARTESIAN_POINT('',(0.,4.022088074187));
#1627 = CARTESIAN_POINT('',(1.57340963425,4.022061081949));
#1628 = ( GEOMETRIC_REPRESENTATION_CONTEXT(2) 
PARAMETRIC_REPRESENTATION_CONTEXT() REPRESENTATION_CONTEXT('2D SPACE',''
  ) );
#1629 = PCURVE('',#566,#1630);
#1630 = DEFINITIONAL_REPRESENTATION('',(#1631),#1635);
#1631 = CIRCLE('',#1632,0.502125285322);
#1632 = AXIS2_PLACEMENT_2D('',#1633,#1634);
#1633 = CARTESIAN_POINT('',(-4.523280383413,-0.251564536859));
#1634 = DIRECTION('',(-0.923851243266,-0.382751721507));
#1635 = ( GEOMETRIC_REPRESENTATION_CONTEXT(2) 
PARAMETRIC_REPRESENTATION_CONTEXT() REPRESENTATION_CONTEXT('2D SPACE',''
  ) );
#1636 = ORIENTED_EDGE('',*,*,#638,.T.);
#1637 = ORIENTED_EDGE('',*,*,#1638,.F.);
#1638 = EDGE_CURVE('',#1569,#616,#1639,.T.);
#1639 = SURFACE_CURVE('',#1640,(#1645,#1651),.PCURVE_S1.);
#1640 = CIRCLE('',#1641,0.50212528505);
#1641 = AXIS2_PLACEMENT_3D('',#1642,#1643,#1644);
#1642 = CARTESIAN_POINT('',(-4.523062465807,-13.06912499398,
    1.994993849774));
#1643 = DIRECTION('',(-1.073896550893E-07,-3.013855083847E-06,
    -0.999999999995));
#1644 = DIRECTION('',(-0.999455481582,-3.299606546285E-02,
    2.067765390873E-07));
#1645 = PCURVE('',#654,#1646);
#1646 = DEFINITIONAL_REPRESENTATION('',(#1647),#1650);
#1647 = B_SPLINE_CURVE_WITH_KNOTS('',1,(#1648,#1649),.UNSPECIFIED.,.F.,
  .F.,(2,2),(4.766929284402,6.316933695591),.PIECEWISE_BEZIER_KNOTS.);
#1648 = CARTESIAN_POINT('',(1.550004411573,2.118150219148E-03));
#1649 = CARTESIAN_POINT('',(0.,2.162489138193E-03));
#1650 = ( GEOMETRIC_REPRESENTATION_CONTEXT(2) 
PARAMETRIC_REPRESENTATION_CONTEXT() REPRESENTATION_CONTEXT('2D SPACE',''
  ) );
#1651 = PCURVE('',#71,#1652);
#1652 = DEFINITIONAL_REPRESENTATION('',(#1653),#1661);
#1653 = ( BOUNDED_CURVE() B_SPLINE_CURVE(2,(#1654,#1655,#1656,#1657,
#1658,#1659,#1660),.UNSPECIFIED.,.T.,.F.) B_SPLINE_CURVE_WITH_KNOTS((1,2
    ,2,2,2,1),(-2.094395102393,0.,2.094395102393,4.188790204786,
6.28318530718,8.377580409573),.UNSPECIFIED.) CURVE() 
GEOMETRIC_REPRESENTATION_ITEM() RATIONAL_B_SPLINE_CURVE((1.,0.5,1.,0.5,
1.,0.5,1.)) REPRESENTATION_ITEM('') );
#1654 = CARTESIAN_POINT('',(-3.657139715114,-10.77395192283));
#1655 = CARTESIAN_POINT('',(-3.685836607902,-9.904718988571));
#1656 = CARTESIAN_POINT('',(-2.918710358632,-10.31448321753));
#1657 = CARTESIAN_POINT('',(-2.151584109362,-10.7242474465));
#1658 = CARTESIAN_POINT('',(-2.890013465844,-11.18371615179));
#1659 = CARTESIAN_POINT('',(-3.628442822326,-11.64318485709));
#1660 = CARTESIAN_POINT('',(-3.657139715114,-10.77395192283));
#1661 = ( GEOMETRIC_REPRESENTATION_CONTEXT(2) 
PARAMETRIC_REPRESENTATION_CONTEXT() REPRESENTATION_CONTEXT('2D SPACE',''
  ) );
#1662 = ADVANCED_FACE('',(#1663),#1678,.T.);
#1663 = FACE_BOUND('',#1664,.T.);
#1664 = EDGE_LOOP('',(#1665,#1694,#1721,#1742));
#1665 = ORIENTED_EDGE('',*,*,#1666,.F.);
#1666 = EDGE_CURVE('',#1667,#1669,#1671,.T.);
#1667 = VERTEX_POINT('',#1668);
#1668 = CARTESIAN_POINT('',(-13.56746703644,-13.06800034798,
    -1.501807317149E-02));
#1669 = VERTEX_POINT('',#1670);
#1670 = CARTESIAN_POINT('',(-13.56741884895,-13.06875046275,
    1.99499481986));
#1671 = SURFACE_CURVE('',#1672,(#1677,#1688),.PCURVE_S1.);
#1672 = B_SPLINE_CURVE_WITH_KNOTS('',3,(#1673,#1674,#1675,#1676),
  .UNSPECIFIED.,.F.,.F.,(4,4),(0.,2.009994993368),
  .PIECEWISE_BEZIER_KNOTS.);
#1673 = CARTESIAN_POINT('',(-13.56748399436,-13.06800081669,
    -1.50000001955E-02));
#1674 = CARTESIAN_POINT('',(-13.567462294,-13.0682508182,0.654998273118)
  );
#1675 = CARTESIAN_POINT('',(-13.56744057884,-13.06850070022,
    1.32499654647));
#1676 = CARTESIAN_POINT('',(-13.56741884895,-13.06875046275,
    1.99499481986));
#1677 = PCURVE('',#1678,#1683);
#1678 = CONICAL_SURFACE('',#1679,0.501914444284,4.269303690068E-04);
#1679 = AXIS2_PLACEMENT_3D('',#1680,#1681,#1682);
#1680 = CARTESIAN_POINT('',(-13.06550471316,-13.06926442456,
    1.99499878191));
#1681 = DIRECTION('',(3.943905594062E-04,2.680172858347E-04,
    -0.999999886311));
#1682 = DIRECTION('',(-0.999999922228,-5.293955920339E-23,
    -3.943905735714E-04));
#1683 = DEFINITIONAL_REPRESENTATION('',(#1684),#1687);
#1684 = B_SPLINE_CURVE_WITH_KNOTS('',1,(#1685,#1686),.UNSPECIFIED.,.F.,
  .F.,(2,2),(0.,2.009994993368),.PIECEWISE_BEZIER_KNOTS.);
#1685 = CARTESIAN_POINT('',(6.284627205406,2.009800916371));
#1686 = CARTESIAN_POINT('',(6.284209413917,-1.938503966087E-04));
#1687 = ( GEOMETRIC_REPRESENTATION_CONTEXT(2) 
PARAMETRIC_REPRESENTATION_CONTEXT() REPRESENTATION_CONTEXT('2D SPACE',''
  ) );
#1688 = PCURVE('',#1478,#1689);
#1689 = DEFINITIONAL_REPRESENTATION('',(#1690),#1693);
#1690 = B_SPLINE_CURVE_WITH_KNOTS('',1,(#1691,#1692),.UNSPECIFIED.,.F.,
  .F.,(2,2),(0.,2.009994993368),.PIECEWISE_BEZIER_KNOTS.);
#1691 = CARTESIAN_POINT('',(6.283141598282,-2.596312689307));
#1692 = CARTESIAN_POINT('',(6.283135906799,-0.987675518983));
#1693 = ( GEOMETRIC_REPRESENTATION_CONTEXT(2) 
PARAMETRIC_REPRESENTATION_CONTEXT() REPRESENTATION_CONTEXT('2D SPACE',''
  ) );
#1694 = ORIENTED_EDGE('',*,*,#1695,.F.);
#1695 = EDGE_CURVE('',#1696,#1667,#1698,.T.);
#1696 = VERTEX_POINT('',#1697);
#1697 = CARTESIAN_POINT('',(-13.06499945481,-13.57124996201,
    -1.511598013365E-02));
#1698 = SURFACE_CURVE('',#1699,(#1704,#1710),.PCURVE_S1.);
#1699 = CIRCLE('',#1700,0.502772680952);
#1700 = AXIS2_PLACEMENT_3D('',#1701,#1702,#1703);
#1701 = CARTESIAN_POINT('',(-13.06471185768,-13.06872562166,
    -1.511571236778E-02));
#1702 = DIRECTION('',(-2.553078841397E-06,5.34302746143E-07,
    -0.999999999997));
#1703 = DIRECTION('',(0.829288218743,0.558821125452,-1.818658542766E-06)
  );
#1704 = PCURVE('',#1678,#1705);
#1705 = DEFINITIONAL_REPRESENTATION('',(#1706),#1709);
#1706 = B_SPLINE_CURVE_WITH_KNOTS('',1,(#1707,#1708),.UNSPECIFIED.,.F.,
  .F.,(2,2),(2.164332199749,3.735998818967),.PIECEWISE_BEZIER_KNOTS.);
#1707 = CARTESIAN_POINT('',(4.712961115978,2.00998012554));
#1708 = CARTESIAN_POINT('',(6.284628125301,2.009915344657));
#1709 = ( GEOMETRIC_REPRESENTATION_CONTEXT(2) 
PARAMETRIC_REPRESENTATION_CONTEXT() REPRESENTATION_CONTEXT('2D SPACE',''
  ) );
#1710 = PCURVE('',#1547,#1711);
#1711 = DEFINITIONAL_REPRESENTATION('',(#1712),#1720);
#1712 = ( BOUNDED_CURVE() B_SPLINE_CURVE(2,(#1713,#1714,#1715,#1716,
#1717,#1718,#1719),.UNSPECIFIED.,.T.,.F.) B_SPLINE_CURVE_WITH_KNOTS((1,2
    ,2,2,2,1),(-2.094395102393,0.,2.094395102393,4.188790204786,
6.28318530718,8.377580409573),.UNSPECIFIED.) CURVE() 
GEOMETRIC_REPRESENTATION_ITEM() RATIONAL_B_SPLINE_CURVE((1.,0.5,1.,0.5,
1.,0.5,1.)) REPRESENTATION_ITEM('') );
#1713 = CARTESIAN_POINT('',(-12.73510964295,-13.07092937634));
#1714 = CARTESIAN_POINT('',(-12.248472656,-13.79309663471));
#1715 = CARTESIAN_POINT('',(-13.117206341,-13.85345299865));
#1716 = CARTESIAN_POINT('',(-13.98594002601,-13.91380936259));
#1717 = CARTESIAN_POINT('',(-13.60384332796,-13.13128574028));
#1718 = CARTESIAN_POINT('',(-13.22174662991,-12.34876211797));
#1719 = CARTESIAN_POINT('',(-12.73510964295,-13.07092937634));
#1720 = ( GEOMETRIC_REPRESENTATION_CONTEXT(2) 
PARAMETRIC_REPRESENTATION_CONTEXT() REPRESENTATION_CONTEXT('2D SPACE',''
  ) );
#1721 = ORIENTED_EDGE('',*,*,#1722,.F.);
#1722 = EDGE_CURVE('',#1723,#1696,#1725,.T.);
#1723 = VERTEX_POINT('',#1724);
#1724 = CARTESIAN_POINT('',(-13.06499958038,-13.57124996185,
    1.994996280286));
#1725 = SURFACE_CURVE('',#1726,(#1730,#1736),.PCURVE_S1.);
#1726 = LINE('',#1727,#1728);
#1727 = CARTESIAN_POINT('',(-13.06499958038,-13.57124996185,
    1.995000004768));
#1728 = VECTOR('',#1729,1.);
#1729 = DIRECTION('',(0.,0.,-1.));
#1730 = PCURVE('',#1678,#1731);
#1731 = DEFINITIONAL_REPRESENTATION('',(#1732),#1735);
#1732 = B_SPLINE_CURVE_WITH_KNOTS('',1,(#1733,#1734),.UNSPECIFIED.,.F.,
  .F.,(2,2),(3.724482460044E-06,2.010115984902),
  .PIECEWISE_BEZIER_KNOTS.);
#1733 = CARTESIAN_POINT('',(4.711382713148,-1.31809481024E-04));
#1734 = CARTESIAN_POINT('',(4.712961365767,2.009980085963));
#1735 = ( GEOMETRIC_REPRESENTATION_CONTEXT(2) 
PARAMETRIC_REPRESENTATION_CONTEXT() REPRESENTATION_CONTEXT('2D SPACE',''
  ) );
#1736 = PCURVE('',#1584,#1737);
#1737 = DEFINITIONAL_REPRESENTATION('',(#1738),#1741);
#1738 = B_SPLINE_CURVE_WITH_KNOTS('',1,(#1739,#1740),.UNSPECIFIED.,.F.,
  .F.,(2,2),(3.724482460044E-06,2.010115984902),
  .PIECEWISE_BEZIER_KNOTS.);
#1739 = CARTESIAN_POINT('',(4.939790194672E-05,0.601598445672));
#1740 = CARTESIAN_POINT('',(2.076057203984E-05,9.948924329398E-02));
#1741 = ( GEOMETRIC_REPRESENTATION_CONTEXT(2) 
PARAMETRIC_REPRESENTATION_CONTEXT() REPRESENTATION_CONTEXT('2D SPACE',''
  ) );
#1742 = ORIENTED_EDGE('',*,*,#1743,.F.);
#1743 = EDGE_CURVE('',#1669,#1723,#1744,.T.);
#1744 = SURFACE_CURVE('',#1745,(#1750,#1756),.PCURVE_S1.);
#1745 = CIRCLE('',#1746,0.501914503489);
#1746 = AXIS2_PLACEMENT_3D('',#1747,#1748,#1749);
#1747 = CARTESIAN_POINT('',(-13.06550462704,-13.06926436541,
    1.994994767564));
#1748 = DIRECTION('',(1.073896550893E-07,3.013855083847E-06,
    0.999999999995));
#1749 = DIRECTION('',(0.824223488754,0.566264638295,-1.795152635109E-06)
  );
#1750 = PCURVE('',#1678,#1751);
#1751 = DEFINITIONAL_REPRESENTATION('',(#1752),#1755);
#1752 = B_SPLINE_CURVE_WITH_KNOTS('',1,(#1753,#1754),.UNSPECIFIED.,.F.,
  .F.,(2,2),(2.538601983112,4.111428292561),.PIECEWISE_BEZIER_KNOTS.);
#1753 = CARTESIAN_POINT('',(6.284209413917,-1.938504521013E-04));
#1754 = CARTESIAN_POINT('',(4.711382713124,-1.318207684393E-04));
#1755 = ( GEOMETRIC_REPRESENTATION_CONTEXT(2) 
PARAMETRIC_REPRESENTATION_CONTEXT() REPRESENTATION_CONTEXT('2D SPACE',''
  ) );
#1756 = PCURVE('',#71,#1757);
#1757 = DEFINITIONAL_REPRESENTATION('',(#1758),#1762);
#1758 = CIRCLE('',#1759,0.501914503489);
#1759 = AXIS2_PLACEMENT_2D('',#1760,#1761);
#1760 = CARTESIAN_POINT('',(-11.69773000776,-10.75752313548));
#1761 = DIRECTION('',(0.824223488754,0.566264638297));
#1762 = ( GEOMETRIC_REPRESENTATION_CONTEXT(2) 
PARAMETRIC_REPRESENTATION_CONTEXT() REPRESENTATION_CONTEXT('2D SPACE',''
  ) );
#1763 = ADVANCED_FACE('',(#1764),#762,.T.);
#1764 = FACE_BOUND('',#1765,.T.);
#1765 = EDGE_LOOP('',(#1766,#1767,#1794,#1816,#1817,#1839));
#1766 = ORIENTED_EDGE('',*,*,#746,.T.);
#1767 = ORIENTED_EDGE('',*,*,#1768,.F.);
#1768 = EDGE_CURVE('',#1769,#724,#1771,.T.);
#1769 = VERTEX_POINT('',#1770);
#1770 = CARTESIAN_POINT('',(-13.56768047285,11.559591050613,
    1.999325004344));
#1771 = SURFACE_CURVE('',#1772,(#1777,#1783),.PCURVE_S1.);
#1772 = CIRCLE('',#1773,0.502667834606);
#1773 = AXIS2_PLACEMENT_3D('',#1774,#1775,#1776);
#1774 = CARTESIAN_POINT('',(-13.06515108557,11.553590266407,
    1.994920557811));
#1775 = DIRECTION('',(-1.073896550893E-07,-3.013855083847E-06,
    -0.999999999995));
#1776 = DIRECTION('',(0.187531414703,0.98225860571,-2.980524026427E-06)
  );
#1777 = PCURVE('',#762,#1778);
#1778 = DEFINITIONAL_REPRESENTATION('',(#1779),#1782);
#1779 = B_SPLINE_CURVE_WITH_KNOTS('',1,(#1780,#1781),.UNSPECIFIED.,.F.,
  .F.,(2,2),(4.547174473785,6.093347072268),.PIECEWISE_BEZIER_KNOTS.);
#1780 = CARTESIAN_POINT('',(3.165026514415,4.024264372066));
#1781 = CARTESIAN_POINT('',(4.711199113509,4.024251430058));
#1782 = ( GEOMETRIC_REPRESENTATION_CONTEXT(2) 
PARAMETRIC_REPRESENTATION_CONTEXT() REPRESENTATION_CONTEXT('2D SPACE',''
  ) );
#1783 = PCURVE('',#71,#1784);
#1784 = DEFINITIONAL_REPRESENTATION('',(#1785),#1793);
#1785 = ( BOUNDED_CURVE() B_SPLINE_CURVE(2,(#1786,#1787,#1788,#1789,
#1790,#1791,#1792),.UNSPECIFIED.,.T.,.F.) B_SPLINE_CURVE_WITH_KNOTS((1,2
    ,2,2,2,1),(-2.094395102393,0.,2.094395102393,4.188790204786,
6.28318530718,8.377580409573),.UNSPECIFIED.) CURVE() 
GEOMETRIC_REPRESENTATION_ITEM() RATIONAL_B_SPLINE_CURVE((1.,0.5,1.,0.5,
1.,0.5,1.)) REPRESENTATION_ITEM('') );
#1786 = CARTESIAN_POINT('',(-11.60311045614,14.359081302803));
#1787 = CARTESIAN_POINT('',(-10.7479107053,14.195807783797));
#1788 = CARTESIAN_POINT('',(-11.31690959594,13.536819833763));
#1789 = CARTESIAN_POINT('',(-11.88590848658,12.87783188373));
#1790 = CARTESIAN_POINT('',(-12.17210934678,13.700093352769));
#1791 = CARTESIAN_POINT('',(-12.45831020697,14.522354821809));
#1792 = CARTESIAN_POINT('',(-11.60311045614,14.359081302803));
#1793 = ( GEOMETRIC_REPRESENTATION_CONTEXT(2) 
PARAMETRIC_REPRESENTATION_CONTEXT() REPRESENTATION_CONTEXT('2D SPACE',''
  ) );
#1794 = ORIENTED_EDGE('',*,*,#1795,.T.);
#1795 = EDGE_CURVE('',#1769,#1796,#1798,.T.);
#1796 = VERTEX_POINT('',#1797);
#1797 = CARTESIAN_POINT('',(-13.56781889126,11.553749901337,
    1.995000269181));
#1798 = SURFACE_CURVE('',#1799,(#1804,#1810),.PCURVE_S1.);
#1799 = B_SPLINE_CURVE_WITH_KNOTS('',3,(#1800,#1801,#1802,#1803),
  .UNSPECIFIED.,.F.,.F.,(4,4),(1.651454368515E-05,4.019999611063),
  .PIECEWISE_BEZIER_KNOTS.);
#1800 = CARTESIAN_POINT('',(-13.56764484723,11.553750055139,
    6.014983358208));
#1801 = CARTESIAN_POINT('',(-13.56770286526,11.553749993416,4.6749889952
    ));
#1802 = CARTESIAN_POINT('',(-13.56776087994,11.553749942148,
    3.33499463219));
#1803 = CARTESIAN_POINT('',(-13.56781889126,11.553749901334,
    1.995000269181));
#1804 = PCURVE('',#762,#1805);
#1805 = DEFINITIONAL_REPRESENTATION('',(#1806),#1809);
#1806 = B_SPLINE_CURVE_WITH_KNOTS('',1,(#1807,#1808),.UNSPECIFIED.,.F.,
  .F.,(2,2),(4.011302266811,4.019999611063),.PIECEWISE_BEZIER_KNOTS.);
#1807 = CARTESIAN_POINT('',(3.141909791187,4.015487626827));
#1808 = CARTESIAN_POINT('',(3.141910224246,4.024184971062));
#1809 = ( GEOMETRIC_REPRESENTATION_CONTEXT(2) 
PARAMETRIC_REPRESENTATION_CONTEXT() REPRESENTATION_CONTEXT('2D SPACE',''
  ) );
#1810 = PCURVE('',#762,#1811);
#1811 = DEFINITIONAL_REPRESENTATION('',(#1812),#1815);
#1812 = B_SPLINE_CURVE_WITH_KNOTS('',1,(#1813,#1814),.UNSPECIFIED.,.F.,
  .F.,(2,2),(4.011302266811,4.019999611063),.PIECEWISE_BEZIER_KNOTS.);
#1813 = CARTESIAN_POINT('',(3.141909791187,4.015487626827));
#1814 = CARTESIAN_POINT('',(3.141910224246,4.024184971062));
#1815 = ( GEOMETRIC_REPRESENTATION_CONTEXT(2) 
PARAMETRIC_REPRESENTATION_CONTEXT() REPRESENTATION_CONTEXT('2D SPACE',''
  ) );
#1816 = ORIENTED_EDGE('',*,*,#1795,.F.);
#1817 = ORIENTED_EDGE('',*,*,#1818,.F.);
#1818 = EDGE_CURVE('',#1819,#1769,#1821,.T.);
#1819 = VERTEX_POINT('',#1820);
#1820 = CARTESIAN_POINT('',(-13.56764484723,11.553750055139,
    6.014983358208));
#1821 = SURFACE_CURVE('',#1822,(#1827,#1833),.PCURVE_S1.);
#1822 = B_SPLINE_CURVE_WITH_KNOTS('',3,(#1823,#1824,#1825,#1826),
  .UNSPECIFIED.,.F.,.F.,(4,4),(1.651454368515E-05,4.019999611063),
  .PIECEWISE_BEZIER_KNOTS.);
#1823 = CARTESIAN_POINT('',(-13.56764484723,11.553750055139,
    6.014983358208));
#1824 = CARTESIAN_POINT('',(-13.56770286526,11.553749993416,4.6749889952
    ));
#1825 = CARTESIAN_POINT('',(-13.56776087994,11.553749942148,
    3.33499463219));
#1826 = CARTESIAN_POINT('',(-13.56781889126,11.553749901334,
    1.995000269181));
#1827 = PCURVE('',#762,#1828);
#1828 = DEFINITIONAL_REPRESENTATION('',(#1829),#1832);
#1829 = B_SPLINE_CURVE_WITH_KNOTS('',1,(#1830,#1831),.UNSPECIFIED.,.F.,
  .F.,(2,2),(1.651454368515E-05,4.011302266811),
  .PIECEWISE_BEZIER_KNOTS.);
#1830 = CARTESIAN_POINT('',(3.141710061147,4.201882579638E-03));
#1831 = CARTESIAN_POINT('',(3.141909791187,4.015487626827));
#1832 = ( GEOMETRIC_REPRESENTATION_CONTEXT(2) 
PARAMETRIC_REPRESENTATION_CONTEXT() REPRESENTATION_CONTEXT('2D SPACE',''
  ) );
#1833 = PCURVE('',#1478,#1834);
#1834 = DEFINITIONAL_REPRESENTATION('',(#1835),#1838);
#1835 = B_SPLINE_CURVE_WITH_KNOTS('',1,(#1836,#1837),.UNSPECIFIED.,.F.,
  .F.,(2,2),(1.651454368515E-05,4.011302266811),
  .PIECEWISE_BEZIER_KNOTS.);
#1836 = CARTESIAN_POINT('',(6.283217619705,16.986167429398));
#1837 = CARTESIAN_POINT('',(6.283228972369,13.774962345888));
#1838 = ( GEOMETRIC_REPRESENTATION_CONTEXT(2) 
PARAMETRIC_REPRESENTATION_CONTEXT() REPRESENTATION_CONTEXT('2D SPACE',''
  ) );
#1839 = ORIENTED_EDGE('',*,*,#1840,.F.);
#1840 = EDGE_CURVE('',#747,#1819,#1841,.T.);
#1841 = SURFACE_CURVE('',#1842,(#1847,#1853),.PCURVE_S1.);
#1842 = CIRCLE('',#1843,0.502511128652);
#1843 = AXIS2_PLACEMENT_3D('',#1844,#1845,#1846);
#1844 = CARTESIAN_POINT('',(-13.06513372234,11.553691056333,
    6.014994073781));
#1845 = DIRECTION('',(-2.132425343501E-05,-1.723756488934E-06,
    0.999999999771));
#1846 = DIRECTION('',(0.691405160717,0.722467233498,1.598905645884E-05)
  );
#1847 = PCURVE('',#762,#1848);
#1848 = DEFINITIONAL_REPRESENTATION('',(#1849),#1852);
#1849 = B_SPLINE_CURVE_WITH_KNOTS('',1,(#1850,#1851),.UNSPECIFIED.,.F.,
  .F.,(2,2),(0.763165278559,2.334111113659),.PIECEWISE_BEZIER_KNOTS.);
#1850 = CARTESIAN_POINT('',(4.712655895607,4.175529574195E-03));
#1851 = CARTESIAN_POINT('',(3.141710061147,4.201882579652E-03));
#1852 = ( GEOMETRIC_REPRESENTATION_CONTEXT(2) 
PARAMETRIC_REPRESENTATION_CONTEXT() REPRESENTATION_CONTEXT('2D SPACE',''
  ) );
#1853 = PCURVE('',#787,#1854);
#1854 = DEFINITIONAL_REPRESENTATION('',(#1855),#1859);
#1855 = CIRCLE('',#1856,0.502511128652);
#1856 = AXIS2_PLACEMENT_2D('',#1857,#1858);
#1857 = CARTESIAN_POINT('',(-0.25518206136,11.477741739493));
#1858 = DIRECTION('',(0.691405160901,0.722467233499));
#1859 = ( GEOMETRIC_REPRESENTATION_CONTEXT(2) 
PARAMETRIC_REPRESENTATION_CONTEXT() REPRESENTATION_CONTEXT('2D SPACE',''
  ) );
#1860 = ADVANCED_FACE('',(#1861),#848,.T.);
#1861 = FACE_BOUND('',#1862,.T.);
#1862 = EDGE_LOOP('',(#1863,#1886,#1907,#1929,#1954));
#1863 = ORIENTED_EDGE('',*,*,#1864,.F.);
#1864 = EDGE_CURVE('',#1865,#803,#1867,.T.);
#1865 = VERTEX_POINT('',#1866);
#1866 = CARTESIAN_POINT('',(-13.56750011444,-11.56124973297,
    6.014943516664));
#1867 = SURFACE_CURVE('',#1868,(#1873,#1879),.PCURVE_S1.);
#1868 = CIRCLE('',#1869,0.501985837168);
#1869 = AXIS2_PLACEMENT_3D('',#1870,#1871,#1872);
#1870 = CARTESIAN_POINT('',(-13.06544436151,-11.56161378495,6.014954222)
  );
#1871 = DIRECTION('',(-2.132425343501E-05,-1.723756488934E-06,
    0.999999999771));
#1872 = DIRECTION('',(0.906395211059,0.422430729193,2.005636890807E-05)
  );
#1873 = PCURVE('',#848,#1874);
#1874 = DEFINITIONAL_REPRESENTATION('',(#1875),#1878);
#1875 = B_SPLINE_CURVE_WITH_KNOTS('',1,(#1876,#1877),.UNSPECIFIED.,.F.,
  .F.,(2,2),(2.704742127385,4.27715066071),.PIECEWISE_BEZIER_KNOTS.);
#1876 = CARTESIAN_POINT('',(5.49729430307,4.021964137922));
#1877 = CARTESIAN_POINT('',(7.069702907301,4.022028570924));
#1878 = ( GEOMETRIC_REPRESENTATION_CONTEXT(2) 
PARAMETRIC_REPRESENTATION_CONTEXT() REPRESENTATION_CONTEXT('2D SPACE',''
  ) );
#1879 = PCURVE('',#787,#1880);
#1880 = DEFINITIONAL_REPRESENTATION('',(#1881),#1885);
#1881 = CIRCLE('',#1882,0.501985837168);
#1882 = AXIS2_PLACEMENT_2D('',#1883,#1884);
#1883 = CARTESIAN_POINT('',(-0.255492701388,-11.63756310183));
#1884 = DIRECTION('',(0.906395211281,0.422430729194));
#1885 = ( GEOMETRIC_REPRESENTATION_CONTEXT(2) 
PARAMETRIC_REPRESENTATION_CONTEXT() REPRESENTATION_CONTEXT('2D SPACE',''
  ) );
#1886 = ORIENTED_EDGE('',*,*,#1887,.F.);
#1887 = EDGE_CURVE('',#1888,#1865,#1890,.T.);
#1888 = VERTEX_POINT('',#1889);
#1889 = CARTESIAN_POINT('',(-13.56737762749,-11.56124973561,
    1.995000006776));
#1890 = SURFACE_CURVE('',#1891,(#1895,#1901),.PCURVE_S1.);
#1891 = LINE('',#1892,#1893);
#1892 = CARTESIAN_POINT('',(-13.56750011444,-11.56124973297,
    1.995000004768));
#1893 = VECTOR('',#1894,1.);
#1894 = DIRECTION('',(0.,0.,1.));
#1895 = PCURVE('',#848,#1896);
#1896 = DEFINITIONAL_REPRESENTATION('',(#1897),#1900);
#1897 = B_SPLINE_CURVE_WITH_KNOTS('',1,(#1898,#1899),.UNSPECIFIED.,.F.,
  .F.,(2,2),(2.007559984918E-09,4.019943511896),
  .PIECEWISE_BEZIER_KNOTS.);
#1898 = CARTESIAN_POINT('',(5.496409135549,2.020693540465E-03));
#1899 = CARTESIAN_POINT('',(5.497294303072,4.02196412986));
#1900 = ( GEOMETRIC_REPRESENTATION_CONTEXT(2) 
PARAMETRIC_REPRESENTATION_CONTEXT() REPRESENTATION_CONTEXT('2D SPACE',''
  ) );
#1901 = PCURVE('',#1478,#1902);
#1902 = DEFINITIONAL_REPRESENTATION('',(#1903),#1906);
#1903 = B_SPLINE_CURVE_WITH_KNOTS('',1,(#1904,#1905),.UNSPECIFIED.,.F.,
  .F.,(2,2),(2.007559984918E-09,4.019943511896),
  .PIECEWISE_BEZIER_KNOTS.);
#1904 = CARTESIAN_POINT('',(6.283141606187,-8.42625196928E-02));
#1905 = CARTESIAN_POINT('',(6.28313022902,3.133873381422));
#1906 = ( GEOMETRIC_REPRESENTATION_CONTEXT(2) 
PARAMETRIC_REPRESENTATION_CONTEXT() REPRESENTATION_CONTEXT('2D SPACE',''
  ) );
#1907 = ORIENTED_EDGE('',*,*,#1908,.F.);
#1908 = EDGE_CURVE('',#1909,#1888,#1911,.T.);
#1909 = VERTEX_POINT('',#1910);
#1910 = CARTESIAN_POINT('',(-13.56737809988,-11.5828038832,
    1.994999999132));
#1911 = SURFACE_CURVE('',#1912,(#1917,#1923),.PCURVE_S1.);
#1912 = B_SPLINE_CURVE_WITH_KNOTS('',3,(#1913,#1914,#1915,#1916),
  .UNSPECIFIED.,.F.,.F.,(4,4),(6.680014465324E-04,1.358488861814E-02),
  .PIECEWISE_BEZIER_KNOTS.);
#1913 = CARTESIAN_POINT('',(-13.56737809988,-11.5828038832,
    1.994999999132));
#1914 = CARTESIAN_POINT('',(-13.56737794218,-11.57561916734,
    1.99500000168));
#1915 = CARTESIAN_POINT('',(-13.56737778469,-11.56843445147,
    1.995000004228));
#1916 = CARTESIAN_POINT('',(-13.56737762746,-11.56124973561,
    1.995000006776));
#1917 = PCURVE('',#848,#1918);
#1918 = DEFINITIONAL_REPRESENTATION('',(#1919),#1922);
#1919 = B_SPLINE_CURVE_WITH_KNOTS('',1,(#1920,#1921),.UNSPECIFIED.,.F.,
  .F.,(2,2),(6.680014465324E-04,1.358488861814E-02),
  .PIECEWISE_BEZIER_KNOTS.);
#1920 = CARTESIAN_POINT('',(5.539402715815,2.018375712174E-03));
#1921 = CARTESIAN_POINT('',(5.49640874718,2.020705035114E-03));
#1922 = ( GEOMETRIC_REPRESENTATION_CONTEXT(2) 
PARAMETRIC_REPRESENTATION_CONTEXT() REPRESENTATION_CONTEXT('2D SPACE',''
  ) );
#1923 = PCURVE('',#1478,#1924);
#1924 = DEFINITIONAL_REPRESENTATION('',(#1925),#1928);
#1925 = B_SPLINE_CURVE_WITH_KNOTS('',1,(#1926,#1927),.UNSPECIFIED.,.F.,
  .F.,(2,2),(6.680014465324E-04,1.358488861814E-02),
  .PIECEWISE_BEZIER_KNOTS.);
#1926 = CARTESIAN_POINT('',(6.283141524697,-9.717940850181E-02));
#1927 = CARTESIAN_POINT('',(6.283141606187,-8.426252133044E-02));
#1928 = ( GEOMETRIC_REPRESENTATION_CONTEXT(2) 
PARAMETRIC_REPRESENTATION_CONTEXT() REPRESENTATION_CONTEXT('2D SPACE',''
  ) );
#1929 = ORIENTED_EDGE('',*,*,#1930,.F.);
#1930 = EDGE_CURVE('',#833,#1909,#1931,.T.);
#1931 = SURFACE_CURVE('',#1932,(#1937,#1943),.PCURVE_S1.);
#1932 = CIRCLE('',#1933,0.501483438393);
#1933 = AXIS2_PLACEMENT_3D('',#1934,#1935,#1936);
#1934 = CARTESIAN_POINT('',(-13.06632401671,-11.56205677507,
    1.994990225147));
#1935 = DIRECTION('',(-1.073896550893E-07,-3.013855083847E-06,
    -0.999999999995));
#1936 = DIRECTION('',(0.897968029575,0.440060697927,-1.422711648631E-06)
  );
#1937 = PCURVE('',#848,#1938);
#1938 = DEFINITIONAL_REPRESENTATION('',(#1939),#1942);
#1939 = B_SPLINE_CURVE_WITH_KNOTS('',1,(#1940,#1941),.UNSPECIFIED.,.F.,
  .F.,(2,2),(2.02531678161,3.555875637187),.PIECEWISE_BEZIER_KNOTS.);
#1940 = CARTESIAN_POINT('',(7.069961631736,2.066904231327E-03));
#1941 = CARTESIAN_POINT('',(5.539402713927,2.008718063827E-03));
#1942 = ( GEOMETRIC_REPRESENTATION_CONTEXT(2) 
PARAMETRIC_REPRESENTATION_CONTEXT() REPRESENTATION_CONTEXT('2D SPACE',''
  ) );
#1943 = PCURVE('',#71,#1944);
#1944 = DEFINITIONAL_REPRESENTATION('',(#1945),#1953);
#1945 = ( BOUNDED_CURVE() B_SPLINE_CURVE(2,(#1946,#1947,#1948,#1949,
#1950,#1951,#1952),.UNSPECIFIED.,.T.,.F.) B_SPLINE_CURVE_WITH_KNOTS((1,2
    ,2,2,2,1),(-2.094395102393,0.,2.094395102393,4.188790204786,
6.28318530718,8.377580409573),.UNSPECIFIED.) CURVE() 
GEOMETRIC_REPRESENTATION_ITEM() RATIONAL_B_SPLINE_CURVE((1.,0.5,1.,0.5,
1.,0.5,1.)) REPRESENTATION_ITEM('') );
#1946 = CARTESIAN_POINT('',(-11.2482333024,-9.029632393238));
#1947 = CARTESIAN_POINT('',(-10.86599887094,-9.80960274931));
#1948 = CARTESIAN_POINT('',(-11.73259022922,-9.750642299123));
#1949 = CARTESIAN_POINT('',(-12.59918158751,-9.691681848935));
#1950 = CARTESIAN_POINT('',(-12.11482466069,-8.970671943051));
#1951 = CARTESIAN_POINT('',(-11.63046773386,-8.249662037166));
#1952 = CARTESIAN_POINT('',(-11.2482333024,-9.029632393238));
#1953 = ( GEOMETRIC_REPRESENTATION_CONTEXT(2) 
PARAMETRIC_REPRESENTATION_CONTEXT() REPRESENTATION_CONTEXT('2D SPACE',''
  ) );
#1954 = ORIENTED_EDGE('',*,*,#832,.T.);
#1955 = ADVANCED_FACE('',(#1956),#454,.T.);
#1956 = FACE_BOUND('',#1957,.T.);
#1957 = EDGE_LOOP('',(#1958,#1987,#2008,#2009));
#1958 = ORIENTED_EDGE('',*,*,#1959,.F.);
#1959 = EDGE_CURVE('',#1960,#1962,#1964,.T.);
#1960 = VERTEX_POINT('',#1961);
#1961 = CARTESIAN_POINT('',(-11.55749988555,12.05624961853,
    6.015023009414));
#1962 = VERTEX_POINT('',#1963);
#1963 = CARTESIAN_POINT('',(-11.55749988555,12.05624961853,
    1.994918880962));
#1964 = SURFACE_CURVE('',#1965,(#1969,#1975),.PCURVE_S1.);
#1965 = LINE('',#1966,#1967);
#1966 = CARTESIAN_POINT('',(-11.55749988555,12.05624961853,
    1.992813297616));
#1967 = VECTOR('',#1968,1.);
#1968 = DIRECTION('',(0.,0.,-1.));
#1969 = PCURVE('',#454,#1970);
#1970 = DEFINITIONAL_REPRESENTATION('',(#1971),#1974);
#1971 = B_SPLINE_CURVE_WITH_KNOTS('',1,(#1972,#1973),.UNSPECIFIED.,.F.,
  .F.,(2,2),(-4.022209711798,-2.10558334627E-03),
  .PIECEWISE_BEZIER_KNOTS.);
#1972 = CARTESIAN_POINT('',(6.28318530718,4.022209711798));
#1973 = CARTESIAN_POINT('',(6.28318530718,2.10558334627E-03));
#1974 = ( GEOMETRIC_REPRESENTATION_CONTEXT(2) 
PARAMETRIC_REPRESENTATION_CONTEXT() REPRESENTATION_CONTEXT('2D SPACE',''
  ) );
#1975 = PCURVE('',#1976,#1981);
#1976 = PLANE('',#1977);
#1977 = AXIS2_PLACEMENT_3D('',#1978,#1979,#1980);
#1978 = CARTESIAN_POINT('',(-10.55268716812,12.05624961853,
    4.004999935627));
#1979 = DIRECTION('',(0.,1.,0.));
#1980 = DIRECTION('',(0.,-0.,1.));
#1981 = DEFINITIONAL_REPRESENTATION('',(#1982),#1986);
#1982 = LINE('',#1983,#1984);
#1983 = CARTESIAN_POINT('',(-2.012186638011,-1.004812717438));
#1984 = VECTOR('',#1985,1.);
#1985 = DIRECTION('',(-1.,0.));
#1986 = ( GEOMETRIC_REPRESENTATION_CONTEXT(2) 
PARAMETRIC_REPRESENTATION_CONTEXT() REPRESENTATION_CONTEXT('2D SPACE',''
  ) );
#1987 = ORIENTED_EDGE('',*,*,#1988,.F.);
#1988 = EDGE_CURVE('',#363,#1960,#1989,.T.);
#1989 = SURFACE_CURVE('',#1990,(#1995,#2001),.PCURVE_S1.);
#1990 = CIRCLE('',#1991,0.502500536975);
#1991 = AXIS2_PLACEMENT_3D('',#1992,#1993,#1994);
#1992 = CARTESIAN_POINT('',(-11.55749988555,12.558750152588,
    6.014969014413));
#1993 = DIRECTION('',(7.99953966789E-06,1.074526246094E-04,
    0.999999994195));
#1994 = DIRECTION('',(-7.424167734283E-02,-0.997240272821,
    1.077499845491E-04));
#1995 = PCURVE('',#454,#1996);
#1996 = DEFINITIONAL_REPRESENTATION('',(#1997),#2000);
#1997 = B_SPLINE_CURVE_WITH_KNOTS('',1,(#1998,#1999),.UNSPECIFIED.,.F.,
  .F.,(2,2),(4.786699029517,6.357495355452),.PIECEWISE_BEZIER_KNOTS.);
#1998 = CARTESIAN_POINT('',(4.712388980385,4.02215973657));
#1999 = CARTESIAN_POINT('',(6.28318530718,4.022209711798));
#2000 = ( GEOMETRIC_REPRESENTATION_CONTEXT(2) 
PARAMETRIC_REPRESENTATION_CONTEXT() REPRESENTATION_CONTEXT('2D SPACE',''
  ) );
#2001 = PCURVE('',#237,#2002);
#2002 = DEFINITIONAL_REPRESENTATION('',(#2003),#2007);
#2003 = CIRCLE('',#2004,0.502500536975);
#2004 = AXIS2_PLACEMENT_2D('',#2005,#2006);
#2005 = CARTESIAN_POINT('',(-1.004853042644,-0.251214338155));
#2006 = DIRECTION('',(-7.42416782024E-02,-0.997240278578));
#2007 = ( GEOMETRIC_REPRESENTATION_CONTEXT(2) 
PARAMETRIC_REPRESENTATION_CONTEXT() REPRESENTATION_CONTEXT('2D SPACE',''
  ) );
#2008 = ORIENTED_EDGE('',*,*,#440,.T.);
#2009 = ORIENTED_EDGE('',*,*,#2010,.F.);
#2010 = EDGE_CURVE('',#1962,#418,#2011,.T.);
#2011 = SURFACE_CURVE('',#2012,(#2017,#2023),.PCURVE_S1.);
#2012 = CIRCLE('',#2013,0.50250053406);
#2013 = AXIS2_PLACEMENT_3D('',#2014,#2015,#2016);
#2014 = CARTESIAN_POINT('',(-11.55749988555,12.558750152588,
    1.994917366499));
#2015 = DIRECTION('',(-1.073896550893E-07,-3.013855083847E-06,
    -0.999999999995));
#2016 = DIRECTION('',(-4.543838814073E-28,-0.999999999995,
    3.013855083847E-06));
#2017 = PCURVE('',#454,#2018);
#2018 = DEFINITIONAL_REPRESENTATION('',(#2019),#2022);
#2019 = B_SPLINE_CURVE_WITH_KNOTS('',1,(#2020,#2021),.UNSPECIFIED.,.F.,
  .F.,(2,2),(-0.,1.570796326727),.PIECEWISE_BEZIER_KNOTS.);
#2020 = CARTESIAN_POINT('',(6.28318530718,2.105583346269E-03));
#2021 = CARTESIAN_POINT('',(4.712388980453,2.104122845839E-03));
#2022 = ( GEOMETRIC_REPRESENTATION_CONTEXT(2) 
PARAMETRIC_REPRESENTATION_CONTEXT() REPRESENTATION_CONTEXT('2D SPACE',''
  ) );
#2023 = PCURVE('',#71,#2024);
#2024 = DEFINITIONAL_REPRESENTATION('',(#2025),#2033);
#2025 = ( BOUNDED_CURVE() B_SPLINE_CURVE(2,(#2026,#2027,#2028,#2029,
#2030,#2031,#2032),.UNSPECIFIED.,.T.,.F.) B_SPLINE_CURVE_WITH_KNOTS((1,2
    ,2,2,2,1),(-2.094395102393,0.,2.094395102393,4.188790204786,
6.28318530718,8.377580409573),.UNSPECIFIED.) CURVE() 
GEOMETRIC_REPRESENTATION_ITEM() RATIONAL_B_SPLINE_CURVE((1.,0.5,1.,0.5,
1.,0.5,1.)) REPRESENTATION_ITEM('') );
#2026 = CARTESIAN_POINT('',(-10.18972526627,14.367990848571));
#2027 = CARTESIAN_POINT('',(-11.06008172209,14.367990848571));
#2028 = CARTESIAN_POINT('',(-10.62490349418,15.121741649661));
#2029 = CARTESIAN_POINT('',(-10.18972526627,15.875492450751));
#2030 = CARTESIAN_POINT('',(-9.754547038363,15.121741649661));
#2031 = CARTESIAN_POINT('',(-9.319368810452,14.367990848571));
#2032 = CARTESIAN_POINT('',(-10.18972526627,14.367990848571));
#2033 = ( GEOMETRIC_REPRESENTATION_CONTEXT(2) 
PARAMETRIC_REPRESENTATION_CONTEXT() REPRESENTATION_CONTEXT('2D SPACE',''
  ) );
#2034 = ADVANCED_FACE('',(#2035),#2049,.T.);
#2035 = FACE_BOUND('',#2036,.T.);
#2036 = EDGE_LOOP('',(#2037,#2071,#2103,#2130));
#2037 = ORIENTED_EDGE('',*,*,#2038,.F.);
#2038 = EDGE_CURVE('',#2039,#2041,#2043,.T.);
#2039 = VERTEX_POINT('',#2040);
#2040 = CARTESIAN_POINT('',(-11.05500030517,8.538000106812,
    4.507273606726));
#2041 = VERTEX_POINT('',#2042);
#2042 = CARTESIAN_POINT('',(-11.05500030517,8.538000106812,
    1.994929430493));
#2043 = SURFACE_CURVE('',#2044,(#2048,#2059),.PCURVE_S1.);
#2044 = LINE('',#2045,#2046);
#2045 = CARTESIAN_POINT('',(-11.05500030517,8.538000106812,
    1.995000332292));
#2046 = VECTOR('',#2047,1.);
#2047 = DIRECTION('',(0.,0.,-1.));
#2048 = PCURVE('',#2049,#2054);
#2049 = CYLINDRICAL_SURFACE('',#2050,0.50325012207);
#2050 = AXIS2_PLACEMENT_3D('',#2051,#2052,#2053);
#2051 = CARTESIAN_POINT('',(-10.5517501831,8.538000106812,1.995000332292
    ));
#2052 = DIRECTION('',(0.,0.,-1.));
#2053 = DIRECTION('',(-1.,0.,0.));
#2054 = DEFINITIONAL_REPRESENTATION('',(#2055),#2058);
#2055 = B_SPLINE_CURVE_WITH_KNOTS('',1,(#2056,#2057),.UNSPECIFIED.,.F.,
  .F.,(2,2),(-2.512273274434,7.090179892018E-05),
  .PIECEWISE_BEZIER_KNOTS.);
#2056 = CARTESIAN_POINT('',(0.,-2.512273274434));
#2057 = CARTESIAN_POINT('',(0.,7.090179892018E-05));
#2058 = ( GEOMETRIC_REPRESENTATION_CONTEXT(2) 
PARAMETRIC_REPRESENTATION_CONTEXT() REPRESENTATION_CONTEXT('2D SPACE',''
  ) );
#2059 = PCURVE('',#2060,#2065);
#2060 = PLANE('',#2061);
#2061 = AXIS2_PLACEMENT_3D('',#2062,#2063,#2064);
#2062 = CARTESIAN_POINT('',(-11.05500030517,7.031062364578,
    3.251250088215));
#2063 = DIRECTION('',(1.,0.,0.));
#2064 = DIRECTION('',(0.,0.,-1.));
#2065 = DEFINITIONAL_REPRESENTATION('',(#2066),#2070);
#2066 = LINE('',#2067,#2068);
#2067 = CARTESIAN_POINT('',(1.256249755923,1.506937742233));
#2068 = VECTOR('',#2069,1.);
#2069 = DIRECTION('',(1.,0.));
#2070 = ( GEOMETRIC_REPRESENTATION_CONTEXT(2) 
PARAMETRIC_REPRESENTATION_CONTEXT() REPRESENTATION_CONTEXT('2D SPACE',''
  ) );
#2071 = ORIENTED_EDGE('',*,*,#2072,.F.);
#2072 = EDGE_CURVE('',#2073,#2039,#2075,.T.);
#2073 = VERTEX_POINT('',#2074);
#2074 = CARTESIAN_POINT('',(-10.5517501831,9.041250228882,4.507338287787
    ));
#2075 = SURFACE_CURVE('',#2076,(#2081,#2087),.PCURVE_S1.);
#2076 = CIRCLE('',#2077,0.503250126001);
#2077 = AXIS2_PLACEMENT_3D('',#2078,#2079,#2080);
#2078 = CARTESIAN_POINT('',(-10.5517501831,8.538000106812,4.50733648189)
  );
#2079 = DIRECTION('',(-1.249381965714E-04,-3.588469592031E-06,
    0.999999992189));
#2080 = DIRECTION('',(-0.999587771792,-2.871011775851E-02,
    -1.249897198834E-04));
#2081 = PCURVE('',#2049,#2082);
#2082 = DEFINITIONAL_REPRESENTATION('',(#2083),#2086);
#2083 = B_SPLINE_CURVE_WITH_KNOTS('',1,(#2084,#2085),.UNSPECIFIED.,.F.,
  .F.,(2,2),(4.683674916562,6.254471243805),.PIECEWISE_BEZIER_KNOTS.);
#2084 = CARTESIAN_POINT('',(1.570796326795,-2.512337955495));
#2085 = CARTESIAN_POINT('',(0.,-2.512273274434));
#2086 = ( GEOMETRIC_REPRESENTATION_CONTEXT(2) 
PARAMETRIC_REPRESENTATION_CONTEXT() REPRESENTATION_CONTEXT('2D SPACE',''
  ) );
#2087 = PCURVE('',#2088,#2093);
#2088 = PLANE('',#2089);
#2089 = AXIS2_PLACEMENT_3D('',#2090,#2091,#2092);
#2090 = CARTESIAN_POINT('',(-10.05015195382,7.031194158503,
    4.507393743541));
#2091 = DIRECTION('',(1.249381965714E-04,3.588469592031E-06,
    -0.999999992189));
#2092 = DIRECTION('',(-0.999999992195,1.13737334226E-24,
    -1.249381965722E-04));
#2093 = DEFINITIONAL_REPRESENTATION('',(#2094),#2102);
#2094 = ( BOUNDED_CURVE() B_SPLINE_CURVE(2,(#2095,#2096,#2097,#2098,
#2099,#2100,#2101),.UNSPECIFIED.,.T.,.F.) B_SPLINE_CURVE_WITH_KNOTS((1,2
    ,2,2,2,1),(-2.094395102393,0.,2.094395102393,4.188790204786,
6.28318530718,8.377580409573),.UNSPECIFIED.) CURVE() 
GEOMETRIC_REPRESENTATION_ITEM() RATIONAL_B_SPLINE_CURVE((1.,0.5,1.,0.5,
1.,0.5,1.)) REPRESENTATION_ITEM('') );
#2095 = CARTESIAN_POINT('',(1.004640908555,1.492357577939));
#2096 = CARTESIAN_POINT('',(0.979615596971,0.621062104669));
#2097 = CARTESIAN_POINT('',(0.237564238709,1.078382396873));
#2098 = CARTESIAN_POINT('',(-0.504487119554,1.535702689078));
#2099 = CARTESIAN_POINT('',(0.262589550293,1.949677870144));
#2100 = CARTESIAN_POINT('',(1.029666220139,2.363653051209));
#2101 = CARTESIAN_POINT('',(1.004640908555,1.492357577939));
#2102 = ( GEOMETRIC_REPRESENTATION_CONTEXT(2) 
PARAMETRIC_REPRESENTATION_CONTEXT() REPRESENTATION_CONTEXT('2D SPACE',''
  ) );
#2103 = ORIENTED_EDGE('',*,*,#2104,.F.);
#2104 = EDGE_CURVE('',#2105,#2073,#2107,.T.);
#2105 = VERTEX_POINT('',#2106);
#2106 = CARTESIAN_POINT('',(-10.5517501831,9.041250228882,1.994927859726
    ));
#2107 = SURFACE_CURVE('',#2108,(#2112,#2118),.PCURVE_S1.);
#2108 = LINE('',#2109,#2110);
#2109 = CARTESIAN_POINT('',(-10.5517501831,9.041250228882,1.995000332292
    ));
#2110 = VECTOR('',#2111,1.);
#2111 = DIRECTION('',(0.,0.,1.));
#2112 = PCURVE('',#2049,#2113);
#2113 = DEFINITIONAL_REPRESENTATION('',(#2114),#2117);
#2114 = B_SPLINE_CURVE_WITH_KNOTS('',1,(#2115,#2116),.UNSPECIFIED.,.F.,
  .F.,(2,2),(-7.247256572001E-05,2.512337955495),
  .PIECEWISE_BEZIER_KNOTS.);
#2115 = CARTESIAN_POINT('',(1.570796326795,7.247256572001E-05));
#2116 = CARTESIAN_POINT('',(1.570796326795,-2.512337955495));
#2117 = ( GEOMETRIC_REPRESENTATION_CONTEXT(2) 
PARAMETRIC_REPRESENTATION_CONTEXT() REPRESENTATION_CONTEXT('2D SPACE',''
  ) );
#2118 = PCURVE('',#2119,#2124);
#2119 = PLANE('',#2120);
#2120 = AXIS2_PLACEMENT_3D('',#2121,#2122,#2123);
#2121 = CARTESIAN_POINT('',(-10.0501871109,9.041250228882,3.251250088215
    ));
#2122 = DIRECTION('',(0.,-1.,0.));
#2123 = DIRECTION('',(0.,0.,-1.));
#2124 = DEFINITIONAL_REPRESENTATION('',(#2125),#2129);
#2125 = LINE('',#2126,#2127);
#2126 = CARTESIAN_POINT('',(1.256249755923,-0.501563072205));
#2127 = VECTOR('',#2128,1.);
#2128 = DIRECTION('',(-1.,0.));
#2129 = ( GEOMETRIC_REPRESENTATION_CONTEXT(2) 
PARAMETRIC_REPRESENTATION_CONTEXT() REPRESENTATION_CONTEXT('2D SPACE',''
  ) );
#2130 = ORIENTED_EDGE('',*,*,#2131,.F.);
#2131 = EDGE_CURVE('',#2041,#2105,#2132,.T.);
#2132 = SURFACE_CURVE('',#2133,(#2138,#2144),.PCURVE_S1.);
#2133 = CIRCLE('',#2134,0.503250122073);
#2134 = AXIS2_PLACEMENT_3D('',#2135,#2136,#2137);
#2135 = CARTESIAN_POINT('',(-10.5517501831,8.538000106812,1.994929376449
    ));
#2136 = DIRECTION('',(-1.073896550893E-07,-3.013855083847E-06,
    -0.999999999995));
#2137 = DIRECTION('',(4.543838814073E-28,0.999999999995,
    -3.013855083847E-06));
#2138 = PCURVE('',#2049,#2139);
#2139 = DEFINITIONAL_REPRESENTATION('',(#2140),#2143);
#2140 = B_SPLINE_CURVE_WITH_KNOTS('',1,(#2141,#2142),.UNSPECIFIED.,.F.,
  .F.,(2,2),(4.712388980151,6.283185306869),.PIECEWISE_BEZIER_KNOTS.);
#2141 = CARTESIAN_POINT('',(-8.881784197001E-16,7.090179892302E-05));
#2142 = CARTESIAN_POINT('',(1.570796326717,7.247256571886E-05));
#2143 = ( GEOMETRIC_REPRESENTATION_CONTEXT(2) 
PARAMETRIC_REPRESENTATION_CONTEXT() REPRESENTATION_CONTEXT('2D SPACE',''
  ) );
#2144 = PCURVE('',#71,#2145);
#2145 = DEFINITIONAL_REPRESENTATION('',(#2146),#2154);
#2146 = ( BOUNDED_CURVE() B_SPLINE_CURVE(2,(#2147,#2148,#2149,#2150,
#2151,#2152,#2153),.UNSPECIFIED.,.T.,.F.) B_SPLINE_CURVE_WITH_KNOTS((1,2
    ,2,2,2,1),(-2.094395102393,0.,2.094395102393,4.188790204786,
6.28318530718,8.377580409573),.UNSPECIFIED.) CURVE() 
GEOMETRIC_REPRESENTATION_ITEM() RATIONAL_B_SPLINE_CURVE((1.,0.5,1.,0.5,
1.,0.5,1.)) REPRESENTATION_ITEM('') );
#2147 = CARTESIAN_POINT('',(-9.183975563822,11.352991458909));
#2148 = CARTESIAN_POINT('',(-8.312320783477,11.352991458908));
#2149 = CARTESIAN_POINT('',(-8.74814817365,10.5981162758));
#2150 = CARTESIAN_POINT('',(-9.183975563822,9.843241092691));
#2151 = CARTESIAN_POINT('',(-9.619802953995,10.5981162758));
#2152 = CARTESIAN_POINT('',(-10.05563034416,11.352991458909));
#2153 = CARTESIAN_POINT('',(-9.183975563822,11.352991458909));
#2154 = ( GEOMETRIC_REPRESENTATION_CONTEXT(2) 
PARAMETRIC_REPRESENTATION_CONTEXT() REPRESENTATION_CONTEXT('2D SPACE',''
  ) );
#2155 = ADVANCED_FACE('',(#2156),#712,.T.);
#2156 = FACE_BOUND('',#2157,.T.);
#2157 = EDGE_LOOP('',(#2158,#2187,#2212,#2213));
#2158 = ORIENTED_EDGE('',*,*,#2159,.F.);
#2159 = EDGE_CURVE('',#2160,#2162,#2164,.T.);
#2160 = VERTEX_POINT('',#2161);
#2161 = CARTESIAN_POINT('',(-12.0604430947,11.553750043194,
    1.994920449434));
#2162 = VERTEX_POINT('',#2163);
#2163 = CARTESIAN_POINT('',(-12.06019047165,11.553750043194,
    6.015015503548));
#2164 = SURFACE_CURVE('',#2165,(#2169,#2175),.PCURVE_S1.);
#2165 = LINE('',#2166,#2167);
#2166 = CARTESIAN_POINT('',(-12.06019034211,11.553750043194,
    6.017076945564));
#2167 = VECTOR('',#2168,1.);
#2168 = DIRECTION('',(6.28400683441E-05,0.,0.999999998026));
#2169 = PCURVE('',#712,#2170);
#2170 = DEFINITIONAL_REPRESENTATION('',(#2171),#2174);
#2171 = B_SPLINE_CURVE_WITH_KNOTS('',1,(#2172,#2173),.UNSPECIFIED.,.F.,
  .F.,(2,2),(-4.022156504071,-2.061442020291E-03),
  .PIECEWISE_BEZIER_KNOTS.);
#2172 = CARTESIAN_POINT('',(0.,-4.022156504071));
#2173 = CARTESIAN_POINT('',(0.,-2.061442020291E-03));
#2174 = ( GEOMETRIC_REPRESENTATION_CONTEXT(2) 
PARAMETRIC_REPRESENTATION_CONTEXT() REPRESENTATION_CONTEXT('2D SPACE',''
  ) );
#2175 = PCURVE('',#2176,#2181);
#2176 = PLANE('',#2177);
#2177 = AXIS2_PLACEMENT_3D('',#2178,#2179,#2180);
#2178 = CARTESIAN_POINT('',(-12.06015033721,-0.104249882698,
    3.602999949455));
#2179 = DIRECTION('',(0.99999999789,1.64441294574E-05,-6.28400683356E-05
    ));
#2180 = DIRECTION('',(-6.28400683441E-05,0.,-0.999999998026));
#2181 = DEFINITIONAL_REPRESENTATION('',(#2182),#2186);
#2182 = LINE('',#2183,#2184);
#2183 = CARTESIAN_POINT('',(-2.414076988828,11.657999927468));
#2184 = VECTOR('',#2185,1.);
#2185 = DIRECTION('',(-1.,-4.135903062765E-25));
#2186 = ( GEOMETRIC_REPRESENTATION_CONTEXT(2) 
PARAMETRIC_REPRESENTATION_CONTEXT() REPRESENTATION_CONTEXT('2D SPACE',''
  ) );
#2187 = ORIENTED_EDGE('',*,*,#2188,.F.);
#2188 = EDGE_CURVE('',#690,#2160,#2189,.T.);
#2189 = SURFACE_CURVE('',#2190,(#2195,#2201),.PCURVE_S1.);
#2190 = CIRCLE('',#2191,0.502507839631);
#2191 = AXIS2_PLACEMENT_3D('',#2192,#2193,#2194);
#2192 = CARTESIAN_POINT('',(-12.56295093426,11.55374177989,
    1.994920503423));
#2193 = DIRECTION('',(-1.073896550893E-07,-3.013855083847E-06,
    -0.999999999995));
#2194 = DIRECTION('',(0.998847937371,-4.798747762874E-02,
    3.73613679315E-08));
#2195 = PCURVE('',#712,#2196);
#2196 = DEFINITIONAL_REPRESENTATION('',(#2197),#2200);
#2197 = B_SPLINE_CURVE_WITH_KNOTS('',1,(#2198,#2199),.UNSPECIFIED.,.F.,
  .F.,(2,2),(4.664383065877,6.235162948732),.PIECEWISE_BEZIER_KNOTS.);
#2198 = CARTESIAN_POINT('',(1.570779882665,-4.022189542195));
#2199 = CARTESIAN_POINT('',(0.,-4.022156504071));
#2200 = ( GEOMETRIC_REPRESENTATION_CONTEXT(2) 
PARAMETRIC_REPRESENTATION_CONTEXT() REPRESENTATION_CONTEXT('2D SPACE',''
  ) );
#2201 = PCURVE('',#71,#2202);
#2202 = DEFINITIONAL_REPRESENTATION('',(#2203),#2211);
#2203 = ( BOUNDED_CURVE() B_SPLINE_CURVE(2,(#2204,#2205,#2206,#2207,
#2208,#2209,#2210),.UNSPECIFIED.,.T.,.F.) B_SPLINE_CURVE_WITH_KNOTS((1,2
    ,2,2,2,1),(-2.094395102393,0.,2.094395102393,4.188790204786,
6.28318530718,8.377580409573),.UNSPECIFIED.) CURVE() 
GEOMETRIC_REPRESENTATION_ITEM() RATIONAL_B_SPLINE_CURVE((1.,0.5,1.,0.5,
1.,0.5,1.)) REPRESENTATION_ITEM('') );
#2204 = CARTESIAN_POINT('',(-10.69324739585,13.841368926216));
#2205 = CARTESIAN_POINT('',(-10.73501421402,12.972002536497));
#2206 = CARTESIAN_POINT('',(-11.46702418363,13.442856856925));
#2207 = CARTESIAN_POINT('',(-12.19903415323,13.913711177354));
#2208 = CARTESIAN_POINT('',(-11.42525736546,14.312223246644));
#2209 = CARTESIAN_POINT('',(-10.65148057768,14.710735315934));
#2210 = CARTESIAN_POINT('',(-10.69324739585,13.841368926216));
#2211 = ( GEOMETRIC_REPRESENTATION_CONTEXT(2) 
PARAMETRIC_REPRESENTATION_CONTEXT() REPRESENTATION_CONTEXT('2D SPACE',''
  ) );
#2212 = ORIENTED_EDGE('',*,*,#689,.T.);
#2213 = ORIENTED_EDGE('',*,*,#2214,.F.);
#2214 = EDGE_CURVE('',#2162,#692,#2215,.T.);
#2215 = SURFACE_CURVE('',#2216,(#2221,#2227),.PCURVE_S1.);
#2216 = CIRCLE('',#2217,0.50250784042);
#2217 = AXIS2_PLACEMENT_3D('',#2218,#2219,#2220);
#2218 = CARTESIAN_POINT('',(-12.56269831189,11.55374177989,
    6.015004787929));
#2219 = DIRECTION('',(-2.132425343501E-05,-1.723756488934E-06,
    0.999999999771));
#2220 = DIRECTION('',(0.999999999637,1.644412939965E-05,
    2.132428177783E-05));
#2221 = PCURVE('',#712,#2222);
#2222 = DEFINITIONAL_REPRESENTATION('',(#2223),#2226);
#2223 = B_SPLINE_CURVE_WITH_KNOTS('',1,(#2224,#2225),.UNSPECIFIED.,.F.,
  .F.,(2,2),(0.,1.57077988252),.PIECEWISE_BEZIER_KNOTS.);
#2224 = CARTESIAN_POINT('',(0.,-2.061442020286E-03));
#2225 = CARTESIAN_POINT('',(1.570779882665,-2.10286906492E-03));
#2226 = ( GEOMETRIC_REPRESENTATION_CONTEXT(2) 
PARAMETRIC_REPRESENTATION_CONTEXT() REPRESENTATION_CONTEXT('2D SPACE',''
  ) );
#2227 = PCURVE('',#787,#2228);
#2228 = DEFINITIONAL_REPRESENTATION('',(#2229),#2233);
#2229 = CIRCLE('',#2230,0.50250784042);
#2230 = AXIS2_PLACEMENT_2D('',#2231,#2232);
#2231 = CARTESIAN_POINT('',(0.2472533492,11.47779246305));
#2232 = DIRECTION('',(0.999999999865,1.644412939967E-05));
#2233 = ( GEOMETRIC_REPRESENTATION_CONTEXT(2) 
PARAMETRIC_REPRESENTATION_CONTEXT() REPRESENTATION_CONTEXT('2D SPACE',''
  ) );
#2234 = ADVANCED_FACE('',(#2235),#2249,.T.);
#2235 = FACE_BOUND('',#2236,.T.);
#2236 = EDGE_LOOP('',(#2237,#2271,#2298,#2320));
#2237 = ORIENTED_EDGE('',*,*,#2238,.F.);
#2238 = EDGE_CURVE('',#2239,#2241,#2243,.T.);
#2239 = VERTEX_POINT('',#2240);
#2240 = CARTESIAN_POINT('',(-10.55324935913,5.021249771118,
    4.507323674833));
#2241 = VERTEX_POINT('',#2242);
#2242 = CARTESIAN_POINT('',(-10.55324935913,5.021249771118,
    1.994939975586));
#2243 = SURFACE_CURVE('',#2244,(#2248,#2259),.PCURVE_S1.);
#2244 = LINE('',#2245,#2246);
#2245 = CARTESIAN_POINT('',(-10.55324935913,5.021249771118,
    1.991508991147));
#2246 = VECTOR('',#2247,1.);
#2247 = DIRECTION('',(0.,0.,-1.));
#2248 = PCURVE('',#2249,#2254);
#2249 = CYLINDRICAL_SURFACE('',#2250,0.501750946045);
#2250 = AXIS2_PLACEMENT_3D('',#2251,#2252,#2253);
#2251 = CARTESIAN_POINT('',(-10.55324935913,5.523000717163,
    1.991508991147));
#2252 = DIRECTION('',(0.,0.,-1.));
#2253 = DIRECTION('',(0.,-1.,0.));
#2254 = DEFINITIONAL_REPRESENTATION('',(#2255),#2258);
#2255 = B_SPLINE_CURVE_WITH_KNOTS('',1,(#2256,#2257),.UNSPECIFIED.,.F.,
  .F.,(2,2),(-2.515814683687,-3.43098443947E-03),
  .PIECEWISE_BEZIER_KNOTS.);
#2256 = CARTESIAN_POINT('',(0.,-2.515814683687));
#2257 = CARTESIAN_POINT('',(0.,-3.43098443947E-03));
#2258 = ( GEOMETRIC_REPRESENTATION_CONTEXT(2) 
PARAMETRIC_REPRESENTATION_CONTEXT() REPRESENTATION_CONTEXT('2D SPACE',''
  ) );
#2259 = PCURVE('',#2260,#2265);
#2260 = PLANE('',#2261);
#2261 = AXIS2_PLACEMENT_3D('',#2262,#2263,#2264);
#2262 = CARTESIAN_POINT('',(-10.0501871109,5.021249771118,3.251250088215
    ));
#2263 = DIRECTION('',(0.,1.,0.));
#2264 = DIRECTION('',(0.,-0.,1.));
#2265 = DEFINITIONAL_REPRESENTATION('',(#2266),#2270);
#2266 = LINE('',#2267,#2268);
#2267 = CARTESIAN_POINT('',(-1.259741097068,-0.50306224823));
#2268 = VECTOR('',#2269,1.);
#2269 = DIRECTION('',(-1.,0.));
#2270 = ( GEOMETRIC_REPRESENTATION_CONTEXT(2) 
PARAMETRIC_REPRESENTATION_CONTEXT() REPRESENTATION_CONTEXT('2D SPACE',''
  ) );
#2271 = ORIENTED_EDGE('',*,*,#2272,.F.);
#2272 = EDGE_CURVE('',#2273,#2239,#2275,.T.);
#2273 = VERTEX_POINT('',#2274);
#2274 = CARTESIAN_POINT('',(-11.05500030517,5.523000717163,
    4.507262787493));
#2275 = SURFACE_CURVE('',#2276,(#2281,#2287),.PCURVE_S1.);
#2276 = CIRCLE('',#2277,0.501750949964);
#2277 = AXIS2_PLACEMENT_3D('',#2278,#2279,#2280);
#2278 = CARTESIAN_POINT('',(-10.55324935913,5.523000717163,
    4.507325475351));
#2279 = DIRECTION('',(-1.249381965714E-04,-3.588469592031E-06,
    0.999999992189));
#2280 = DIRECTION('',(-0.999587771793,-2.871011770732E-02,
    -1.249897198834E-04));
#2281 = PCURVE('',#2249,#2282);
#2282 = DEFINITIONAL_REPRESENTATION('',(#2283),#2286);
#2283 = B_SPLINE_CURVE_WITH_KNOTS('',1,(#2284,#2285),.UNSPECIFIED.,.F.,
  .F.,(2,2),(6.254471243856,7.825267570203),.PIECEWISE_BEZIER_KNOTS.);
#2284 = CARTESIAN_POINT('',(1.570796326795,-2.515753796346));
#2285 = CARTESIAN_POINT('',(0.,-2.515814683687));
#2286 = ( GEOMETRIC_REPRESENTATION_CONTEXT(2) 
PARAMETRIC_REPRESENTATION_CONTEXT() REPRESENTATION_CONTEXT('2D SPACE',''
  ) );
#2287 = PCURVE('',#2088,#2288);
#2288 = DEFINITIONAL_REPRESENTATION('',(#2289),#2297);
#2289 = ( BOUNDED_CURVE() B_SPLINE_CURVE(2,(#2290,#2291,#2292,#2293,
#2294,#2295,#2296),.UNSPECIFIED.,.T.,.F.) B_SPLINE_CURVE_WITH_KNOTS((1,2
    ,2,2,2,1),(-2.094395102393,0.,2.094395102393,4.188790204786,
6.28318530718,8.377580409573),.UNSPECIFIED.) CURVE() 
GEOMETRIC_REPRESENTATION_ITEM() RATIONAL_B_SPLINE_CURVE((1.,0.5,1.,0.5,
1.,0.5,1.)) REPRESENTATION_ITEM('') );
#2290 = CARTESIAN_POINT('',(1.004641527898,-1.522598770182));
#2291 = CARTESIAN_POINT('',(0.979690766459,-2.39129866478));
#2292 = CARTESIAN_POINT('',(0.239849970193,-1.935340724231));
#2293 = CARTESIAN_POINT('',(-0.499990826074,-1.479382783683));
#2294 = CARTESIAN_POINT('',(0.264800731632,-1.066640829634));
#2295 = CARTESIAN_POINT('',(1.029592289337,-0.653898875585));
#2296 = CARTESIAN_POINT('',(1.004641527898,-1.522598770182));
#2297 = ( GEOMETRIC_REPRESENTATION_CONTEXT(2) 
PARAMETRIC_REPRESENTATION_CONTEXT() REPRESENTATION_CONTEXT('2D SPACE',''
  ) );
#2298 = ORIENTED_EDGE('',*,*,#2299,.F.);
#2299 = EDGE_CURVE('',#2300,#2273,#2302,.T.);
#2300 = VERTEX_POINT('',#2301);
#2301 = CARTESIAN_POINT('',(-11.05500030517,5.523000717163,
    1.994938517264));
#2302 = SURFACE_CURVE('',#2303,(#2307,#2313),.PCURVE_S1.);
#2303 = LINE('',#2304,#2305);
#2304 = CARTESIAN_POINT('',(-11.05500030517,5.523000717163,
    1.991508991147));
#2305 = VECTOR('',#2306,1.);
#2306 = DIRECTION('',(0.,0.,1.));
#2307 = PCURVE('',#2249,#2308);
#2308 = DEFINITIONAL_REPRESENTATION('',(#2309),#2312);
#2309 = B_SPLINE_CURVE_WITH_KNOTS('',1,(#2310,#2311),.UNSPECIFIED.,.F.,
  .F.,(2,2),(3.42952611769E-03,2.515753796346),
  .PIECEWISE_BEZIER_KNOTS.);
#2310 = CARTESIAN_POINT('',(1.570796326795,-3.42952611769E-03));
#2311 = CARTESIAN_POINT('',(1.570796326795,-2.515753796346));
#2312 = ( GEOMETRIC_REPRESENTATION_CONTEXT(2) 
PARAMETRIC_REPRESENTATION_CONTEXT() REPRESENTATION_CONTEXT('2D SPACE',''
  ) );
#2313 = PCURVE('',#2060,#2314);
#2314 = DEFINITIONAL_REPRESENTATION('',(#2315),#2319);
#2315 = LINE('',#2316,#2317);
#2316 = CARTESIAN_POINT('',(1.259741097068,-1.508061647415));
#2317 = VECTOR('',#2318,1.);
#2318 = DIRECTION('',(-1.,0.));
#2319 = ( GEOMETRIC_REPRESENTATION_CONTEXT(2) 
PARAMETRIC_REPRESENTATION_CONTEXT() REPRESENTATION_CONTEXT('2D SPACE',''
  ) );
#2320 = ORIENTED_EDGE('',*,*,#2321,.F.);
#2321 = EDGE_CURVE('',#2241,#2300,#2322,.T.);
#2322 = SURFACE_CURVE('',#2323,(#2328,#2334),.PCURVE_S1.);
#2323 = CIRCLE('',#2324,0.501750946047);
#2324 = AXIS2_PLACEMENT_3D('',#2325,#2326,#2327);
#2325 = CARTESIAN_POINT('',(-10.55324935913,5.523000717163,
    1.994938463382));
#2326 = DIRECTION('',(-1.073896550893E-07,-3.013855083847E-06,
    -0.999999999995));
#2327 = DIRECTION('',(-4.543838814073E-28,-0.999999999995,
    3.013855083847E-06));
#2328 = PCURVE('',#2249,#2329);
#2329 = DEFINITIONAL_REPRESENTATION('',(#2330),#2333);
#2330 = B_SPLINE_CURVE_WITH_KNOTS('',1,(#2331,#2332),.UNSPECIFIED.,.F.,
  .F.,(2,2),(0.,1.570796326728),.PIECEWISE_BEZIER_KNOTS.);
#2331 = CARTESIAN_POINT('',(0.,-3.430984439469E-03));
#2332 = CARTESIAN_POINT('',(1.570796326727,-3.429526117691E-03));
#2333 = ( GEOMETRIC_REPRESENTATION_CONTEXT(2) 
PARAMETRIC_REPRESENTATION_CONTEXT() REPRESENTATION_CONTEXT('2D SPACE',''
  ) );
#2334 = PCURVE('',#71,#2335);
#2335 = DEFINITIONAL_REPRESENTATION('',(#2336),#2344);
#2336 = ( BOUNDED_CURVE() B_SPLINE_CURVE(2,(#2337,#2338,#2339,#2340,
#2341,#2342,#2343),.UNSPECIFIED.,.T.,.F.) B_SPLINE_CURVE_WITH_KNOTS((1,2
    ,2,2,2,1),(-2.094395102393,0.,2.094395102393,4.188790204786,
6.28318530718,8.377580409573),.UNSPECIFIED.) CURVE() 
GEOMETRIC_REPRESENTATION_ITEM() RATIONAL_B_SPLINE_CURVE((1.,0.5,1.,0.5,
1.,0.5,1.)) REPRESENTATION_ITEM('') );
#2337 = CARTESIAN_POINT('',(-9.185474739848,7.332991001127));
#2338 = CARTESIAN_POINT('',(-10.05453287114,7.332991001127));
#2339 = CARTESIAN_POINT('',(-9.620003805498,8.085617420198));
#2340 = CARTESIAN_POINT('',(-9.185474739848,8.838243839268));
#2341 = CARTESIAN_POINT('',(-8.750945674199,8.085617420197));
#2342 = CARTESIAN_POINT('',(-8.316416608549,7.332991001126));
#2343 = CARTESIAN_POINT('',(-9.185474739848,7.332991001127));
#2344 = ( GEOMETRIC_REPRESENTATION_CONTEXT(2) 
PARAMETRIC_REPRESENTATION_CONTEXT() REPRESENTATION_CONTEXT('2D SPACE',''
  ) );
#2345 = ADVANCED_FACE('',(#2346),#896,.T.);
#2346 = FACE_BOUND('',#2347,.T.);
#2347 = EDGE_LOOP('',(#2348,#2372,#2393,#2394));
#2348 = ORIENTED_EDGE('',*,*,#2349,.F.);
#2349 = EDGE_CURVE('',#2350,#2352,#2354,.T.);
#2350 = VERTEX_POINT('',#2351);
#2351 = CARTESIAN_POINT('',(-12.05981036811,-11.5612497321,
    6.014975667022));
#2352 = VERTEX_POINT('',#2353);
#2353 = CARTESIAN_POINT('',(-12.06006297811,-11.56162461577,
    1.994990115783));
#2354 = SURFACE_CURVE('',#2355,(#2359,#2365),.PCURVE_S1.);
#2355 = LINE('',#2356,#2357);
#2356 = CARTESIAN_POINT('',(-12.06006297942,-11.56162461772,
    1.994969199823));
#2357 = VECTOR('',#2358,1.);
#2358 = DIRECTION('',(-6.283853457391E-05,-9.325497904416E-05,
    -0.999999993677));
#2359 = PCURVE('',#896,#2360);
#2360 = DEFINITIONAL_REPRESENTATION('',(#2361),#2364);
#2361 = B_SPLINE_CURVE_WITH_KNOTS('',1,(#2362,#2363),.UNSPECIFIED.,.F.,
  .F.,(2,2),(-4.020006492616,-2.091595974223E-05),
  .PIECEWISE_BEZIER_KNOTS.);
#2362 = CARTESIAN_POINT('',(0.,-4.020006492616));
#2363 = CARTESIAN_POINT('',(0.,-2.091595974009E-05));
#2364 = ( GEOMETRIC_REPRESENTATION_CONTEXT(2) 
PARAMETRIC_REPRESENTATION_CONTEXT() REPRESENTATION_CONTEXT('2D SPACE',''
  ) );
#2365 = PCURVE('',#2176,#2366);
#2366 = DEFINITIONAL_REPRESENTATION('',(#2367),#2371);
#2367 = LINE('',#2368,#2369);
#2368 = CARTESIAN_POINT('',(1.608030740968,-11.45737473657));
#2369 = VECTOR('',#2370,1.);
#2370 = DIRECTION('',(0.999999995652,-9.325497905677E-05));
#2371 = ( GEOMETRIC_REPRESENTATION_CONTEXT(2) 
PARAMETRIC_REPRESENTATION_CONTEXT() REPRESENTATION_CONTEXT('2D SPACE',''
  ) );
#2372 = ORIENTED_EDGE('',*,*,#2373,.F.);
#2373 = EDGE_CURVE('',#805,#2350,#2374,.T.);
#2374 = SURFACE_CURVE('',#2375,(#2380,#2386),.PCURVE_S1.);
#2375 = CIRCLE('',#2376,0.502304747243);
#2376 = AXIS2_PLACEMENT_3D('',#2377,#2378,#2379);
#2377 = CARTESIAN_POINT('',(-12.5621151129,-11.561257996,6.014964955734)
  );
#2378 = DIRECTION('',(-2.132425343501E-05,-1.723756488934E-06,
    0.999999999771));
#2379 = DIRECTION('',(0.663206405649,0.74843654592,1.543250382989E-05));
#2380 = PCURVE('',#896,#2381);
#2381 = DEFINITIONAL_REPRESENTATION('',(#2382),#2385);
#2382 = B_SPLINE_CURVE_WITH_KNOTS('',1,(#2383,#2384),.UNSPECIFIED.,.F.,
  .F.,(2,2),(3.865942710973,5.437500243584),.PIECEWISE_BEZIER_KNOTS.);
#2383 = CARTESIAN_POINT('',(1.571557524619,-4.019916476722));
#2384 = CARTESIAN_POINT('',(0.,-4.020006492616));
#2385 = ( GEOMETRIC_REPRESENTATION_CONTEXT(2) 
PARAMETRIC_REPRESENTATION_CONTEXT() REPRESENTATION_CONTEXT('2D SPACE',''
  ) );
#2386 = PCURVE('',#787,#2387);
#2387 = DEFINITIONAL_REPRESENTATION('',(#2388),#2392);
#2388 = CIRCLE('',#2389,0.502304747243);
#2389 = AXIS2_PLACEMENT_2D('',#2390,#2391);
#2390 = CARTESIAN_POINT('',(0.24783654734,-11.63720731288));
#2391 = DIRECTION('',(0.663206405827,0.748436545921));
#2392 = ( GEOMETRIC_REPRESENTATION_CONTEXT(2) 
PARAMETRIC_REPRESENTATION_CONTEXT() REPRESENTATION_CONTEXT('2D SPACE',''
  ) );
#2393 = ORIENTED_EDGE('',*,*,#882,.T.);
#2394 = ORIENTED_EDGE('',*,*,#2395,.F.);
#2395 = EDGE_CURVE('',#2352,#860,#2396,.T.);
#2396 = SURFACE_CURVE('',#2397,(#2402,#2408),.PCURVE_S1.);
#2397 = CIRCLE('',#2398,0.502304746232);
#2398 = AXIS2_PLACEMENT_3D('',#2399,#2400,#2401);
#2399 = CARTESIAN_POINT('',(-12.56236772223,-11.56163287867,
    1.99499016975));
#2400 = DIRECTION('',(-1.073896550893E-07,-3.013855083847E-06,
    -0.999999999995));
#2401 = DIRECTION('',(0.570786751859,0.821098339966,-2.535967998669E-06)
  );
#2402 = PCURVE('',#896,#2403);
#2403 = DEFINITIONAL_REPRESENTATION('',(#2404),#2407);
#2404 = B_SPLINE_CURVE_WITH_KNOTS('',1,(#2405,#2406),.UNSPECIFIED.,.F.,
  .F.,(2,2),(0.963316170272,2.53487370055),.PIECEWISE_BEZIER_KNOTS.);
#2405 = CARTESIAN_POINT('',(0.,-2.091595986187E-05));
#2406 = CARTESIAN_POINT('',(1.571557524619,5.594693721989E-05));
#2407 = ( GEOMETRIC_REPRESENTATION_CONTEXT(2) 
PARAMETRIC_REPRESENTATION_CONTEXT() REPRESENTATION_CONTEXT('2D SPACE',''
  ) );
#2408 = PCURVE('',#71,#2409);
#2409 = DEFINITIONAL_REPRESENTATION('',(#2410),#2418);
#2410 = ( BOUNDED_CURVE() B_SPLINE_CURVE(2,(#2411,#2412,#2413,#2414,
#2415,#2416,#2417),.UNSPECIFIED.,.T.,.F.) B_SPLINE_CURVE_WITH_KNOTS((1,2
    ,2,2,2,1),(-2.094395102393,0.,2.094395102393,4.188790204786,
6.28318530718,8.377580409573),.UNSPECIFIED.) CURVE() 
GEOMETRIC_REPRESENTATION_ITEM() RATIONAL_B_SPLINE_CURVE((1.,0.5,1.,0.5,
1.,0.5,1.)) REPRESENTATION_ITEM('') );
#2411 = CARTESIAN_POINT('',(-10.90788420841,-8.837450055452));
#2412 = CARTESIAN_POINT('',(-10.19351441367,-9.334044427786));
#2413 = CARTESIAN_POINT('',(-10.98076265286,-9.704409631554));
#2414 = CARTESIAN_POINT('',(-11.76801089204,-10.07477483532));
#2415 = CARTESIAN_POINT('',(-11.69513244759,-9.20781525922));
#2416 = CARTESIAN_POINT('',(-11.62225400314,-8.340855683118));
#2417 = CARTESIAN_POINT('',(-10.90788420841,-8.837450055452));
#2418 = ( GEOMETRIC_REPRESENTATION_CONTEXT(2) 
PARAMETRIC_REPRESENTATION_CONTEXT() REPRESENTATION_CONTEXT('2D SPACE',''
  ) );
#2419 = ADVANCED_FACE('',(#2420),#2434,.T.);
#2420 = FACE_BOUND('',#2421,.T.);
#2421 = EDGE_LOOP('',(#2422,#2456,#2483,#2505));
#2422 = ORIENTED_EDGE('',*,*,#2423,.F.);
#2423 = EDGE_CURVE('',#2424,#2426,#2428,.T.);
#2424 = VERTEX_POINT('',#2425);
#2425 = CARTESIAN_POINT('',(-9.045000076294,5.523749351501,
    4.507513915985));
#2426 = VERTEX_POINT('',#2427);
#2427 = CARTESIAN_POINT('',(-9.045000076294,5.523749351501,
    1.994938299155));
#2428 = SURFACE_CURVE('',#2429,(#2433,#2444),.PCURVE_S1.);
#2429 = LINE('',#2430,#2431);
#2430 = CARTESIAN_POINT('',(-9.045000076294,5.523749351501,
    1.991703258334));
#2431 = VECTOR('',#2432,1.);
#2432 = DIRECTION('',(0.,0.,-1.));
#2433 = PCURVE('',#2434,#2439);
#2434 = CYLINDRICAL_SURFACE('',#2435,0.502499580383);
#2435 = AXIS2_PLACEMENT_3D('',#2436,#2437,#2438);
#2436 = CARTESIAN_POINT('',(-9.547499656677,5.523749351501,
    1.991703258334));
#2437 = DIRECTION('',(0.,0.,-1.));
#2438 = DIRECTION('',(0.,-1.,0.));
#2439 = DEFINITIONAL_REPRESENTATION('',(#2440),#2443);
#2440 = B_SPLINE_CURVE_WITH_KNOTS('',1,(#2441,#2442),.UNSPECIFIED.,.F.,
  .F.,(2,2),(-2.515810657651,-3.23504082118E-03),
  .PIECEWISE_BEZIER_KNOTS.);
#2441 = CARTESIAN_POINT('',(4.712388980385,-2.515810657651));
#2442 = CARTESIAN_POINT('',(4.712388980385,-3.23504082118E-03));
#2443 = ( GEOMETRIC_REPRESENTATION_CONTEXT(2) 
PARAMETRIC_REPRESENTATION_CONTEXT() REPRESENTATION_CONTEXT('2D SPACE',''
  ) );
#2444 = PCURVE('',#2445,#2450);
#2445 = PLANE('',#2446);
#2446 = AXIS2_PLACEMENT_3D('',#2447,#2448,#2449);
#2447 = CARTESIAN_POINT('',(-9.045000076294,7.031062364578,
    3.251250088215));
#2448 = DIRECTION('',(1.,0.,0.));
#2449 = DIRECTION('',(0.,0.,-1.));
#2450 = DEFINITIONAL_REPRESENTATION('',(#2451),#2455);
#2451 = LINE('',#2452,#2453);
#2452 = CARTESIAN_POINT('',(1.259546829881,-1.507313013077));
#2453 = VECTOR('',#2454,1.);
#2454 = DIRECTION('',(1.,0.));
#2455 = ( GEOMETRIC_REPRESENTATION_CONTEXT(2) 
PARAMETRIC_REPRESENTATION_CONTEXT() REPRESENTATION_CONTEXT('2D SPACE',''
  ) );
#2456 = ORIENTED_EDGE('',*,*,#2457,.F.);
#2457 = EDGE_CURVE('',#2458,#2424,#2460,.T.);
#2458 = VERTEX_POINT('',#2459);
#2459 = CARTESIAN_POINT('',(-9.547499656677,5.021249771118,
    4.507449331388));
#2460 = SURFACE_CURVE('',#2461,(#2466,#2472),.PCURVE_S1.);
#2461 = CIRCLE('',#2462,0.502499584308);
#2462 = AXIS2_PLACEMENT_3D('',#2463,#2464,#2465);
#2463 = CARTESIAN_POINT('',(-9.547499656677,5.523749351501,
    4.507451134593));
#2464 = DIRECTION('',(-1.249381965714E-04,-3.588469592031E-06,
    0.999999992189));
#2465 = DIRECTION('',(-0.999587771794,-2.871011766932E-02,
    -1.249897198834E-04));
#2466 = PCURVE('',#2434,#2467);
#2467 = DEFINITIONAL_REPRESENTATION('',(#2468),#2471);
#2468 = B_SPLINE_CURVE_WITH_KNOTS('',1,(#2469,#2470),.UNSPECIFIED.,.F.,
  .F.,(2,2),(1.542082263061,3.112878590304),.PIECEWISE_BEZIER_KNOTS.);
#2469 = CARTESIAN_POINT('',(6.28318530718,-2.515746073055));
#2470 = CARTESIAN_POINT('',(4.712388980385,-2.515810657651));
#2471 = ( GEOMETRIC_REPRESENTATION_CONTEXT(2) 
PARAMETRIC_REPRESENTATION_CONTEXT() REPRESENTATION_CONTEXT('2D SPACE',''
  ) );
#2472 = PCURVE('',#2088,#2473);
#2473 = DEFINITIONAL_REPRESENTATION('',(#2474),#2482);
#2474 = ( BOUNDED_CURVE() B_SPLINE_CURVE(2,(#2475,#2476,#2477,#2478,
#2479,#2480,#2481),.UNSPECIFIED.,.T.,.F.) B_SPLINE_CURVE_WITH_KNOTS((1,2
    ,2,2,2,1),(-2.094395102393,0.,2.094395102393,4.188790204786,
6.28318530718,8.377580409573),.UNSPECIFIED.) CURVE() 
GEOMETRIC_REPRESENTATION_ITEM() RATIONAL_B_SPLINE_CURVE((1.,0.5,1.,0.5,
1.,0.5,1.)) REPRESENTATION_ITEM('') );
#2475 = CARTESIAN_POINT('',(-3.598566628451E-04,-1.521871629205));
#2476 = CARTESIAN_POINT('',(-2.534784569526E-02,-2.391867662009));
#2477 = CARTESIAN_POINT('',(-0.766292516779,-1.935229412316));
#2478 = CARTESIAN_POINT('',(-1.507237187863,-1.478591162622));
#2479 = CARTESIAN_POINT('',(-0.741304527747,-1.065233379512));
#2480 = CARTESIAN_POINT('',(2.462813236957E-02,-0.651875596401));
#2481 = CARTESIAN_POINT('',(-3.598566628451E-04,-1.521871629205));
#2482 = ( GEOMETRIC_REPRESENTATION_CONTEXT(2) 
PARAMETRIC_REPRESENTATION_CONTEXT() REPRESENTATION_CONTEXT('2D SPACE',''
  ) );
#2483 = ORIENTED_EDGE('',*,*,#2484,.F.);
#2484 = EDGE_CURVE('',#2485,#2458,#2487,.T.);
#2485 = VERTEX_POINT('',#2486);
#2486 = CARTESIAN_POINT('',(-9.547499656677,5.021249771118,
    1.994939867579));
#2487 = SURFACE_CURVE('',#2488,(#2492,#2498),.PCURVE_S1.);
#2488 = LINE('',#2489,#2490);
#2489 = CARTESIAN_POINT('',(-9.547499656677,5.021249771118,
    1.991703258334));
#2490 = VECTOR('',#2491,1.);
#2491 = DIRECTION('',(0.,0.,1.));
#2492 = PCURVE('',#2434,#2493);
#2493 = DEFINITIONAL_REPRESENTATION('',(#2494),#2497);
#2494 = B_SPLINE_CURVE_WITH_KNOTS('',1,(#2495,#2496),.UNSPECIFIED.,.F.,
  .F.,(2,2),(3.23660924535E-03,2.515746073055),
  .PIECEWISE_BEZIER_KNOTS.);
#2495 = CARTESIAN_POINT('',(6.28318530718,-3.23660924535E-03));
#2496 = CARTESIAN_POINT('',(6.28318530718,-2.515746073055));
#2497 = ( GEOMETRIC_REPRESENTATION_CONTEXT(2) 
PARAMETRIC_REPRESENTATION_CONTEXT() REPRESENTATION_CONTEXT('2D SPACE',''
  ) );
#2498 = PCURVE('',#2260,#2499);
#2499 = DEFINITIONAL_REPRESENTATION('',(#2500),#2504);
#2500 = LINE('',#2501,#2502);
#2501 = CARTESIAN_POINT('',(-1.259546829881,0.502687454224));
#2502 = VECTOR('',#2503,1.);
#2503 = DIRECTION('',(1.,0.));
#2504 = ( GEOMETRIC_REPRESENTATION_CONTEXT(2) 
PARAMETRIC_REPRESENTATION_CONTEXT() REPRESENTATION_CONTEXT('2D SPACE',''
  ) );
#2505 = ORIENTED_EDGE('',*,*,#2506,.F.);
#2506 = EDGE_CURVE('',#2426,#2485,#2507,.T.);
#2507 = SURFACE_CURVE('',#2508,(#2513,#2519),.PCURVE_S1.);
#2508 = CIRCLE('',#2509,0.502499580386);
#2509 = AXIS2_PLACEMENT_3D('',#2510,#2511,#2512);
#2510 = CARTESIAN_POINT('',(-9.547499656677,5.523749351501,
    1.994938353118));
#2511 = DIRECTION('',(-1.073896550893E-07,-3.013855083847E-06,
    -0.999999999995));
#2512 = DIRECTION('',(-4.543838814073E-28,-0.999999999995,
    3.013855083847E-06));
#2513 = PCURVE('',#2434,#2514);
#2514 = DEFINITIONAL_REPRESENTATION('',(#2515),#2518);
#2515 = B_SPLINE_CURVE_WITH_KNOTS('',1,(#2516,#2517),.UNSPECIFIED.,.F.,
  .F.,(2,2),(4.712388980152,6.28318530687),.PIECEWISE_BEZIER_KNOTS.);
#2516 = CARTESIAN_POINT('',(4.712388980385,-3.235040821183E-03));
#2517 = CARTESIAN_POINT('',(6.283185307102,-3.236609245355E-03));
#2518 = ( GEOMETRIC_REPRESENTATION_CONTEXT(2) 
PARAMETRIC_REPRESENTATION_CONTEXT() REPRESENTATION_CONTEXT('2D SPACE',''
  ) );
#2519 = PCURVE('',#71,#2520);
#2520 = DEFINITIONAL_REPRESENTATION('',(#2521),#2529);
#2521 = ( BOUNDED_CURVE() B_SPLINE_CURVE(2,(#2522,#2523,#2524,#2525,
#2526,#2527,#2528),.UNSPECIFIED.,.T.,.F.) B_SPLINE_CURVE_WITH_KNOTS((1,2
    ,2,2,2,1),(-2.094395102393,0.,2.094395102393,4.188790204786,
6.28318530718,8.377580409573),.UNSPECIFIED.) CURVE() 
GEOMETRIC_REPRESENTATION_ITEM() RATIONAL_B_SPLINE_CURVE((1.,0.5,1.,0.5,
1.,0.5,1.)) REPRESENTATION_ITEM('') );
#2522 = CARTESIAN_POINT('',(-8.179725037395,7.332991001127));
#2523 = CARTESIAN_POINT('',(-9.050079841405,7.332991001127));
#2524 = CARTESIAN_POINT('',(-8.6149024394,8.086740371705));
#2525 = CARTESIAN_POINT('',(-8.179725037394,8.840489742284));
#2526 = CARTESIAN_POINT('',(-7.74454763539,8.086740371705));
#2527 = CARTESIAN_POINT('',(-7.309370233385,7.332991001126));
#2528 = CARTESIAN_POINT('',(-8.179725037395,7.332991001127));
#2529 = ( GEOMETRIC_REPRESENTATION_CONTEXT(2) 
PARAMETRIC_REPRESENTATION_CONTEXT() REPRESENTATION_CONTEXT('2D SPACE',''
  ) );
#2530 = ADVANCED_FACE('',(#2531),#604,.T.);
#2531 = FACE_BOUND('',#2532,.T.);
#2532 = EDGE_LOOP('',(#2533,#2534,#2557,#2584));
#2533 = ORIENTED_EDGE('',*,*,#581,.T.);
#2534 = ORIENTED_EDGE('',*,*,#2535,.F.);
#2535 = EDGE_CURVE('',#2536,#584,#2538,.T.);
#2536 = VERTEX_POINT('',#2537);
#2537 = CARTESIAN_POINT('',(-4.522875102014,-12.06375961883,
    6.014882308874));
#2538 = SURFACE_CURVE('',#2539,(#2544,#2550),.PCURVE_S1.);
#2539 = CIRCLE('',#2540,0.502311138499);
#2540 = AXIS2_PLACEMENT_3D('',#2541,#2542,#2543);
#2541 = CARTESIAN_POINT('',(-4.522876190824,-12.56607075486,
    6.014901323492));
#2542 = DIRECTION('',(-1.754460486334E-06,3.785426852777E-05,
    0.999999999282));
#2543 = DIRECTION('',(0.869426685323,0.494061978454,-1.717698004891E-05)
  );
#2544 = PCURVE('',#604,#2545);
#2545 = DEFINITIONAL_REPRESENTATION('',(#2546),#2549);
#2546 = B_SPLINE_CURVE_WITH_KNOTS('',1,(#2547,#2548),.UNSPECIFIED.,.F.,
  .F.,(2,2),(1.054038555026,2.62409071799),.PIECEWISE_BEZIER_KNOTS.);
#2547 = CARTESIAN_POINT('',(6.28318530718,-4.022241336972));
#2548 = CARTESIAN_POINT('',(4.713133148981,-4.022313434799));
#2549 = ( GEOMETRIC_REPRESENTATION_CONTEXT(2) 
PARAMETRIC_REPRESENTATION_CONTEXT() REPRESENTATION_CONTEXT('2D SPACE',''
  ) );
#2550 = PCURVE('',#566,#2551);
#2551 = DEFINITIONAL_REPRESENTATION('',(#2552),#2556);
#2552 = CIRCLE('',#2553,0.502311138499);
#2553 = AXIS2_PLACEMENT_2D('',#2554,#2555);
#2554 = CARTESIAN_POINT('',(-4.522719082669,0.25148998251));
#2555 = DIRECTION('',(0.869426685291,0.494061978808));
#2556 = ( GEOMETRIC_REPRESENTATION_CONTEXT(2) 
PARAMETRIC_REPRESENTATION_CONTEXT() REPRESENTATION_CONTEXT('2D SPACE',''
  ) );
#2557 = ORIENTED_EDGE('',*,*,#2558,.F.);
#2558 = EDGE_CURVE('',#2559,#2536,#2561,.T.);
#2559 = VERTEX_POINT('',#2560);
#2560 = CARTESIAN_POINT('',(-4.522500037187,-12.06370266168,
    1.994990819517));
#2561 = SURFACE_CURVE('',#2562,(#2566,#2572),.PCURVE_S1.);
#2562 = LINE('',#2563,#2564);
#2563 = CARTESIAN_POINT('',(-4.522499817943,-12.06370262839,
    1.992640989813));
#2564 = VECTOR('',#2565,1.);
#2565 = DIRECTION('',(-9.330222625835E-05,-1.416882776327E-05,
    0.999999995547));
#2566 = PCURVE('',#604,#2567);
#2567 = DEFINITIONAL_REPRESENTATION('',(#2568),#2571);
#2568 = B_SPLINE_CURVE_WITH_KNOTS('',1,(#2569,#2570),.UNSPECIFIED.,.F.,
  .F.,(2,2),(2.349829714304E-03,4.022241336972),
  .PIECEWISE_BEZIER_KNOTS.);
#2569 = CARTESIAN_POINT('',(6.28318530718,-2.349829714306E-03));
#2570 = CARTESIAN_POINT('',(6.28318530718,-4.022241336972));
#2571 = ( GEOMETRIC_REPRESENTATION_CONTEXT(2) 
PARAMETRIC_REPRESENTATION_CONTEXT() REPRESENTATION_CONTEXT('2D SPACE',''
  ) );
#2572 = PCURVE('',#2573,#2578);
#2573 = PLANE('',#2574);
#2574 = AXIS2_PLACEMENT_3D('',#2575,#2576,#2577);
#2575 = CARTESIAN_POINT('',(-8.055590994136E-02,-12.06374155088,
    4.061639408733));
#2576 = DIRECTION('',(2.162746672596E-06,0.999999999897,
    1.416902961399E-05));
#2577 = DIRECTION('',(-5.816113682013E-26,-1.416902961402E-05,
    0.9999999999));
#2578 = DEFINITIONAL_REPRESENTATION('',(#2579),#2583);
#2579 = LINE('',#2580,#2581);
#2580 = CARTESIAN_POINT('',(-2.068998419263,-4.441943908012));
#2581 = VECTOR('',#2582,1.);
#2582 = DIRECTION('',(0.999999995647,-9.330222625857E-05));
#2583 = ( GEOMETRIC_REPRESENTATION_CONTEXT(2) 
PARAMETRIC_REPRESENTATION_CONTEXT() REPRESENTATION_CONTEXT('2D SPACE',''
  ) );
#2584 = ORIENTED_EDGE('',*,*,#2585,.F.);
#2585 = EDGE_CURVE('',#582,#2559,#2586,.T.);
#2586 = SURFACE_CURVE('',#2587,(#2592,#2598),.PCURVE_S1.);
#2587 = CIRCLE('',#2588,0.50231113798);
#2588 = AXIS2_PLACEMENT_3D('',#2589,#2590,#2591);
#2589 = CARTESIAN_POINT('',(-4.522501124364,-12.56601379747,
    1.99499233341));
#2590 = DIRECTION('',(-1.073896550893E-07,-3.013855083847E-06,
    -0.999999999995));
#2591 = DIRECTION('',(0.983498837704,0.180914444517,-6.508675193143E-07)
  );
#2592 = PCURVE('',#604,#2593);
#2593 = DEFINITIONAL_REPRESENTATION('',(#2594),#2597);
#2594 = B_SPLINE_CURVE_WITH_KNOTS('',1,(#2595,#2596),.UNSPECIFIED.,.F.,
  .F.,(2,2),(3.324255143895,4.894307303702),.PIECEWISE_BEZIER_KNOTS.);
#2595 = CARTESIAN_POINT('',(4.713133148981,-2.405375104568E-03));
#2596 = CARTESIAN_POINT('',(6.28318530718,-2.349829714272E-03));
#2597 = ( GEOMETRIC_REPRESENTATION_CONTEXT(2) 
PARAMETRIC_REPRESENTATION_CONTEXT() REPRESENTATION_CONTEXT('2D SPACE',''
  ) );
#2598 = PCURVE('',#71,#2599);
#2599 = DEFINITIONAL_REPRESENTATION('',(#2600),#2608);
#2600 = ( BOUNDED_CURVE() B_SPLINE_CURVE(2,(#2601,#2602,#2603,#2604,
#2605,#2606,#2607),.UNSPECIFIED.,.T.,.F.) B_SPLINE_CURVE_WITH_KNOTS((1,2
    ,2,2,2,1),(-2.094395102393,0.,2.094395102393,4.188790204786,
6.28318530718,8.377580409573),.UNSPECIFIED.) CURVE() 
GEOMETRIC_REPRESENTATION_ITEM() RATIONAL_B_SPLINE_CURVE((1.,0.5,1.,0.5,
1.,0.5,1.)) REPRESENTATION_ITEM('') );
#2601 = CARTESIAN_POINT('',(-2.660704084718,-10.16339722703));
#2602 = CARTESIAN_POINT('',(-2.503303377812,-11.01906915919));
#2603 = CARTESIAN_POINT('',(-3.323037361819,-10.72754620387));
#2604 = CARTESIAN_POINT('',(-4.142771345826,-10.43602324854));
#2605 = CARTESIAN_POINT('',(-3.480438068725,-9.871874271713));
#2606 = CARTESIAN_POINT('',(-2.818104791624,-9.30772529488));
#2607 = CARTESIAN_POINT('',(-2.660704084718,-10.16339722703));
#2608 = ( GEOMETRIC_REPRESENTATION_CONTEXT(2) 
PARAMETRIC_REPRESENTATION_CONTEXT() REPRESENTATION_CONTEXT('2D SPACE',''
  ) );
#2609 = ADVANCED_FACE('',(#2610),#2625,.T.);
#2610 = FACE_BOUND('',#2611,.T.);
#2611 = EDGE_LOOP('',(#2612,#2647,#2674,#2701));
#2612 = ORIENTED_EDGE('',*,*,#2613,.F.);
#2613 = EDGE_CURVE('',#2614,#2616,#2618,.T.);
#2614 = VERTEX_POINT('',#2615);
#2615 = CARTESIAN_POINT('',(9.044437927491,5.523998879305,4.507424726095
    ));
#2616 = VERTEX_POINT('',#2617);
#2617 = CARTESIAN_POINT('',(9.547499739286,5.021062242275,4.507415492866
    ));
#2618 = SURFACE_CURVE('',#2619,(#2624,#2635),.PCURVE_S1.);
#2619 = CIRCLE('',#2620,0.502874154314);
#2620 = AXIS2_PLACEMENT_3D('',#2621,#2622,#2623);
#2621 = CARTESIAN_POINT('',(9.547312071888,5.523936354937,4.507418059545
    ));
#2622 = DIRECTION('',(1.325626063659E-05,-5.099072813977E-06,
    0.999999999899));
#2623 = DIRECTION('',(0.724952470336,-0.688798893424,-1.312239460899E-05
    ));
#2624 = PCURVE('',#2625,#2630);
#2625 = CYLINDRICAL_SURFACE('',#2626,0.502874141695);
#2626 = AXIS2_PLACEMENT_3D('',#2627,#2628,#2629);
#2627 = CARTESIAN_POINT('',(9.547311534968,5.523936892065,4.511017848997
    ));
#2628 = DIRECTION('',(1.491531855261E-04,-1.492109678882E-04,
    -0.999999977745));
#2629 = DIRECTION('',(3.731665713001E-04,-0.999999919233,
    1.492666181417E-04));
#2630 = DEFINITIONAL_REPRESENTATION('',(#2631),#2634);
#2631 = B_SPLINE_CURVE_WITH_KNOTS('',1,(#2632,#2633),.UNSPECIFIED.,.F.,
  .F.,(2,2),(3.901299258105,5.472593108594),.PIECEWISE_BEZIER_KNOTS.);
#2632 = CARTESIAN_POINT('',(1.571293825428,3.518108371901E-03));
#2633 = CARTESIAN_POINT('',(0.,3.677418536862E-03));
#2634 = ( GEOMETRIC_REPRESENTATION_CONTEXT(2) 
PARAMETRIC_REPRESENTATION_CONTEXT() REPRESENTATION_CONTEXT('2D SPACE',''
  ) );
#2635 = PCURVE('',#2636,#2641);
#2636 = PLANE('',#2637);
#2637 = AXIS2_PLACEMENT_3D('',#2638,#2639,#2640);
#2638 = CARTESIAN_POINT('',(10.049848066794,7.031224579424,4.50741908357
    ));
#2639 = DIRECTION('',(1.325626063659E-05,-5.099072813977E-06,
    0.999999999899));
#2640 = DIRECTION('',(0.999999999912,1.80945758996E-25,
    -1.325626063676E-05));
#2641 = DEFINITIONAL_REPRESENTATION('',(#2642),#2646);
#2642 = CIRCLE('',#2643,0.502874154314);
#2643 = AXIS2_PLACEMENT_2D('',#2644,#2645);
#2644 = CARTESIAN_POINT('',(-0.502535994848,-1.507288224507));
#2645 = DIRECTION('',(0.724952470446,-0.688798893433));
#2646 = ( GEOMETRIC_REPRESENTATION_CONTEXT(2) 
PARAMETRIC_REPRESENTATION_CONTEXT() REPRESENTATION_CONTEXT('2D SPACE',''
  ) );
#2647 = ORIENTED_EDGE('',*,*,#2648,.F.);
#2648 = EDGE_CURVE('',#2649,#2614,#2651,.T.);
#2649 = VERTEX_POINT('',#2650);
#2650 = CARTESIAN_POINT('',(9.044812673143,5.523623988475,1.994936356874
    ));
#2651 = SURFACE_CURVE('',#2652,(#2656,#2662),.PCURVE_S1.);
#2652 = LINE('',#2653,#2654);
#2653 = CARTESIAN_POINT('',(9.044437402754,5.523999404245,4.510942834389
    ));
#2654 = VECTOR('',#2655,1.);
#2655 = DIRECTION('',(-1.491531855261E-04,1.492109678882E-04,
    0.999999977745));
#2656 = PCURVE('',#2625,#2657);
#2657 = DEFINITIONAL_REPRESENTATION('',(#2658),#2661);
#2658 = B_SPLINE_CURVE_WITH_KNOTS('',1,(#2659,#2660),.UNSPECIFIED.,.F.,
  .F.,(2,2),(-2.51600653351,-3.518108372876E-03),
  .PIECEWISE_BEZIER_KNOTS.);
#2659 = CARTESIAN_POINT('',(1.571293825428,2.51600653351));
#2660 = CARTESIAN_POINT('',(1.571293825428,3.518108372876E-03));
#2661 = ( GEOMETRIC_REPRESENTATION_CONTEXT(2) 
PARAMETRIC_REPRESENTATION_CONTEXT() REPRESENTATION_CONTEXT('2D SPACE',''
  ) );
#2662 = PCURVE('',#2663,#2668);
#2663 = PLANE('',#2664);
#2664 = AXIS2_PLACEMENT_3D('',#2665,#2666,#2667);
#2665 = CARTESIAN_POINT('',(9.044812679291,7.031249761581,3.251250088215
    ));
#2666 = DIRECTION('',(0.999999981147,-1.243097915989E-04,
    1.491717344183E-04));
#2667 = DIRECTION('',(1.491717355709E-04,3.639594695233E-23,
    -0.999999988874));
#2668 = DEFINITIONAL_REPRESENTATION('',(#2669),#2673);
#2669 = LINE('',#2670,#2671);
#2670 = CARTESIAN_POINT('',(-1.25969278814,-1.507250368982));
#2671 = VECTOR('',#2672,1.);
#2672 = DIRECTION('',(-0.999999988868,1.49210969041E-04));
#2673 = ( GEOMETRIC_REPRESENTATION_CONTEXT(2) 
PARAMETRIC_REPRESENTATION_CONTEXT() REPRESENTATION_CONTEXT('2D SPACE',''
  ) );
#2674 = ORIENTED_EDGE('',*,*,#2675,.F.);
#2675 = EDGE_CURVE('',#2676,#2649,#2678,.T.);
#2676 = VERTEX_POINT('',#2677);
#2677 = CARTESIAN_POINT('',(9.547874483343,5.020687353041,1.994937818629
    ));
#2678 = SURFACE_CURVE('',#2679,(#2684,#2690),.PCURVE_S1.);
#2679 = CIRCLE('',#2680,0.502874152671);
#2680 = AXIS2_PLACEMENT_3D('',#2681,#2682,#2683);
#2681 = CARTESIAN_POINT('',(9.547686816554,5.523561465094,1.994936303059
    ));
#2682 = DIRECTION('',(-1.073896550893E-07,-3.013855083847E-06,
    -0.999999999995));
#2683 = DIRECTION('',(0.714400042343,-0.699737507567,2.032188270406E-06)
  );
#2684 = PCURVE('',#2625,#2685);
#2685 = DEFINITIONAL_REPRESENTATION('',(#2686),#2689);
#2686 = B_SPLINE_CURVE_WITH_KNOTS('',1,(#2687,#2688),.UNSPECIFIED.,.F.,
  .F.,(2,2),(0.795393138534,2.366686985783),.PIECEWISE_BEZIER_KNOTS.);
#2687 = CARTESIAN_POINT('',(0.,2.51615514869));
#2688 = CARTESIAN_POINT('',(1.571293825428,2.516006533509));
#2689 = ( GEOMETRIC_REPRESENTATION_CONTEXT(2) 
PARAMETRIC_REPRESENTATION_CONTEXT() REPRESENTATION_CONTEXT('2D SPACE',''
  ) );
#2690 = PCURVE('',#71,#2691);
#2691 = DEFINITIONAL_REPRESENTATION('',(#2692),#2700);
#2692 = ( BOUNDED_CURVE() B_SPLINE_CURVE(2,(#2693,#2694,#2695,#2696,
#2697,#2698,#2699),.UNSPECIFIED.,.T.,.F.) B_SPLINE_CURVE_WITH_KNOTS((1,2
    ,2,2,2,1),(-2.094395102393,0.,2.094395102393,4.188790204786,
6.28318530718,8.377580409573),.UNSPECIFIED.) CURVE() 
GEOMETRIC_REPRESENTATION_ITEM() RATIONAL_B_SPLINE_CURVE((1.,0.5,1.,0.5,
1.,0.5,1.)) REPRESENTATION_ITEM('') );
#2693 = CARTESIAN_POINT('',(11.274714751798,7.483422788894));
#2694 = CARTESIAN_POINT('',(10.665240876077,6.861177792862));
#2695 = CARTESIAN_POINT('',(10.431097839996,7.700120150195));
#2696 = CARTESIAN_POINT('',(10.196954803915,8.539062507528));
#2697 = CARTESIAN_POINT('',(11.040571715717,8.322365146226));
#2698 = CARTESIAN_POINT('',(11.884188627518,8.105667784925));
#2699 = CARTESIAN_POINT('',(11.274714751798,7.483422788894));
#2700 = ( GEOMETRIC_REPRESENTATION_CONTEXT(2) 
PARAMETRIC_REPRESENTATION_CONTEXT() REPRESENTATION_CONTEXT('2D SPACE',''
  ) );
#2701 = ORIENTED_EDGE('',*,*,#2702,.F.);
#2702 = EDGE_CURVE('',#2616,#2676,#2703,.T.);
#2703 = SURFACE_CURVE('',#2704,(#2708,#2714),.PCURVE_S1.);
#2704 = LINE('',#2705,#2706);
#2705 = CARTESIAN_POINT('',(9.547499190788,5.021062790986,4.51109291132)
  );
#2706 = VECTOR('',#2707,1.);
#2707 = DIRECTION('',(1.491531855261E-04,-1.492109678882E-04,
    -0.999999977745));
#2708 = PCURVE('',#2625,#2709);
#2709 = DEFINITIONAL_REPRESENTATION('',(#2710),#2713);
#2710 = B_SPLINE_CURVE_WITH_KNOTS('',1,(#2711,#2712),.UNSPECIFIED.,.F.,
  .F.,(2,2),(3.677418535832E-03,2.516155148689),
  .PIECEWISE_BEZIER_KNOTS.);
#2711 = CARTESIAN_POINT('',(0.,3.677418535834E-03));
#2712 = CARTESIAN_POINT('',(0.,2.516155148689));
#2713 = ( GEOMETRIC_REPRESENTATION_CONTEXT(2) 
PARAMETRIC_REPRESENTATION_CONTEXT() REPRESENTATION_CONTEXT('2D SPACE',''
  ) );
#2714 = PCURVE('',#2715,#2720);
#2715 = PLANE('',#2716);
#2716 = AXIS2_PLACEMENT_3D('',#2717,#2718,#2719);
#2717 = CARTESIAN_POINT('',(10.049999713898,5.021062254906,
    3.251250088215));
#2718 = DIRECTION('',(3.73166571299E-04,-0.999999919233,
    1.492666181417E-04));
#2719 = DIRECTION('',(-1.323488980085E-23,-1.492666285346E-04,
    -0.99999998886));
#2720 = DEFINITIONAL_REPRESENTATION('',(#2721),#2725);
#2721 = LINE('',#2722,#2723);
#2722 = CARTESIAN_POINT('',(-1.25984280915,-0.502500558097));
#2723 = VECTOR('',#2724,1.);
#2724 = DIRECTION('',(0.999999988877,1.491531959111E-04));
#2725 = ( GEOMETRIC_REPRESENTATION_CONTEXT(2) 
PARAMETRIC_REPRESENTATION_CONTEXT() REPRESENTATION_CONTEXT('2D SPACE',''
  ) );
#2726 = ADVANCED_FACE('',(#2727),#933,.T.);
#2727 = FACE_BOUND('',#2728,.T.);
#2728 = EDGE_LOOP('',(#2729,#2730,#2753,#2780));
#2729 = ORIENTED_EDGE('',*,*,#910,.T.);
#2730 = ORIENTED_EDGE('',*,*,#2731,.F.);
#2731 = EDGE_CURVE('',#2732,#913,#2734,.T.);
#2732 = VERTEX_POINT('',#2733);
#2733 = CARTESIAN_POINT('',(11.557499885559,12.05624961853,
    6.014938281174));
#2734 = SURFACE_CURVE('',#2735,(#2740,#2746),.PCURVE_S1.);
#2735 = CIRCLE('',#2736,0.502500535576);
#2736 = AXIS2_PLACEMENT_3D('',#2737,#2738,#2739);
#2737 = CARTESIAN_POINT('',(11.557499885559,12.558750152588,
    6.014972004675));
#2738 = DIRECTION('',(-3.922308704256E-05,-6.711137327597E-05,
    0.999999996979));
#2739 = DIRECTION('',(-0.504588682993,-0.863359864108,
    -7.773279218023E-05));
#2740 = PCURVE('',#933,#2741);
#2741 = DEFINITIONAL_REPRESENTATION('',(#2742),#2745);
#2742 = B_SPLINE_CURVE_WITH_KNOTS('',1,(#2743,#2744),.UNSPECIFIED.,.F.,
  .F.,(2,2),(0.528905485085,2.099701814512),.PIECEWISE_BEZIER_KNOTS.);
#2743 = CARTESIAN_POINT('',(0.,-4.279780247921E-03));
#2744 = CARTESIAN_POINT('',(1.570796326795,-4.22634712459E-03));
#2745 = ( GEOMETRIC_REPRESENTATION_CONTEXT(2) 
PARAMETRIC_REPRESENTATION_CONTEXT() REPRESENTATION_CONTEXT('2D SPACE',''
  ) );
#2746 = PCURVE('',#1008,#2747);
#2747 = DEFINITIONAL_REPRESENTATION('',(#2748),#2752);
#2748 = CIRCLE('',#2749,0.502500535576);
#2749 = AXIS2_PLACEMENT_2D('',#2750,#2751);
#2750 = CARTESIAN_POINT('',(0.996313901671,-0.247355909713));
#2751 = DIRECTION('',(-0.504588685654,-0.863359866053));
#2752 = ( GEOMETRIC_REPRESENTATION_CONTEXT(2) 
PARAMETRIC_REPRESENTATION_CONTEXT() REPRESENTATION_CONTEXT('2D SPACE',''
  ) );
#2753 = ORIENTED_EDGE('',*,*,#2754,.F.);
#2754 = EDGE_CURVE('',#2755,#2732,#2757,.T.);
#2755 = VERTEX_POINT('',#2756);
#2756 = CARTESIAN_POINT('',(11.557499885559,12.05624961853,1.99491639865
    ));
#2757 = SURFACE_CURVE('',#2758,(#2762,#2768),.PCURVE_S1.);
#2758 = LINE('',#2759,#2760);
#2759 = CARTESIAN_POINT('',(11.557499885559,12.05624961853,
    6.019218061422));
#2760 = VECTOR('',#2761,1.);
#2761 = DIRECTION('',(0.,0.,1.));
#2762 = PCURVE('',#933,#2763);
#2763 = DEFINITIONAL_REPRESENTATION('',(#2764),#2767);
#2764 = B_SPLINE_CURVE_WITH_KNOTS('',1,(#2765,#2766),.UNSPECIFIED.,.F.,
  .F.,(2,2),(-4.024301662771,-4.2797802479E-03),
  .PIECEWISE_BEZIER_KNOTS.);
#2765 = CARTESIAN_POINT('',(0.,-4.024301662771));
#2766 = CARTESIAN_POINT('',(0.,-4.2797802479E-03));
#2767 = ( GEOMETRIC_REPRESENTATION_CONTEXT(2) 
PARAMETRIC_REPRESENTATION_CONTEXT() REPRESENTATION_CONTEXT('2D SPACE',''
  ) );
#2768 = PCURVE('',#2769,#2774);
#2769 = PLANE('',#2770);
#2770 = AXIS2_PLACEMENT_3D('',#2771,#2772,#2773);
#2771 = CARTESIAN_POINT('',(10.552499771118,12.05624961853,
    4.004812449217));
#2772 = DIRECTION('',(0.,1.,0.));
#2773 = DIRECTION('',(0.,-0.,1.));
#2774 = DEFINITIONAL_REPRESENTATION('',(#2775),#2779);
#2775 = LINE('',#2776,#2777);
#2776 = CARTESIAN_POINT('',(2.014405612205,1.005000114441));
#2777 = VECTOR('',#2778,1.);
#2778 = DIRECTION('',(1.,0.));
#2779 = ( GEOMETRIC_REPRESENTATION_CONTEXT(2) 
PARAMETRIC_REPRESENTATION_CONTEXT() REPRESENTATION_CONTEXT('2D SPACE',''
  ) );
#2780 = ORIENTED_EDGE('',*,*,#2781,.F.);
#2781 = EDGE_CURVE('',#911,#2755,#2782,.T.);
#2782 = SURFACE_CURVE('',#2783,(#2788,#2794),.PCURVE_S1.);
#2783 = CIRCLE('',#2784,0.50250053406);
#2784 = AXIS2_PLACEMENT_3D('',#2785,#2786,#2787);
#2785 = CARTESIAN_POINT('',(11.557499885559,12.558750152588,
    1.994914884187));
#2786 = DIRECTION('',(-1.073896550893E-07,-3.013855083847E-06,
    -0.999999999995));
#2787 = DIRECTION('',(-4.543838814073E-28,-0.999999999995,
    3.013855083847E-06));
#2788 = PCURVE('',#933,#2789);
#2789 = DEFINITIONAL_REPRESENTATION('',(#2790),#2793);
#2790 = B_SPLINE_CURVE_WITH_KNOTS('',1,(#2791,#2792),.UNSPECIFIED.,.F.,
  .F.,(2,2),(4.712388980152,6.28318530687),.PIECEWISE_BEZIER_KNOTS.);
#2791 = CARTESIAN_POINT('',(1.570796326795,-4.024303231199));
#2792 = CARTESIAN_POINT('',(7.797762435757E-11,-4.024301662771));
#2793 = ( GEOMETRIC_REPRESENTATION_CONTEXT(2) 
PARAMETRIC_REPRESENTATION_CONTEXT() REPRESENTATION_CONTEXT('2D SPACE',''
  ) );
#2794 = PCURVE('',#71,#2795);
#2795 = DEFINITIONAL_REPRESENTATION('',(#2796),#2804);
#2796 = ( BOUNDED_CURVE() B_SPLINE_CURVE(2,(#2797,#2798,#2799,#2800,
#2801,#2802,#2803),.UNSPECIFIED.,.T.,.F.) B_SPLINE_CURVE_WITH_KNOTS((1,2
    ,2,2,2,1),(-2.094395102393,0.,2.094395102393,4.188790204786,
6.28318530718,8.377580409573),.UNSPECIFIED.) CURVE() 
GEOMETRIC_REPRESENTATION_ITEM() RATIONAL_B_SPLINE_CURVE((1.,0.5,1.,0.5,
1.,0.5,1.)) REPRESENTATION_ITEM('') );
#2797 = CARTESIAN_POINT('',(12.925274504844,14.367990848571));
#2798 = CARTESIAN_POINT('',(12.054918049022,14.367990848571));
#2799 = CARTESIAN_POINT('',(12.490096276933,15.121741649661));
#2800 = CARTESIAN_POINT('',(12.925274504844,15.875492450751));
#2801 = CARTESIAN_POINT('',(13.360452732755,15.121741649661));
#2802 = CARTESIAN_POINT('',(13.795630960666,14.367990848571));
#2803 = CARTESIAN_POINT('',(12.925274504844,14.367990848571));
#2804 = ( GEOMETRIC_REPRESENTATION_CONTEXT(2) 
PARAMETRIC_REPRESENTATION_CONTEXT() REPRESENTATION_CONTEXT('2D SPACE',''
  ) );
#2805 = ADVANCED_FACE('',(#2806),#2820,.T.);
#2806 = FACE_BOUND('',#2807,.T.);
#2807 = EDGE_LOOP('',(#2808,#2837,#2860,#2887));
#2808 = ORIENTED_EDGE('',*,*,#2809,.F.);
#2809 = EDGE_CURVE('',#2810,#2812,#2814,.T.);
#2810 = VERTEX_POINT('',#2811);
#2811 = CARTESIAN_POINT('',(9.044812719445,8.539000632586,4.50744009484)
  );
#2812 = VERTEX_POINT('',#2813);
#2813 = CARTESIAN_POINT('',(9.045187515348,8.539000632586,1.994927268926
    ));
#2814 = SURFACE_CURVE('',#2815,(#2819,#2830),.PCURVE_S1.);
#2815 = LINE('',#2816,#2817);
#2816 = CARTESIAN_POINT('',(9.045188076879,8.539000632586,1.991162948678
    ));
#2817 = VECTOR('',#2818,1.);
#2818 = DIRECTION('',(1.491717355709E-04,0.,-0.999999988874));
#2819 = PCURVE('',#2820,#2825);
#2820 = CYLINDRICAL_SURFACE('',#2821,0.502312038601);
#2821 = AXIS2_PLACEMENT_3D('',#2822,#2823,#2824);
#2822 = CARTESIAN_POINT('',(9.547500106009,8.538938190281,1.991237879436
    ));
#2823 = DIRECTION('',(1.491717355709E-04,0.,-0.999999988874));
#2824 = DIRECTION('',(0.,1.,0.));
#2825 = DEFINITIONAL_REPRESENTATION('',(#2826),#2829);
#2826 = B_SPLINE_CURVE_WITH_KNOTS('',1,(#2827,#2828),.UNSPECIFIED.,.F.,
  .F.,(2,2),(-2.516277174158,-3.764320289242E-03),
  .PIECEWISE_BEZIER_KNOTS.);
#2827 = CARTESIAN_POINT('',(4.712513290177,-2.516277174158));
#2828 = CARTESIAN_POINT('',(4.712513290177,-3.764320289249E-03));
#2829 = ( GEOMETRIC_REPRESENTATION_CONTEXT(2) 
PARAMETRIC_REPRESENTATION_CONTEXT() REPRESENTATION_CONTEXT('2D SPACE',''
  ) );
#2830 = PCURVE('',#2663,#2831);
#2831 = DEFINITIONAL_REPRESENTATION('',(#2832),#2836);
#2832 = LINE('',#2833,#2834);
#2833 = CARTESIAN_POINT('',(1.260087181516,1.507750882654));
#2834 = VECTOR('',#2835,1.);
#2835 = DIRECTION('',(1.,-9.926167350636E-24));
#2836 = ( GEOMETRIC_REPRESENTATION_CONTEXT(2) 
PARAMETRIC_REPRESENTATION_CONTEXT() REPRESENTATION_CONTEXT('2D SPACE',''
  ) );
#2837 = ORIENTED_EDGE('',*,*,#2838,.F.);
#2838 = EDGE_CURVE('',#2839,#2810,#2841,.T.);
#2839 = VERTEX_POINT('',#2840);
#2840 = CARTESIAN_POINT('',(9.547124760365,9.041250228882,4.507435997068
    ));
#2841 = SURFACE_CURVE('',#2842,(#2847,#2853),.PCURVE_S1.);
#2842 = CIRCLE('',#2843,0.502312045233);
#2843 = AXIS2_PLACEMENT_3D('',#2844,#2845,#2846);
#2844 = CARTESIAN_POINT('',(9.547124760747,8.538938190281,4.507433435742
    ));
#2845 = DIRECTION('',(1.325626063659E-05,-5.099072813977E-06,
    0.999999999899));
#2846 = DIRECTION('',(-0.999507609269,3.137736180493E-02,
    1.340972883063E-05));
#2847 = PCURVE('',#2820,#2848);
#2848 = DEFINITIONAL_REPRESENTATION('',(#2849),#2852);
#2849 = B_SPLINE_CURVE_WITH_KNOTS('',1,(#2850,#2851),.UNSPECIFIED.,.F.,
  .F.,(2,2),(4.743771494006,6.314443510182),.PIECEWISE_BEZIER_KNOTS.);
#2850 = CARTESIAN_POINT('',(6.28318530718,-2.516198145627));
#2851 = CARTESIAN_POINT('',(4.712513290177,-2.516277174158));
#2852 = ( GEOMETRIC_REPRESENTATION_CONTEXT(2) 
PARAMETRIC_REPRESENTATION_CONTEXT() REPRESENTATION_CONTEXT('2D SPACE',''
  ) );
#2853 = PCURVE('',#2636,#2854);
#2854 = DEFINITIONAL_REPRESENTATION('',(#2855),#2859);
#2855 = CIRCLE('',#2856,0.502312045233);
#2856 = AXIS2_PLACEMENT_2D('',#2857,#2858);
#2857 = CARTESIAN_POINT('',(-0.502723306193,1.507713610876));
#2858 = DIRECTION('',(-0.999507609359,3.137736180534E-02));
#2859 = ( GEOMETRIC_REPRESENTATION_CONTEXT(2) 
PARAMETRIC_REPRESENTATION_CONTEXT() REPRESENTATION_CONTEXT('2D SPACE',''
  ) );
#2860 = ORIENTED_EDGE('',*,*,#2861,.F.);
#2861 = EDGE_CURVE('',#2862,#2839,#2864,.T.);
#2862 = VERTEX_POINT('',#2863);
#2863 = CARTESIAN_POINT('',(9.547499555891,9.041250228882,1.994925701275
    ));
#2864 = SURFACE_CURVE('',#2865,(#2869,#2875),.PCURVE_S1.);
#2865 = LINE('',#2866,#2867);
#2866 = CARTESIAN_POINT('',(9.547500106009,9.041250228882,1.991237879436
    ));
#2867 = VECTOR('',#2868,1.);
#2868 = DIRECTION('',(-1.491717355709E-04,0.,0.999999988874));
#2869 = PCURVE('',#2820,#2870);
#2870 = DEFINITIONAL_REPRESENTATION('',(#2871),#2874);
#2871 = B_SPLINE_CURVE_WITH_KNOTS('',1,(#2872,#2873),.UNSPECIFIED.,.F.,
  .F.,(2,2),(3.687821879771E-03,2.516198145627),
  .PIECEWISE_BEZIER_KNOTS.);
#2872 = CARTESIAN_POINT('',(6.28318530718,-3.687821879771E-03));
#2873 = CARTESIAN_POINT('',(6.28318530718,-2.516198145627));
#2874 = ( GEOMETRIC_REPRESENTATION_CONTEXT(2) 
PARAMETRIC_REPRESENTATION_CONTEXT() REPRESENTATION_CONTEXT('2D SPACE',''
  ) );
#2875 = PCURVE('',#2876,#2881);
#2876 = PLANE('',#2877);
#2877 = AXIS2_PLACEMENT_3D('',#2878,#2879,#2880);
#2878 = CARTESIAN_POINT('',(10.049999713898,9.041250228882,
    3.251062601805));
#2879 = DIRECTION('',(0.,-1.,0.));
#2880 = DIRECTION('',(0.,0.,-1.));
#2881 = DEFINITIONAL_REPRESENTATION('',(#2882),#2886);
#2882 = LINE('',#2883,#2884);
#2883 = CARTESIAN_POINT('',(1.259824722369,-0.502499607888));
#2884 = VECTOR('',#2885,1.);
#2885 = DIRECTION('',(-0.999999988874,-1.491717355709E-04));
#2886 = ( GEOMETRIC_REPRESENTATION_CONTEXT(2) 
PARAMETRIC_REPRESENTATION_CONTEXT() REPRESENTATION_CONTEXT('2D SPACE',''
  ) );
#2887 = ORIENTED_EDGE('',*,*,#2888,.F.);
#2888 = EDGE_CURVE('',#2812,#2862,#2889,.T.);
#2889 = SURFACE_CURVE('',#2890,(#2895,#2901),.PCURVE_S1.);
#2890 = CIRCLE('',#2891,0.5023120442);
#2891 = AXIS2_PLACEMENT_3D('',#2892,#2893,#2894);
#2892 = CARTESIAN_POINT('',(9.547499555665,8.538938190281,1.994927215171
    ));
#2893 = DIRECTION('',(-1.073896550893E-07,-3.013855083847E-06,
    -0.999999999995));
#2894 = DIRECTION('',(0.999796256469,2.018528053975E-02,
    -1.682032855162E-07));
#2895 = PCURVE('',#2820,#2896);
#2896 = DEFINITIONAL_REPRESENTATION('',(#2897),#2900);
#2897 = B_SPLINE_CURVE_WITH_KNOTS('',1,(#2898,#2899),.UNSPECIFIED.,.F.,
  .F.,(2,2),(3.161903614905,4.73257563236),.PIECEWISE_BEZIER_KNOTS.);
#2898 = CARTESIAN_POINT('',(4.712513290177,-3.764320289255E-03));
#2899 = CARTESIAN_POINT('',(6.28318530718,-3.687821879753E-03));
#2900 = ( GEOMETRIC_REPRESENTATION_CONTEXT(2) 
PARAMETRIC_REPRESENTATION_CONTEXT() REPRESENTATION_CONTEXT('2D SPACE',''
  ) );
#2901 = PCURVE('',#71,#2902);
#2902 = DEFINITIONAL_REPRESENTATION('',(#2903),#2911);
#2903 = ( BOUNDED_CURVE() B_SPLINE_CURVE(2,(#2904,#2905,#2906,#2907,
#2908,#2909,#2910),.UNSPECIFIED.,.T.,.F.) B_SPLINE_CURVE_WITH_KNOTS((1,2
    ,2,2,2,1),(-2.094395102393,0.,2.094395102393,4.188790204786,
6.28318530718,8.377580409573),.UNSPECIFIED.) CURVE() 
GEOMETRIC_REPRESENTATION_ITEM() RATIONAL_B_SPLINE_CURVE((1.,0.5,1.,0.5,
1.,0.5,1.)) REPRESENTATION_ITEM('') );
#2904 = CARTESIAN_POINT('',(11.417483876319,10.860818729836));
#2905 = CARTESIAN_POINT('',(11.435045675579,9.990966011009));
#2906 = CARTESIAN_POINT('',(10.672950223894,10.410683406127));
#2907 = CARTESIAN_POINT('',(9.910854772208,10.830400801244));
#2908 = CARTESIAN_POINT('',(10.655388424633,11.280536124954));
#2909 = CARTESIAN_POINT('',(11.399922077058,11.730671448664));
#2910 = CARTESIAN_POINT('',(11.417483876319,10.860818729836));
#2911 = ( GEOMETRIC_REPRESENTATION_CONTEXT(2) 
PARAMETRIC_REPRESENTATION_CONTEXT() REPRESENTATION_CONTEXT('2D SPACE',''
  ) );
#2912 = ADVANCED_FACE('',(#2913),#491,.T.);
#2913 = FACE_BOUND('',#2914,.T.);
#2914 = EDGE_LOOP('',(#2915,#2916,#2939,#2960,#2982,#3004));
#2915 = ORIENTED_EDGE('',*,*,#468,.T.);
#2916 = ORIENTED_EDGE('',*,*,#2917,.F.);
#2917 = EDGE_CURVE('',#2918,#471,#2920,.T.);
#2918 = VERTEX_POINT('',#2919);
#2919 = CARTESIAN_POINT('',(4.522500046473,-13.57124996185,
    6.014955243571));
#2920 = SURFACE_CURVE('',#2921,(#2926,#2932),.PCURVE_S1.);
#2921 = CIRCLE('',#2922,0.503066996975);
#2922 = AXIS2_PLACEMENT_3D('',#2923,#2924,#2925);
#2923 = CARTESIAN_POINT('',(4.522005786861,-13.0683451544,6.014936205611
    ));
#2924 = DIRECTION('',(-1.754460486334E-06,3.785426852777E-05,
    0.999999999282));
#2925 = DIRECTION('',(1.020293739191E-02,0.999947947964,
    -3.783439751268E-05));
#2926 = PCURVE('',#491,#2927);
#2927 = DEFINITIONAL_REPRESENTATION('',(#2928),#2931);
#2928 = B_SPLINE_CURVE_WITH_KNOTS('',1,(#2929,#2930),.UNSPECIFIED.,.F.,
  .F.,(2,2),(3.152778577173,4.721786465378),.PIECEWISE_BEZIER_KNOTS.);
#2929 = CARTESIAN_POINT('',(4.713371789631,4.019917088545));
#2930 = CARTESIAN_POINT('',(6.28237968063,4.019936333206));
#2931 = ( GEOMETRIC_REPRESENTATION_CONTEXT(2) 
PARAMETRIC_REPRESENTATION_CONTEXT() REPRESENTATION_CONTEXT('2D SPACE',''
  ) );
#2932 = PCURVE('',#566,#2933);
#2933 = DEFINITIONAL_REPRESENTATION('',(#2934),#2938);
#2934 = CIRCLE('',#2935,0.503066996975);
#2935 = AXIS2_PLACEMENT_2D('',#2936,#2937);
#2936 = CARTESIAN_POINT('',(4.522162895063,-0.25078441739));
#2937 = DIRECTION('',(1.020293732552E-02,0.99994794868));
#2938 = ( GEOMETRIC_REPRESENTATION_CONTEXT(2) 
PARAMETRIC_REPRESENTATION_CONTEXT() REPRESENTATION_CONTEXT('2D SPACE',''
  ) );
#2939 = ORIENTED_EDGE('',*,*,#2940,.F.);
#2940 = EDGE_CURVE('',#2941,#2918,#2943,.T.);
#2941 = VERTEX_POINT('',#2942);
#2942 = CARTESIAN_POINT('',(4.52324873097,-13.57139902204,1.995000013516
    ));
#2943 = SURFACE_CURVE('',#2944,(#2948,#2954),.PCURVE_S1.);
#2944 = LINE('',#2945,#2946);
#2945 = CARTESIAN_POINT('',(4.523250102997,-13.57124996185,
    1.995000004768));
#2946 = VECTOR('',#2947,1.);
#2947 = DIRECTION('',(-1.865832991539E-04,0.,0.999999982593));
#2948 = PCURVE('',#491,#2949);
#2949 = DEFINITIONAL_REPRESENTATION('',(#2950),#2953);
#2950 = B_SPLINE_CURVE_WITH_KNOTS('',1,(#2951,#2952),.UNSPECIFIED.,.F.,
  .F.,(2,2),(9.003226932564E-09,4.019955308777),
  .PIECEWISE_BEZIER_KNOTS.);
#2951 = CARTESIAN_POINT('',(4.714853791689,-3.813688840457E-05));
#2952 = CARTESIAN_POINT('',(4.713371789631,4.019917082544));
#2953 = ( GEOMETRIC_REPRESENTATION_CONTEXT(2) 
PARAMETRIC_REPRESENTATION_CONTEXT() REPRESENTATION_CONTEXT('2D SPACE',''
  ) );
#2954 = PCURVE('',#1584,#2955);
#2955 = DEFINITIONAL_REPRESENTATION('',(#2956),#2959);
#2956 = B_SPLINE_CURVE_WITH_KNOTS('',1,(#2957,#2958),.UNSPECIFIED.,.F.,
  .F.,(2,2),(9.003226932564E-09,4.019955308777),
  .PIECEWISE_BEZIER_KNOTS.);
#2957 = CARTESIAN_POINT('',(-1.524228211913E-05,17.632294784809));
#2958 = CARTESIAN_POINT('',(4.203129787777E-05,18.635719643477));
#2959 = ( GEOMETRIC_REPRESENTATION_CONTEXT(2) 
PARAMETRIC_REPRESENTATION_CONTEXT() REPRESENTATION_CONTEXT('2D SPACE',''
  ) );
#2960 = ORIENTED_EDGE('',*,*,#2961,.F.);
#2961 = EDGE_CURVE('',#2962,#2941,#2964,.T.);
#2962 = VERTEX_POINT('',#2963);
#2963 = CARTESIAN_POINT('',(4.531293505448,-13.57131141223,
    1.994738102716));
#2964 = SURFACE_CURVE('',#2965,(#2970,#2976),.PCURVE_S1.);
#2965 = B_SPLINE_CURVE_WITH_KNOTS('',3,(#2966,#2967,#2968,#2969),
  .UNSPECIFIED.,.F.,.F.,(4,4),(2.612610035276E-02,4.213789523903E-02),
  .PIECEWISE_BEZIER_KNOTS.);
#2966 = CARTESIAN_POINT('',(4.531298885803,-13.57132957,1.994715044287)
  );
#2967 = CARTESIAN_POINT('',(4.528616375033,-13.57137912973,
    1.994810032785));
#2968 = CARTESIAN_POINT('',(4.525933467528,-13.57140722194,
    1.994905019656));
#2969 = CARTESIAN_POINT('',(4.523250506914,-13.57141383487,1.9950000049)
  );
#2970 = PCURVE('',#491,#2971);
#2971 = DEFINITIONAL_REPRESENTATION('',(#2972),#2975);
#2972 = B_SPLINE_CURVE_WITH_KNOTS('',1,(#2973,#2974),.UNSPECIFIED.,.F.,
  .F.,(2,2),(2.613774433883E-02,4.213789523903E-02),
  .PIECEWISE_BEZIER_KNOTS.);
#2973 = CARTESIAN_POINT('',(4.730851408443,-3.229038993454E-04));
#2974 = CARTESIAN_POINT('',(4.714853791692,-3.814589162552E-05));
#2975 = ( GEOMETRIC_REPRESENTATION_CONTEXT(2) 
PARAMETRIC_REPRESENTATION_CONTEXT() REPRESENTATION_CONTEXT('2D SPACE',''
  ) );
#2976 = PCURVE('',#1584,#2977);
#2977 = DEFINITIONAL_REPRESENTATION('',(#2978),#2981);
#2978 = B_SPLINE_CURVE_WITH_KNOTS('',1,(#2979,#2980),.UNSPECIFIED.,.F.,
  .F.,(2,2),(2.613774433883E-02,4.213789523903E-02),
  .PIECEWISE_BEZIER_KNOTS.);
#2979 = CARTESIAN_POINT('',(-1.527589837114E-05,17.640011620042));
#2980 = CARTESIAN_POINT('',(-1.524228376137E-05,17.632295173527));
#2981 = ( GEOMETRIC_REPRESENTATION_CONTEXT(2) 
PARAMETRIC_REPRESENTATION_CONTEXT() REPRESENTATION_CONTEXT('2D SPACE',''
  ) );
#2982 = ORIENTED_EDGE('',*,*,#2983,.F.);
#2983 = EDGE_CURVE('',#2984,#2962,#2986,.T.);
#2984 = VERTEX_POINT('',#2985);
#2985 = CARTESIAN_POINT('',(4.53936485163,-13.57111578318,1.994994389491
    ));
#2986 = SURFACE_CURVE('',#2987,(#2992,#2998),.PCURVE_S1.);
#2987 = B_SPLINE_CURVE_WITH_KNOTS('',3,(#2988,#2989,#2990,#2991),
  .UNSPECIFIED.,.F.,.F.,(4,4),(0.,8.073716564776E-03),
  .PIECEWISE_BEZIER_KNOTS.);
#2988 = CARTESIAN_POINT('',(4.53936485163,-13.57111578318,1.994994389491
    ));
#2989 = CARTESIAN_POINT('',(4.536674402912,-13.57118099261,
    1.994994389977));
#2990 = CARTESIAN_POINT('',(4.533983954194,-13.57124620203,
    1.994994390462));
#2991 = CARTESIAN_POINT('',(4.531293505476,-13.57131141145,
    1.994994390947));
#2992 = PCURVE('',#491,#2993);
#2993 = DEFINITIONAL_REPRESENTATION('',(#2994),#2997);
#2994 = B_SPLINE_CURVE_WITH_KNOTS('',1,(#2995,#2996),.UNSPECIFIED.,.F.,
  .F.,(2,2),(0.,8.073716564773E-03),.PIECEWISE_BEZIER_KNOTS.);
#2995 = CARTESIAN_POINT('',(4.746912047977,-4.376076443364E-05));
#2996 = CARTESIAN_POINT('',(4.730853017764,-4.376445518869E-05));
#2997 = ( GEOMETRIC_REPRESENTATION_CONTEXT(2) 
PARAMETRIC_REPRESENTATION_CONTEXT() REPRESENTATION_CONTEXT('2D SPACE',''
  ) );
#2998 = PCURVE('',#1584,#2999);
#2999 = DEFINITIONAL_REPRESENTATION('',(#3000),#3003);
#3000 = B_SPLINE_CURVE_WITH_KNOTS('',1,(#3001,#3002),.UNSPECIFIED.,.F.,
  .F.,(2,2),(0.,8.073716564773E-03),.PIECEWISE_BEZIER_KNOTS.);
#3001 = CARTESIAN_POINT('',(-1.530158705521E-05,17.647897284966));
#3002 = CARTESIAN_POINT('',(-1.527192330553E-05,17.640081803736));
#3003 = ( GEOMETRIC_REPRESENTATION_CONTEXT(2) 
PARAMETRIC_REPRESENTATION_CONTEXT() REPRESENTATION_CONTEXT('2D SPACE',''
  ) );
#3004 = ORIENTED_EDGE('',*,*,#3005,.F.);
#3005 = EDGE_CURVE('',#469,#2984,#3006,.T.);
#3006 = SURFACE_CURVE('',#3007,(#3012,#3018),.PCURVE_S1.);
#3007 = CIRCLE('',#3008,0.502765685095);
#3008 = AXIS2_PLACEMENT_3D('',#3009,#3010,#3011);
#3009 = CARTESIAN_POINT('',(4.522011285586,-13.06864967701,
    1.994992876995));
#3010 = DIRECTION('',(-1.073896550893E-07,-3.013855083847E-06,
    -0.999999999995));
#3011 = DIRECTION('',(-2.027897982801E-02,0.99979436034,
    -3.011057563077E-06));
#3012 = PCURVE('',#491,#3013);
#3013 = DEFINITIONAL_REPRESENTATION('',(#3014),#3017);
#3014 = B_SPLINE_CURVE_WITH_KNOTS('',1,(#3015,#3016),.UNSPECIFIED.,.F.,
  .F.,(2,2),(1.591277207916,3.127349956167),.PIECEWISE_BEZIER_KNOTS.);
#3015 = CARTESIAN_POINT('',(6.28298480162,-7.935111700657E-06));
#3016 = CARTESIAN_POINT('',(4.746912047977,-4.376076443895E-05));
#3017 = ( GEOMETRIC_REPRESENTATION_CONTEXT(2) 
PARAMETRIC_REPRESENTATION_CONTEXT() REPRESENTATION_CONTEXT('2D SPACE',''
  ) );
#3018 = PCURVE('',#71,#3019);
#3019 = DEFINITIONAL_REPRESENTATION('',(#3020),#3028);
#3020 = ( BOUNDED_CURVE() B_SPLINE_CURVE(2,(#3021,#3022,#3023,#3024,
#3025,#3026,#3027),.UNSPECIFIED.,.T.,.F.) B_SPLINE_CURVE_WITH_KNOTS((1,2
    ,2,2,2,1),(-2.094395102393,0.,2.094395102393,4.188790204786,
6.28318530718,8.377580409573),.UNSPECIFIED.) CURVE() 
GEOMETRIC_REPRESENTATION_ITEM() RATIONAL_B_SPLINE_CURVE((1.,0.5,1.,0.5,
1.,0.5,1.)) REPRESENTATION_ITEM('') );
#3021 = CARTESIAN_POINT('',(5.879590329676,-10.25424615055));
#3022 = CARTESIAN_POINT('',(6.75022696632,-10.23658689632));
#3023 = CARTESIAN_POINT('',(6.330202010777,-10.99940996823));
#3024 = CARTESIAN_POINT('',(5.910177055235,-11.76223304015));
#3025 = CARTESIAN_POINT('',(5.459565374134,-11.01706922247));
#3026 = CARTESIAN_POINT('',(5.008953693033,-10.27190540478));
#3027 = CARTESIAN_POINT('',(5.879590329676,-10.25424615055));
#3028 = ( GEOMETRIC_REPRESENTATION_CONTEXT(2) 
PARAMETRIC_REPRESENTATION_CONTEXT() REPRESENTATION_CONTEXT('2D SPACE',''
  ) );
#3029 = ADVANCED_FACE('',(#3030),#541,.T.);
#3030 = FACE_BOUND('',#3031,.T.);
#3031 = EDGE_LOOP('',(#3032,#3056,#3077,#3078));
#3032 = ORIENTED_EDGE('',*,*,#3033,.F.);
#3033 = EDGE_CURVE('',#3034,#3036,#3038,.T.);
#3034 = VERTEX_POINT('',#3035);
#3035 = CARTESIAN_POINT('',(4.522500028599,-12.06377918191,
    6.014898179368));
#3036 = VERTEX_POINT('',#3037);
#3037 = CARTESIAN_POINT('',(4.52212504722,-12.0637222229,1.994989848277)
  );
#3038 = SURFACE_CURVE('',#3039,(#3043,#3049),.PCURVE_S1.);
#3039 = LINE('',#3040,#3041);
#3040 = CARTESIAN_POINT('',(4.522500264937,-12.06377921781,
    6.017431789906));
#3041 = VECTOR('',#3042,1.);
#3042 = DIRECTION('',(-9.328107663538E-05,1.416923129571E-05,
    -0.999999995549));
#3043 = PCURVE('',#541,#3044);
#3044 = DEFINITIONAL_REPRESENTATION('',(#3045),#3048);
#3045 = B_SPLINE_CURVE_WITH_KNOTS('',1,(#3046,#3047),.UNSPECIFIED.,.F.,
  .F.,(2,2),(2.533610549608E-03,4.022441959533),
  .PIECEWISE_BEZIER_KNOTS.);
#3046 = CARTESIAN_POINT('',(0.,2.533610549612E-03));
#3047 = CARTESIAN_POINT('',(0.,4.022441959533));
#3048 = ( GEOMETRIC_REPRESENTATION_CONTEXT(2) 
PARAMETRIC_REPRESENTATION_CONTEXT() REPRESENTATION_CONTEXT('2D SPACE',''
  ) );
#3049 = PCURVE('',#2573,#3050);
#3050 = DEFINITIONAL_REPRESENTATION('',(#3051),#3055);
#3051 = LINE('',#3052,#3053);
#3052 = CARTESIAN_POINT('',(1.955792381511,4.603056174889));
#3053 = VECTOR('',#3054,1.);
#3054 = DIRECTION('',(-0.999999995649,-9.32810766356E-05));
#3055 = ( GEOMETRIC_REPRESENTATION_CONTEXT(2) 
PARAMETRIC_REPRESENTATION_CONTEXT() REPRESENTATION_CONTEXT('2D SPACE',''
  ) );
#3056 = ORIENTED_EDGE('',*,*,#3057,.F.);
#3057 = EDGE_CURVE('',#526,#3034,#3058,.T.);
#3058 = SURFACE_CURVE('',#3059,(#3064,#3070),.PCURVE_S1.);
#3059 = CIRCLE('',#3060,0.502688358415);
#3060 = AXIS2_PLACEMENT_3D('',#3061,#3062,#3063);
#3061 = CARTESIAN_POINT('',(4.522498943851,-12.56646753769,
    6.014917208266));
#3062 = DIRECTION('',(-1.754460486334E-06,3.785426852777E-05,
    0.999999999282));
#3063 = DIRECTION('',(-0.87717312654,0.480174245132,-1.971561041968E-05)
  );
#3064 = PCURVE('',#541,#3065);
#3065 = DEFINITIONAL_REPRESENTATION('',(#3066),#3069);
#3066 = B_SPLINE_CURVE_WITH_KNOTS('',1,(#3067,#3068),.UNSPECIFIED.,.F.,
  .F.,(2,2),(3.641699665526,5.213240168503),.PIECEWISE_BEZIER_KNOTS.);
#3067 = CARTESIAN_POINT('',(1.571540498035,2.45966628251E-03));
#3068 = CARTESIAN_POINT('',(0.,2.533610549726E-03));
#3069 = ( GEOMETRIC_REPRESENTATION_CONTEXT(2) 
PARAMETRIC_REPRESENTATION_CONTEXT() REPRESENTATION_CONTEXT('2D SPACE',''
  ) );
#3070 = PCURVE('',#566,#3071);
#3071 = DEFINITIONAL_REPRESENTATION('',(#3072),#3076);
#3072 = CIRCLE('',#3073,0.502688358415);
#3073 = AXIS2_PLACEMENT_2D('',#3074,#3075);
#3074 = CARTESIAN_POINT('',(4.522656052019,0.251093199679));
#3075 = DIRECTION('',(-0.877173126573,0.480174245476));
#3076 = ( GEOMETRIC_REPRESENTATION_CONTEXT(2) 
PARAMETRIC_REPRESENTATION_CONTEXT() REPRESENTATION_CONTEXT('2D SPACE',''
  ) );
#3077 = ORIENTED_EDGE('',*,*,#525,.T.);
#3078 = ORIENTED_EDGE('',*,*,#3079,.F.);
#3079 = EDGE_CURVE('',#3036,#503,#3080,.T.);
#3080 = SURFACE_CURVE('',#3081,(#3086,#3092),.PCURVE_S1.);
#3081 = CIRCLE('',#3082,0.502688357721);
#3082 = AXIS2_PLACEMENT_3D('',#3083,#3084,#3085);
#3083 = CARTESIAN_POINT('',(4.522123960838,-12.56641057843,
    1.994991363307));
#3084 = DIRECTION('',(-1.073896550893E-07,-3.013855083847E-06,
    -0.999999999995));
#3085 = DIRECTION('',(-0.983416475967,0.181361613348,-4.409888642408E-07
    ));
#3086 = PCURVE('',#541,#3087);
#3087 = DEFINITIONAL_REPRESENTATION('',(#3088),#3091);
#3088 = B_SPLINE_CURVE_WITH_KNOTS('',1,(#3089,#3090),.UNSPECIFIED.,.F.,
  .F.,(2,2),(1.388427638504,2.959968138136),.PIECEWISE_BEZIER_KNOTS.);
#3089 = CARTESIAN_POINT('',(0.,4.022441959533));
#3090 = CARTESIAN_POINT('',(1.571540498035,4.022386478136));
#3091 = ( GEOMETRIC_REPRESENTATION_CONTEXT(2) 
PARAMETRIC_REPRESENTATION_CONTEXT() REPRESENTATION_CONTEXT('2D SPACE',''
  ) );
#3092 = PCURVE('',#71,#3093);
#3093 = DEFINITIONAL_REPRESENTATION('',(#3094),#3102);
#3094 = ( BOUNDED_CURVE() B_SPLINE_CURVE(2,(#3095,#3096,#3097,#3098,
#3099,#3100,#3101),.UNSPECIFIED.,.T.,.F.) B_SPLINE_CURVE_WITH_KNOTS((1,2
    ,2,2,2,1),(-2.094395102393,0.,2.094395102393,4.188790204786,
6.28318530718,8.377580409573),.UNSPECIFIED.) CURVE() 
GEOMETRIC_REPRESENTATION_ITEM() RATIONAL_B_SPLINE_CURVE((1.,0.5,1.,0.5,
1.,0.5,1.)) REPRESENTATION_ITEM('') );
#3095 = CARTESIAN_POINT('',(5.395546566855,-10.16350097694));
#3096 = CARTESIAN_POINT('',(5.553454818454,-9.307258173152));
#3097 = CARTESIAN_POINT('',(6.216028712544,-9.872132132399));
#3098 = CARTESIAN_POINT('',(6.878602606635,-10.43700609164));
#3099 = CARTESIAN_POINT('',(6.058120460946,-10.72837493618));
#3100 = CARTESIAN_POINT('',(5.237638315257,-11.01974378073));
#3101 = CARTESIAN_POINT('',(5.395546566855,-10.16350097694));
#3102 = ( GEOMETRIC_REPRESENTATION_CONTEXT(2) 
PARAMETRIC_REPRESENTATION_CONTEXT() REPRESENTATION_CONTEXT('2D SPACE',''
  ) );
#3103 = ADVANCED_FACE('',(#3104),#44,.T.);
#3104 = FACE_BOUND('',#3105,.T.);
#3105 = EDGE_LOOP('',(#3106,#3135,#3156,#3181,#3182));
#3106 = ORIENTED_EDGE('',*,*,#3107,.F.);
#3107 = EDGE_CURVE('',#3108,#3110,#3112,.T.);
#3108 = VERTEX_POINT('',#3109);
#3109 = CARTESIAN_POINT('',(13.567500060436,11.553752510655,
    1.99499992017));
#3110 = VERTEX_POINT('',#3111);
#3111 = CARTESIAN_POINT('',(13.56746637598,11.553750039127,
    6.014960919488));
#3112 = SURFACE_CURVE('',#3113,(#3118,#3124),.PCURVE_S1.);
#3113 = B_SPLINE_CURVE_WITH_KNOTS('',3,(#3114,#3115,#3116,#3117),
  .UNSPECIFIED.,.F.,.F.,(4,4),(0.,3.218525268577),
  .PIECEWISE_BEZIER_KNOTS.);
#3114 = CARTESIAN_POINT('',(13.567385047223,11.553750040787,
    1.995000006834));
#3115 = CARTESIAN_POINT('',(13.567409100009,11.55375004031,
    3.334986977778));
#3116 = CARTESIAN_POINT('',(13.56743620951,11.553750039763,
    4.674973948667));
#3117 = CARTESIAN_POINT('',(13.56746637598,11.553750039127,
    6.014960919488));
#3118 = PCURVE('',#44,#3119);
#3119 = DEFINITIONAL_REPRESENTATION('',(#3120),#3123);
#3120 = B_SPLINE_CURVE_WITH_KNOTS('',1,(#3121,#3122),.UNSPECIFIED.,.F.,
  .F.,(2,2),(0.,3.218525268577),.PIECEWISE_BEZIER_KNOTS.);
#3121 = CARTESIAN_POINT('',(3.141752109486,-4.020103075508));
#3122 = CARTESIAN_POINT('',(3.142156246243,-1.421693282751E-04));
#3123 = ( GEOMETRIC_REPRESENTATION_CONTEXT(2) 
PARAMETRIC_REPRESENTATION_CONTEXT() REPRESENTATION_CONTEXT('2D SPACE',''
  ) );
#3124 = PCURVE('',#3125,#3130);
#3125 = CYLINDRICAL_SURFACE('',#3126,3.162946123998E+05);
#3126 = AXIS2_PLACEMENT_3D('',#3127,#3128,#3129);
#3127 = CARTESIAN_POINT('',(3.16308179659E+05,-3.7042795909,
    7.008351691037));
#3128 = DIRECTION('',(6.234437005423E-07,-0.599151114776,0.80063596076)
  );
#3129 = DIRECTION('',(-1.,-5.293955920339E-23,7.786856088127E-07));
#3130 = DEFINITIONAL_REPRESENTATION('',(#3131),#3134);
#3131 = B_SPLINE_CURVE_WITH_KNOTS('',1,(#3132,#3133),.UNSPECIFIED.,.F.,
  .F.,(2,2),(0.,3.218525268577),.PIECEWISE_BEZIER_KNOTS.);
#3132 = CARTESIAN_POINT('',(-2.865937087382E-05,-13.35292698895));
#3133 = CARTESIAN_POINT('',(-3.627430950282E-05,-10.13440172038));
#3134 = ( GEOMETRIC_REPRESENTATION_CONTEXT(2) 
PARAMETRIC_REPRESENTATION_CONTEXT() REPRESENTATION_CONTEXT('2D SPACE',''
  ) );
#3135 = ORIENTED_EDGE('',*,*,#3136,.F.);
#3136 = EDGE_CURVE('',#3137,#3108,#3139,.T.);
#3137 = VERTEX_POINT('',#3138);
#3138 = CARTESIAN_POINT('',(13.567122839294,11.575484703569,
    1.994429569982));
#3139 = SURFACE_CURVE('',#3140,(#3144,#3150),.PCURVE_S1.);
#3140 = LINE('',#3141,#3142);
#3141 = CARTESIAN_POINT('',(13.567021369934,11.575668334961,
    1.994250059128));
#3142 = VECTOR('',#3143,1.);
#3143 = DIRECTION('',(2.182425778411E-02,-0.999177124805,
    3.418735202187E-02));
#3144 = PCURVE('',#44,#3145);
#3145 = DEFINITIONAL_REPRESENTATION('',(#3146),#3149);
#3146 = B_SPLINE_CURVE_WITH_KNOTS('',1,(#3147,#3148),.UNSPECIFIED.,.F.,
  .F.,(2,2),(1.918317807094E-04,2.193387314564E-02),
  .PIECEWISE_BEZIER_KNOTS.);
#3147 = CARTESIAN_POINT('',(3.184977528304,-4.020847558857));
#3148 = CARTESIAN_POINT('',(3.141756985292,-4.02010316374));
#3149 = ( GEOMETRIC_REPRESENTATION_CONTEXT(2) 
PARAMETRIC_REPRESENTATION_CONTEXT() REPRESENTATION_CONTEXT('2D SPACE',''
  ) );
#3150 = PCURVE('',#3125,#3151);
#3151 = DEFINITIONAL_REPRESENTATION('',(#3152),#3155);
#3152 = B_SPLINE_CURVE_WITH_KNOTS('',1,(#3153,#3154),.UNSPECIFIED.,.F.,
  .F.,(2,2),(1.918317807094E-04,2.193387314564E-02),
  .PIECEWISE_BEZIER_KNOTS.);
#3153 = CARTESIAN_POINT('',(-2.871295920492E-05,-13.36653970227));
#3154 = CARTESIAN_POINT('',(-2.865937697205E-05,-13.35292853809));
#3155 = ( GEOMETRIC_REPRESENTATION_CONTEXT(2) 
PARAMETRIC_REPRESENTATION_CONTEXT() REPRESENTATION_CONTEXT('2D SPACE',''
  ) );
#3156 = ORIENTED_EDGE('',*,*,#3157,.F.);
#3157 = EDGE_CURVE('',#22,#3137,#3158,.T.);
#3158 = SURFACE_CURVE('',#3159,(#3164,#3170),.PCURVE_S1.);
#3159 = CIRCLE('',#3160,0.502627195721);
#3160 = AXIS2_PLACEMENT_3D('',#3161,#3162,#3163);
#3161 = CARTESIAN_POINT('',(13.064706381643,11.553669889548,
    1.994917751495));
#3162 = DIRECTION('',(-1.073896550893E-07,-3.013855083847E-06,
    -0.999999999995));
#3163 = DIRECTION('',(-0.229985899881,-0.973193961062,2.957763673592E-06
    ));
#3164 = PCURVE('',#44,#3165);
#3165 = DEFINITIONAL_REPRESENTATION('',(#3166),#3169);
#3166 = B_SPLINE_CURVE_WITH_KNOTS('',1,(#3167,#3168),.UNSPECIFIED.,.F.,
  .F.,(2,2),(2.910112846701,4.436933254516),.PIECEWISE_BEZIER_KNOTS.);
#3167 = CARTESIAN_POINT('',(4.711805592971,-4.02020594581));
#3168 = CARTESIAN_POINT('',(3.184985184421,-4.020186542109));
#3169 = ( GEOMETRIC_REPRESENTATION_CONTEXT(2) 
PARAMETRIC_REPRESENTATION_CONTEXT() REPRESENTATION_CONTEXT('2D SPACE',''
  ) );
#3170 = PCURVE('',#71,#3171);
#3171 = DEFINITIONAL_REPRESENTATION('',(#3172),#3180);
#3172 = ( BOUNDED_CURVE() B_SPLINE_CURVE(2,(#3173,#3174,#3175,#3176,
#3177,#3178,#3179),.UNSPECIFIED.,.T.,.F.) B_SPLINE_CURVE_WITH_KNOTS((1,2
    ,2,2,2,1),(-2.094395102393,0.,2.094395102393,4.188790204786,
6.28318530718,8.377580409573),.UNSPECIFIED.) CURVE() 
GEOMETRIC_REPRESENTATION_ITEM() RATIONAL_B_SPLINE_CURVE((1.,0.5,1.,0.5,
1.,0.5,1.)) REPRESENTATION_ITEM('') );
#3173 = CARTESIAN_POINT('',(14.316883833015,13.376257368044));
#3174 = CARTESIAN_POINT('',(13.46964468263,13.576477536079));
#3175 = CARTESIAN_POINT('',(14.066660009691,14.210098079376));
#3176 = CARTESIAN_POINT('',(14.663675336753,14.843718622672));
#3177 = CARTESIAN_POINT('',(14.913899160077,14.00987791134));
#3178 = CARTESIAN_POINT('',(15.1641229834,13.176037200008));
#3179 = CARTESIAN_POINT('',(14.316883833015,13.376257368044));
#3180 = ( GEOMETRIC_REPRESENTATION_CONTEXT(2) 
PARAMETRIC_REPRESENTATION_CONTEXT() REPRESENTATION_CONTEXT('2D SPACE',''
  ) );
#3181 = ORIENTED_EDGE('',*,*,#21,.T.);
#3182 = ORIENTED_EDGE('',*,*,#3183,.F.);
#3183 = EDGE_CURVE('',#3110,#24,#3184,.T.);
#3184 = SURFACE_CURVE('',#3185,(#3190,#3196),.PCURVE_S1.);
#3185 = CIRCLE('',#3186,0.502627196499);
#3186 = AXIS2_PLACEMENT_3D('',#3187,#3188,#3189);
#3187 = CARTESIAN_POINT('',(13.064655922115,11.55346665723,
    6.014986027271));
#3188 = DIRECTION('',(4.993680207772E-05,-3.395646011589E-06,
    0.999999998747));
#3189 = DIRECTION('',(-0.798204473273,-0.602386601293,3.781428718664E-05
    ));
#3190 = PCURVE('',#44,#3191);
#3191 = DEFINITIONAL_REPRESENTATION('',(#3192),#3195);
#3192 = B_SPLINE_CURVE_WITH_KNOTS('',1,(#3193,#3194),.UNSPECIFIED.,.F.,
  .F.,(2,2),(2.495668539632,4.065217758729),.PIECEWISE_BEZIER_KNOTS.);
#3193 = CARTESIAN_POINT('',(3.142156246243,-1.421578668626E-04));
#3194 = CARTESIAN_POINT('',(4.711705468288,-1.344607447194E-04));
#3195 = ( GEOMETRIC_REPRESENTATION_CONTEXT(2) 
PARAMETRIC_REPRESENTATION_CONTEXT() REPRESENTATION_CONTEXT('2D SPACE',''
  ) );
#3196 = PCURVE('',#124,#3197);
#3197 = DEFINITIONAL_REPRESENTATION('',(#3198),#3202);
#3198 = CIRCLE('',#3199,0.502627196499);
#3199 = AXIS2_PLACEMENT_2D('',#3200,#3201);
#3200 = CARTESIAN_POINT('',(0.251108528319,11.557267332973));
#3201 = DIRECTION('',(-0.798204474166,-0.602386601296));
#3202 = ( GEOMETRIC_REPRESENTATION_CONTEXT(2) 
PARAMETRIC_REPRESENTATION_CONTEXT() REPRESENTATION_CONTEXT('2D SPACE',''
  ) );
#3203 = ADVANCED_FACE('',(#3204),#1069,.T.);
#3204 = FACE_BOUND('',#3205,.T.);
#3205 = EDGE_LOOP('',(#3206,#3207,#3230,#3257,#3278));
#3206 = ORIENTED_EDGE('',*,*,#1053,.T.);
#3207 = ORIENTED_EDGE('',*,*,#3208,.F.);
#3208 = EDGE_CURVE('',#3209,#1024,#3211,.T.);
#3209 = VERTEX_POINT('',#3210);
#3210 = CARTESIAN_POINT('',(9.547499657126,13.563358886436,
    6.014960586933));
#3211 = SURFACE_CURVE('',#3212,(#3217,#3223),.PCURVE_S1.);
#3212 = CIRCLE('',#3213,0.502501109449);
#3213 = AXIS2_PLACEMENT_3D('',#3214,#3215,#3216);
#3214 = CARTESIAN_POINT('',(9.547501185346,13.060857778508,
    6.014926863453));
#3215 = DIRECTION('',(-3.922308704256E-05,-6.711137327597E-05,
    0.999999996979));
#3216 = DIRECTION('',(0.986734875384,0.162340023533,4.959764997195E-05)
  );
#3217 = PCURVE('',#1069,#3218);
#3218 = DEFINITIONAL_REPRESENTATION('',(#3219),#3222);
#3219 = B_SPLINE_CURVE_WITH_KNOTS('',1,(#3220,#3221),.UNSPECIFIED.,.F.,
  .F.,(2,2),(1.407737690768,2.978530976589),.PIECEWISE_BEZIER_KNOTS.);
#3220 = CARTESIAN_POINT('',(0.,4.021804281946));
#3221 = CARTESIAN_POINT('',(1.570793285568,4.021781329683));
#3222 = ( GEOMETRIC_REPRESENTATION_CONTEXT(2) 
PARAMETRIC_REPRESENTATION_CONTEXT() REPRESENTATION_CONTEXT('2D SPACE',''
  ) );
#3223 = PCURVE('',#1008,#3224);
#3224 = DEFINITIONAL_REPRESENTATION('',(#3225),#3229);
#3225 = CIRCLE('',#3226,0.502501109449);
#3226 = AXIS2_PLACEMENT_2D('',#3227,#3228);
#3227 = CARTESIAN_POINT('',(-1.013684798767,0.254751717338));
#3228 = DIRECTION('',(0.98673487657,0.162340023899));
#3229 = ( GEOMETRIC_REPRESENTATION_CONTEXT(2) 
PARAMETRIC_REPRESENTATION_CONTEXT() REPRESENTATION_CONTEXT('2D SPACE',''
  ) );
#3230 = ORIENTED_EDGE('',*,*,#3231,.F.);
#3231 = EDGE_CURVE('',#3232,#3209,#3234,.T.);
#3232 = VERTEX_POINT('',#3233);
#3233 = CARTESIAN_POINT('',(9.547496487391,13.563750197805,1.99499989633
    ));
#3234 = SURFACE_CURVE('',#3235,(#3239,#3245),.PCURVE_S1.);
#3235 = LINE('',#3236,#3237);
#3236 = CARTESIAN_POINT('',(9.547499657126,13.563602842234,
    1.993156312386));
#3237 = VECTOR('',#3238,1.);
#3238 = DIRECTION('',(0.,-6.065829675175E-05,0.99999999816));
#3239 = PCURVE('',#1069,#3240);
#3240 = DEFINITIONAL_REPRESENTATION('',(#3241),#3244);
#3241 = B_SPLINE_CURVE_WITH_KNOTS('',1,(#3242,#3243),.UNSPECIFIED.,.F.,
  .F.,(2,2),(1.84357500209E-03,4.021804281946),
  .PIECEWISE_BEZIER_KNOTS.);
#3242 = CARTESIAN_POINT('',(0.,1.843575002099E-03));
#3243 = CARTESIAN_POINT('',(0.,4.021804281946));
#3244 = ( GEOMETRIC_REPRESENTATION_CONTEXT(2) 
PARAMETRIC_REPRESENTATION_CONTEXT() REPRESENTATION_CONTEXT('2D SPACE',''
  ) );
#3245 = PCURVE('',#3246,#3251);
#3246 = PLANE('',#3247);
#3247 = AXIS2_PLACEMENT_3D('',#3248,#3249,#3250);
#3248 = CARTESIAN_POINT('',(9.943544769287,13.563579559326,
    2.396849987097));
#3249 = DIRECTION('',(-3.041226513999E-06,0.999999998156,
    6.065829675147E-05));
#3250 = DIRECTION('',(1.550963648537E-25,-6.065829675175E-05,
    0.99999999816));
#3251 = DEFINITIONAL_REPRESENTATION('',(#3252),#3256);
#3252 = LINE('',#3253,#3254);
#3253 = CARTESIAN_POINT('',(-0.403693675381,-0.396045112163));
#3254 = VECTOR('',#3255,1.);
#3255 = DIRECTION('',(1.,2.584939414228E-26));
#3256 = ( GEOMETRIC_REPRESENTATION_CONTEXT(2) 
PARAMETRIC_REPRESENTATION_CONTEXT() REPRESENTATION_CONTEXT('2D SPACE',''
  ) );
#3257 = ORIENTED_EDGE('',*,*,#3258,.F.);
#3258 = EDGE_CURVE('',#3259,#3232,#3261,.T.);
#3259 = VERTEX_POINT('',#3260);
#3260 = CARTESIAN_POINT('',(9.525755679666,13.563367409586,
    1.994438723919));
#3261 = SURFACE_CURVE('',#3262,(#3266,#3272),.PCURVE_S1.);
#3262 = LINE('',#3263,#3264);
#3263 = CARTESIAN_POINT('',(9.525581359863,13.563271522522,
    1.994250059128));
#3264 = VECTOR('',#3265,1.);
#3265 = DIRECTION('',(0.999177124805,2.182425778411E-02,
    3.418735202187E-02));
#3266 = PCURVE('',#1069,#3267);
#3267 = DEFINITIONAL_REPRESENTATION('',(#3268),#3271);
#3268 = B_SPLINE_CURVE_WITH_KNOTS('',1,(#3269,#3270),.UNSPECIFIED.,.F.,
  .F.,(2,2),(1.827189725173E-04,2.193317579378E-02),
  .PIECEWISE_BEZIER_KNOTS.);
#3269 = CARTESIAN_POINT('',(4.32562722005E-02,1.100013273222E-03));
#3270 = CARTESIAN_POINT('',(6.305173934568E-06,1.843575002099E-03));
#3271 = ( GEOMETRIC_REPRESENTATION_CONTEXT(2) 
PARAMETRIC_REPRESENTATION_CONTEXT() REPRESENTATION_CONTEXT('2D SPACE',''
  ) );
#3272 = PCURVE('',#3246,#3273);
#3273 = DEFINITIONAL_REPRESENTATION('',(#3274),#3277);
#3274 = B_SPLINE_CURVE_WITH_KNOTS('',1,(#3275,#3276),.UNSPECIFIED.,.F.,
  .F.,(2,2),(1.827189725173E-04,2.193317579378E-02),
  .PIECEWISE_BEZIER_KNOTS.);
#3275 = CARTESIAN_POINT('',(-0.402593662108,-0.417780841803));
#3276 = CARTESIAN_POINT('',(-0.401850100379,-0.39604828145));
#3277 = ( GEOMETRIC_REPRESENTATION_CONTEXT(2) 
PARAMETRIC_REPRESENTATION_CONTEXT() REPRESENTATION_CONTEXT('2D SPACE',''
  ) );
#3278 = ORIENTED_EDGE('',*,*,#3279,.F.);
#3279 = EDGE_CURVE('',#1054,#3259,#3280,.T.);
#3280 = SURFACE_CURVE('',#3281,(#3286,#3292),.PCURVE_S1.);
#3281 = CIRCLE('',#3282,0.50250111007);
#3282 = AXIS2_PLACEMENT_3D('',#3283,#3284,#3285);
#3283 = CARTESIAN_POINT('',(9.547501185346,13.061101625667,
    1.994913586025));
#3284 = DIRECTION('',(-1.073896550893E-07,-3.013855083847E-06,
    -0.999999999995));
#3285 = DIRECTION('',(-3.041226508641E-06,0.999999999991,
    -3.013854757236E-06));
#3286 = PCURVE('',#1069,#3287);
#3287 = DEFINITIONAL_REPRESENTATION('',(#3288),#3291);
#3288 = B_SPLINE_CURVE_WITH_KNOTS('',1,(#3289,#3290),.UNSPECIFIED.,.F.,
  .F.,(2,2),(4.712392021604,6.239920551489),.PIECEWISE_BEZIER_KNOTS.);
#3289 = CARTESIAN_POINT('',(1.570793285568,1.78780846747E-03));
#3290 = CARTESIAN_POINT('',(4.326475577769E-02,1.755791455814E-03));
#3291 = ( GEOMETRIC_REPRESENTATION_CONTEXT(2) 
PARAMETRIC_REPRESENTATION_CONTEXT() REPRESENTATION_CONTEXT('2D SPACE',''
  ) );
#3292 = PCURVE('',#71,#3293);
#3293 = DEFINITIONAL_REPRESENTATION('',(#3294),#3302);
#3294 = ( BOUNDED_CURVE() B_SPLINE_CURVE(2,(#3295,#3296,#3297,#3298,
#3299,#3300,#3301),.UNSPECIFIED.,.T.,.F.) B_SPLINE_CURVE_WITH_KNOTS((1,2
    ,2,2,2,1),(-2.094395102393,0.,2.094395102393,4.188790204786,
6.28318530718,8.377580409573),.UNSPECIFIED.) CURVE() 
GEOMETRIC_REPRESENTATION_ITEM() RATIONAL_B_SPLINE_CURVE((1.,0.5,1.,0.5,
1.,0.5,1.)) REPRESENTATION_ITEM('') );
#3295 = CARTESIAN_POINT('',(10.915274276411,15.87534396578));
#3296 = CARTESIAN_POINT('',(11.785631729909,15.875346612734));
#3297 = CARTESIAN_POINT('',(11.350455295489,15.121593624155));
#3298 = CARTESIAN_POINT('',(10.91527886107,14.367840635576));
#3299 = CARTESIAN_POINT('',(10.480097841992,15.121590977201));
#3300 = CARTESIAN_POINT('',(10.044916822914,15.875341318826));
#3301 = CARTESIAN_POINT('',(10.915274276411,15.87534396578));
#3302 = ( GEOMETRIC_REPRESENTATION_CONTEXT(2) 
PARAMETRIC_REPRESENTATION_CONTEXT() REPRESENTATION_CONTEXT('2D SPACE',''
  ) );
#3303 = ADVANCED_FACE('',(#3304),#3319,.T.);
#3304 = FACE_BOUND('',#3305,.T.);
#3305 = EDGE_LOOP('',(#3306,#3335,#3362,#3386));
#3306 = ORIENTED_EDGE('',*,*,#3307,.F.);
#3307 = EDGE_CURVE('',#3308,#3310,#3312,.T.);
#3308 = VERTEX_POINT('',#3309);
#3309 = CARTESIAN_POINT('',(13.567375838681,13.061249740149,
    -1.503261282172E-02));
#3310 = VERTEX_POINT('',#3311);
#3311 = CARTESIAN_POINT('',(13.567421939061,13.061249735004,
    1.994913153884));
#3312 = SURFACE_CURVE('',#3313,(#3318,#3329),.PCURVE_S1.);
#3313 = B_SPLINE_CURVE_WITH_KNOTS('',3,(#3314,#3315,#3316,#3317),
  .UNSPECIFIED.,.F.,.F.,(4,4),(0.,1.609208747475),
  .PIECEWISE_BEZIER_KNOTS.);
#3314 = CARTESIAN_POINT('',(13.567383558494,13.061249735646,
    -1.499999757196E-02));
#3315 = CARTESIAN_POINT('',(13.567395587808,13.061249735451,
    0.654971052928));
#3316 = CARTESIAN_POINT('',(13.567408381309,13.061249735237,
    1.324942103414));
#3317 = CARTESIAN_POINT('',(13.56742193898,13.061249735004,
    1.994913153884));
#3318 = PCURVE('',#3319,#3324);
#3319 = CONICAL_SURFACE('',#3320,0.502199662564,3.804575449891E-05);
#3320 = AXIS2_PLACEMENT_3D('',#3321,#3322,#3323);
#3321 = CARTESIAN_POINT('',(13.065143745081,13.061420923337,
    -1.499998298976E-02));
#3322 = DIRECTION('',(-2.373628468037E-05,-8.169499341699E-05,
    -0.999999996381));
#3323 = DIRECTION('',(0.999999999718,4.963083675318E-24,
    -2.373628475958E-05));
#3324 = DEFINITIONAL_REPRESENTATION('',(#3325),#3328);
#3325 = B_SPLINE_CURVE_WITH_KNOTS('',1,(#3326,#3327),.UNSPECIFIED.,.F.,
  .F.,(2,2),(0.,1.609208747475),.PIECEWISE_BEZIER_KNOTS.);
#3326 = CARTESIAN_POINT('',(6.283526157609,-1.189121112221E-05));
#3327 = CARTESIAN_POINT('',(6.283853106341,-2.009925033747));
#3328 = ( GEOMETRIC_REPRESENTATION_CONTEXT(2) 
PARAMETRIC_REPRESENTATION_CONTEXT() REPRESENTATION_CONTEXT('2D SPACE',''
  ) );
#3329 = PCURVE('',#3125,#3330);
#3330 = DEFINITIONAL_REPRESENTATION('',(#3331),#3334);
#3331 = B_SPLINE_CURVE_WITH_KNOTS('',1,(#3332,#3333),.UNSPECIFIED.,.F.,
  .F.,(2,2),(0.,1.609208747475),.PIECEWISE_BEZIER_KNOTS.);
#3332 = CARTESIAN_POINT('',(-2.866779568755E-05,-15.8654253963));
#3333 = CARTESIAN_POINT('',(-3.247513750804E-05,-14.25621664883));
#3334 = ( GEOMETRIC_REPRESENTATION_CONTEXT(2) 
PARAMETRIC_REPRESENTATION_CONTEXT() REPRESENTATION_CONTEXT('2D SPACE',''
  ) );
#3335 = ORIENTED_EDGE('',*,*,#3336,.F.);
#3336 = EDGE_CURVE('',#3337,#3308,#3339,.T.);
#3337 = VERTEX_POINT('',#3338);
#3338 = CARTESIAN_POINT('',(13.064999616442,13.563645609806,
    -1.503668932684E-02));
#3339 = SURFACE_CURVE('',#3340,(#3345,#3351),.PCURVE_S1.);
#3340 = CIRCLE('',#3341,0.502199670785);
#3341 = AXIS2_PLACEMENT_3D('',#3342,#3343,#3344);
#3342 = CARTESIAN_POINT('',(13.065143740678,13.061420908002,
    -1.516846254019E-02));
#3343 = DIRECTION('',(-2.553078841397E-06,5.34302746143E-07,
    -0.999999999997));
#3344 = DIRECTION('',(0.249467609133,0.968383143179,-1.195007017732E-07)
  );
#3345 = PCURVE('',#3319,#3346);
#3346 = DEFINITIONAL_REPRESENTATION('',(#3347),#3350);
#3347 = B_SPLINE_CURVE_WITH_KNOTS('',1,(#3348,#3349),.UNSPECIFIED.,.F.,
  .F.,(2,2),(6.030767891682,7.602192004844),.PIECEWISE_BEZIER_KNOTS.);
#3348 = CARTESIAN_POINT('',(4.712102007285,1.271870802858E-04));
#3349 = CARTESIAN_POINT('',(6.283526126124,1.578554269498E-04));
#3350 = ( GEOMETRIC_REPRESENTATION_CONTEXT(2) 
PARAMETRIC_REPRESENTATION_CONTEXT() REPRESENTATION_CONTEXT('2D SPACE',''
  ) );
#3351 = PCURVE('',#1547,#3352);
#3352 = DEFINITIONAL_REPRESENTATION('',(#3353),#3361);
#3353 = ( BOUNDED_CURVE() B_SPLINE_CURVE(2,(#3354,#3355,#3356,#3357,
#3358,#3359,#3360),.UNSPECIFIED.,.T.,.F.) B_SPLINE_CURVE_WITH_KNOTS((1,2
    ,2,2,2,1),(-2.094395102393,0.,2.094395102393,4.188790204786,
6.28318530718,8.377580409573),.UNSPECIFIED.) CURVE() 
GEOMETRIC_REPRESENTATION_ITEM() RATIONAL_B_SPLINE_CURVE((1.,0.5,1.,0.5,
1.,0.5,1.)) REPRESENTATION_ITEM('') );
#3354 = CARTESIAN_POINT('',(13.103085045618,13.264578853608));
#3355 = CARTESIAN_POINT('',(13.94541893139,13.047583109666));
#3356 = CARTESIAN_POINT('',(13.336328161737,12.42659843809));
#3357 = CARTESIAN_POINT('',(12.727237392085,11.805613766514));
#3358 = CARTESIAN_POINT('',(12.493994275966,12.643594182032));
#3359 = CARTESIAN_POINT('',(12.260751159846,13.48157459755));
#3360 = CARTESIAN_POINT('',(13.103085045618,13.264578853608));
#3361 = ( GEOMETRIC_REPRESENTATION_CONTEXT(2) 
PARAMETRIC_REPRESENTATION_CONTEXT() REPRESENTATION_CONTEXT('2D SPACE',''
  ) );
#3362 = ORIENTED_EDGE('',*,*,#3363,.F.);
#3363 = EDGE_CURVE('',#3364,#3337,#3366,.T.);
#3364 = VERTEX_POINT('',#3365);
#3365 = CARTESIAN_POINT('',(13.064999596425,13.563708280478,
    1.994911691786));
#3366 = SURFACE_CURVE('',#3367,(#3372,#3378),.PCURVE_S1.);
#3367 = B_SPLINE_CURVE_WITH_KNOTS('',3,(#3368,#3369,#3370,#3371),
  .UNSPECIFIED.,.F.,.F.,(4,4),(8.831481462511E-05,2.010000004201),
  .PIECEWISE_BEZIER_KNOTS.);
#3368 = CARTESIAN_POINT('',(13.064999596425,13.563708280478,
    1.994911691786));
#3369 = CARTESIAN_POINT('',(13.064999601062,13.563679042852,
    1.324941129856));
#3370 = CARTESIAN_POINT('',(13.064999608122,13.563649804471,
    0.654970567926));
#3371 = CARTESIAN_POINT('',(13.064999617607,13.563620565334,
    -1.499999400423E-02));
#3372 = PCURVE('',#3319,#3373);
#3373 = DEFINITIONAL_REPRESENTATION('',(#3374),#3377);
#3374 = B_SPLINE_CURVE_WITH_KNOTS('',1,(#3375,#3376),.UNSPECIFIED.,.F.,
  .F.,(2,2),(8.831481462511E-05,2.010000004201),
  .PIECEWISE_BEZIER_KNOTS.);
#3375 = CARTESIAN_POINT('',(4.712006889895,-2.009952698443));
#3376 = CARTESIAN_POINT('',(4.712101988004,-4.101276092861E-05));
#3377 = ( GEOMETRIC_REPRESENTATION_CONTEXT(2) 
PARAMETRIC_REPRESENTATION_CONTEXT() REPRESENTATION_CONTEXT('2D SPACE',''
  ) );
#3378 = PCURVE('',#3246,#3379);
#3379 = DEFINITIONAL_REPRESENTATION('',(#3380),#3385);
#3380 = B_SPLINE_CURVE_WITH_KNOTS('',3,(#3381,#3382,#3383,#3384),
  .UNSPECIFIED.,.F.,.F.,(4,4),(8.831481462511E-05,2.010000004201),
  .PIECEWISE_BEZIER_KNOTS.);
#3381 = CARTESIAN_POINT('',(-0.40193830238,3.121454827441));
#3382 = CARTESIAN_POINT('',(-1.071908861304,3.121454831865));
#3383 = CARTESIAN_POINT('',(-1.741879420228,3.121454838713));
#3384 = CARTESIAN_POINT('',(-2.411849979152,3.121454847985));
#3385 = ( GEOMETRIC_REPRESENTATION_CONTEXT(2) 
PARAMETRIC_REPRESENTATION_CONTEXT() REPRESENTATION_CONTEXT('2D SPACE',''
  ) );
#3386 = ORIENTED_EDGE('',*,*,#3387,.F.);
#3387 = EDGE_CURVE('',#3310,#3364,#3388,.T.);
#3388 = SURFACE_CURVE('',#3389,(#3394,#3400),.PCURVE_S1.);
#3389 = CIRCLE('',#3390,0.502123195594);
#3390 = AXIS2_PLACEMENT_3D('',#3391,#3392,#3393);
#3391 = CARTESIAN_POINT('',(13.065191452502,13.061585121679,
    1.994913206804));
#3392 = DIRECTION('',(1.073896550893E-07,3.013855083847E-06,
    0.999999999995));
#3393 = DIRECTION('',(0.287620839406,0.957744356669,-2.917390201125E-06)
  );
#3394 = PCURVE('',#3319,#3395);
#3395 = DEFINITIONAL_REPRESENTATION('',(#3396),#3399);
#3396 = B_SPLINE_CURVE_WITH_KNOTS('',1,(#3397,#3398),.UNSPECIFIED.,.F.,
  .F.,(2,2),(5.003462964985,6.575309175679),.PIECEWISE_BEZIER_KNOTS.);
#3397 = CARTESIAN_POINT('',(6.283853106342,-2.009925035298));
#3398 = CARTESIAN_POINT('',(4.712006889895,-2.009952700156));
#3399 = ( GEOMETRIC_REPRESENTATION_CONTEXT(2) 
PARAMETRIC_REPRESENTATION_CONTEXT() REPRESENTATION_CONTEXT('2D SPACE',''
  ) );
#3400 = PCURVE('',#71,#3401);
#3401 = DEFINITIONAL_REPRESENTATION('',(#3402),#3406);
#3402 = CIRCLE('',#3403,0.502123195594);
#3403 = AXIS2_PLACEMENT_2D('',#3404,#3405);
#3404 = CARTESIAN_POINT('',(14.432966071787,15.373326351725));
#3405 = DIRECTION('',(0.287620839406,0.957744356673));
#3406 = ( GEOMETRIC_REPRESENTATION_CONTEXT(2) 
PARAMETRIC_REPRESENTATION_CONTEXT() REPRESENTATION_CONTEXT('2D SPACE',''
  ) );
#3407 = ADVANCED_FACE('',(#3408),#983,.T.);
#3408 = FACE_BOUND('',#3409,.T.);
#3409 = EDGE_LOOP('',(#3410,#3434,#3455,#3456));
#3410 = ORIENTED_EDGE('',*,*,#3411,.F.);
#3411 = EDGE_CURVE('',#3412,#3414,#3416,.T.);
#3412 = VERTEX_POINT('',#3413);
#3413 = CARTESIAN_POINT('',(11.55787468032,13.563364949068,
    6.015039440454));
#3414 = VERTEX_POINT('',#3415);
#3415 = CARTESIAN_POINT('',(11.557690578148,13.563608846519,
    1.994955925939));
#3416 = SURFACE_CURVE('',#3417,(#3421,#3427),.PCURVE_S1.);
#3417 = LINE('',#3418,#3419);
#3418 = CARTESIAN_POINT('',(11.557874680366,13.563584468869,
    2.396849987395));
#3419 = VECTOR('',#3420,1.);
#3420 = DIRECTION('',(0.,6.065829675175E-05,-0.99999999816));
#3421 = PCURVE('',#983,#3422);
#3422 = DEFINITIONAL_REPRESENTATION('',(#3423),#3426);
#3423 = B_SPLINE_CURVE_WITH_KNOTS('',1,(#3424,#3425),.UNSPECIFIED.,.F.,
  .F.,(2,2),(-3.618189459719,0.401894062196),.PIECEWISE_BEZIER_KNOTS.);
#3424 = CARTESIAN_POINT('',(7.458607948706E-04,2.310490268061E-03));
#3425 = CARTESIAN_POINT('',(7.458607948734E-04,4.022394012182));
#3426 = ( GEOMETRIC_REPRESENTATION_CONTEXT(2) 
PARAMETRIC_REPRESENTATION_CONTEXT() REPRESENTATION_CONTEXT('2D SPACE',''
  ) );
#3427 = PCURVE('',#3246,#3428);
#3428 = DEFINITIONAL_REPRESENTATION('',(#3429),#3433);
#3429 = LINE('',#3430,#3431);
#3430 = CARTESIAN_POINT('',(5.709038060861E-15,1.614329911087));
#3431 = VECTOR('',#3432,1.);
#3432 = DIRECTION('',(-1.,-2.584939414228E-26));
#3433 = ( GEOMETRIC_REPRESENTATION_CONTEXT(2) 
PARAMETRIC_REPRESENTATION_CONTEXT() REPRESENTATION_CONTEXT('2D SPACE',''
  ) );
#3434 = ORIENTED_EDGE('',*,*,#3435,.F.);
#3435 = EDGE_CURVE('',#968,#3412,#3436,.T.);
#3436 = SURFACE_CURVE('',#3437,(#3442,#3448),.PCURVE_S1.);
#3437 = CIRCLE('',#3438,0.502499005811);
#3438 = AXIS2_PLACEMENT_3D('',#3439,#3440,#3441);
#3439 = CARTESIAN_POINT('',(11.557501414203,13.060865990229,
    6.015005702418));
#3440 = DIRECTION('',(-3.922308704256E-05,-6.711137327597E-05,
    0.999999996979));
#3441 = DIRECTION('',(0.986734879025,0.162340001401,4.959764862943E-05)
  );
#3442 = PCURVE('',#983,#3443);
#3443 = DEFINITIONAL_REPRESENTATION('',(#3444),#3447);
#3444 = B_SPLINE_CURVE_WITH_KNOTS('',1,(#3445,#3446),.UNSPECIFIED.,.F.,
  .F.,(2,2),(6.120123652609,7.690177159605),.PIECEWISE_BEZIER_KNOTS.);
#3445 = CARTESIAN_POINT('',(1.570799368021,2.294038010643E-03));
#3446 = CARTESIAN_POINT('',(7.458607718023E-04,2.310490268565E-03));
#3447 = ( GEOMETRIC_REPRESENTATION_CONTEXT(2) 
PARAMETRIC_REPRESENTATION_CONTEXT() REPRESENTATION_CONTEXT('2D SPACE',''
  ) );
#3448 = PCURVE('',#1008,#3449);
#3449 = DEFINITIONAL_REPRESENTATION('',(#3450),#3454);
#3450 = CIRCLE('',#3451,0.502499005811);
#3451 = AXIS2_PLACEMENT_2D('',#3452,#3453);
#3452 = CARTESIAN_POINT('',(0.996315431636,0.25475992906));
#3453 = DIRECTION('',(0.986734880212,0.162340001766));
#3454 = ( GEOMETRIC_REPRESENTATION_CONTEXT(2) 
PARAMETRIC_REPRESENTATION_CONTEXT() REPRESENTATION_CONTEXT('2D SPACE',''
  ) );
#3455 = ORIENTED_EDGE('',*,*,#967,.T.);
#3456 = ORIENTED_EDGE('',*,*,#3457,.F.);
#3457 = EDGE_CURVE('',#3414,#945,#3458,.T.);
#3458 = SURFACE_CURVE('',#3459,(#3464,#3470),.PCURVE_S1.);
#3459 = CIRCLE('',#3460,0.502499006433);
#3460 = AXIS2_PLACEMENT_3D('',#3461,#3462,#3463);
#3461 = CARTESIAN_POINT('',(11.557501414203,13.061109842184,
    1.994913370147));
#3462 = DIRECTION('',(-1.073896550893E-07,-3.013855083847E-06,
    -0.999999999995));
#3463 = DIRECTION('',(-3.04122650705E-06,0.999999999991,
    -3.013854757236E-06));
#3464 = PCURVE('',#983,#3465);
#3465 = DEFINITIONAL_REPRESENTATION('',(#3466),#3469);
#3466 = B_SPLINE_CURVE_WITH_KNOTS('',1,(#3467,#3468),.UNSPECIFIED.,.F.,
  .F.,(2,2),(3.794876077926E-04,1.570799368015),
  .PIECEWISE_BEZIER_KNOTS.);
#3467 = CARTESIAN_POINT('',(3.794876085676E-04,4.022438082451));
#3468 = CARTESIAN_POINT('',(1.570799368022,4.022406141203));
#3469 = ( GEOMETRIC_REPRESENTATION_CONTEXT(2) 
PARAMETRIC_REPRESENTATION_CONTEXT() REPRESENTATION_CONTEXT('2D SPACE',''
  ) );
#3470 = PCURVE('',#71,#3471);
#3471 = DEFINITIONAL_REPRESENTATION('',(#3472),#3480);
#3472 = ( BOUNDED_CURVE() B_SPLINE_CURVE(2,(#3473,#3474,#3475,#3476,
#3477,#3478,#3479),.UNSPECIFIED.,.T.,.F.) B_SPLINE_CURVE_WITH_KNOTS((1,2
    ,2,2,2,1),(-2.094395102393,0.,2.094395102393,4.188790204786,
6.28318530718,8.377580409573),.UNSPECIFIED.) CURVE() 
GEOMETRIC_REPRESENTATION_ITEM() RATIONAL_B_SPLINE_CURVE((1.,0.5,1.,0.5,
1.,0.5,1.)) REPRESENTATION_ITEM('') );
#3473 = CARTESIAN_POINT('',(12.925274505274,15.875350078659));
#3474 = CARTESIAN_POINT('',(13.795628315165,15.875352725602));
#3475 = CARTESIAN_POINT('',(13.360453702539,15.121602892485));
#3476 = CARTESIAN_POINT('',(12.925279089914,14.367853059368));
#3477 = CARTESIAN_POINT('',(12.490099892649,15.121600245542));
#3478 = CARTESIAN_POINT('',(12.054920695384,15.875347431716));
#3479 = CARTESIAN_POINT('',(12.925274505274,15.875350078659));
#3480 = ( GEOMETRIC_REPRESENTATION_CONTEXT(2) 
PARAMETRIC_REPRESENTATION_CONTEXT() REPRESENTATION_CONTEXT('2D SPACE',''
  ) );
#3481 = ADVANCED_FACE('',(#3482),#3497,.F.);
#3482 = FACE_BOUND('',#3483,.F.);
#3483 = EDGE_LOOP('',(#3484,#3519,#3548,#3570,#3598));
#3484 = ORIENTED_EDGE('',*,*,#3485,.T.);
#3485 = EDGE_CURVE('',#3486,#3488,#3490,.T.);
#3486 = VERTEX_POINT('',#3487);
#3487 = CARTESIAN_POINT('',(3.235349916798,15.071203277556,
    3.351749897002));
#3488 = VERTEX_POINT('',#3489);
#3489 = CARTESIAN_POINT('',(4.994850158691,15.071291746546,
    5.085677104211));
#3490 = SURFACE_CURVE('',#3491,(#3496,#3507),.PCURVE_S1.);
#3491 = CIRCLE('',#3492,1.760008297889);
#3492 = AXIS2_PLACEMENT_3D('',#3493,#3494,#3495);
#3493 = CARTESIAN_POINT('',(3.235032133922,15.071297490656,
    5.111517603294));
#3494 = DIRECTION('',(-2.477969931589E-06,-0.999999998564,
    5.353353642834E-05));
#3495 = DIRECTION('',(0.680150377958,-4.092936188718E-05,-0.733072616927
    ));
#3496 = PCURVE('',#3497,#3502);
#3497 = CONICAL_SURFACE('',#3498,1.760007163662,9.350774280007E-04);
#3498 = AXIS2_PLACEMENT_3D('',#3499,#3500,#3501);
#3499 = CARTESIAN_POINT('',(3.235033416408,15.071245107655,
    5.111516223683));
#3500 = DIRECTION('',(-7.528334017264E-04,0.999999427404,
    7.605483531478E-04));
#3501 = DIRECTION('',(-3.176373552204E-22,7.605485686714E-04,
    -0.999999710783));
#3502 = DEFINITIONAL_REPRESENTATION('',(#3503),#3506);
#3503 = B_SPLINE_CURVE_WITH_KNOTS('',1,(#3504,#3505),.UNSPECIFIED.,.F.,
  .F.,(2,2),(5.535398140535,7.091331320096),.PIECEWISE_BEZIER_KNOTS.);
#3504 = CARTESIAN_POINT('',(6.283006043894,-1.380645404487E-03));
#3505 = CARTESIAN_POINT('',(4.727070791993,-1.297861764281E-03));
#3506 = ( GEOMETRIC_REPRESENTATION_CONTEXT(2) 
PARAMETRIC_REPRESENTATION_CONTEXT() REPRESENTATION_CONTEXT('2D SPACE',''
  ) );
#3507 = PCURVE('',#3508,#3513);
#3508 = PLANE('',#3509);
#3509 = AXIS2_PLACEMENT_3D('',#3510,#3511,#3512);
#3510 = CARTESIAN_POINT('',(-2.788702646891E-04,15.07124035175,
    3.894413088783));
#3511 = DIRECTION('',(-2.477969931589E-06,-0.999999998564,
    5.353353642834E-05));
#3512 = DIRECTION('',(1.550963648537E-25,-5.35335364285E-05,
    -0.999999998567));
#3513 = DEFINITIONAL_REPRESENTATION('',(#3514),#3518);
#3514 = CIRCLE('',#3515,1.760008297889);
#3515 = AXIS2_PLACEMENT_2D('',#3516,#3517);
#3516 = CARTESIAN_POINT('',(-1.217104515826,3.235311004196));
#3517 = DIRECTION('',(0.733072618067,0.680150377961));
#3518 = ( GEOMETRIC_REPRESENTATION_CONTEXT(2) 
PARAMETRIC_REPRESENTATION_CONTEXT() REPRESENTATION_CONTEXT('2D SPACE',''
  ) );
#3519 = ORIENTED_EDGE('',*,*,#3520,.T.);
#3520 = EDGE_CURVE('',#3488,#3521,#3523,.T.);
#3521 = VERTEX_POINT('',#3522);
#3522 = CARTESIAN_POINT('',(4.994850158693,15.07129307521,5.110500335693
    ));
#3523 = SURFACE_CURVE('',#3524,(#3529,#3535),.PCURVE_S1.);
#3524 = B_SPLINE_CURVE_WITH_KNOTS('',3,(#3525,#3526,#3527,#3528),
  .UNSPECIFIED.,.F.,.F.,(4,4),(0.,2.482323151828E-02),
  .PIECEWISE_BEZIER_KNOTS.);
#3525 = CARTESIAN_POINT('',(4.994850158691,15.071291746546,
    5.085677104211));
#3526 = CARTESIAN_POINT('',(4.994850158692,15.071292189505,
    5.093951514705));
#3527 = CARTESIAN_POINT('',(4.994850158693,15.071292632463,
    5.102225925199));
#3528 = CARTESIAN_POINT('',(4.994850158693,15.071293075422,
    5.110500335693));
#3529 = PCURVE('',#3497,#3530);
#3530 = DEFINITIONAL_REPRESENTATION('',(#3531),#3534);
#3531 = B_SPLINE_CURVE_WITH_KNOTS('',1,(#3532,#3533),.UNSPECIFIED.,.F.,
  .F.,(2,2),(0.,2.482323151828E-02),.PIECEWISE_BEZIER_KNOTS.);
#3532 = CARTESIAN_POINT('',(4.727070791993,-1.297861859572E-03));
#3533 = CARTESIAN_POINT('',(4.712966270228,-1.277830817491E-03));
#3534 = ( GEOMETRIC_REPRESENTATION_CONTEXT(2) 
PARAMETRIC_REPRESENTATION_CONTEXT() REPRESENTATION_CONTEXT('2D SPACE',''
  ) );
#3535 = PCURVE('',#3536,#3541);
#3536 = PLANE('',#3537);
#3537 = AXIS2_PLACEMENT_3D('',#3538,#3539,#3540);
#3538 = CARTESIAN_POINT('',(4.994850158691,14.166600227356,
    2.437200135365));
#3539 = DIRECTION('',(1.,0.,0.));
#3540 = DIRECTION('',(0.,0.,-1.));
#3541 = DEFINITIONAL_REPRESENTATION('',(#3542),#3547);
#3542 = B_SPLINE_CURVE_WITH_KNOTS('',3,(#3543,#3544,#3545,#3546),
  .UNSPECIFIED.,.F.,.F.,(4,4),(0.,2.482323151828E-02),
  .PIECEWISE_BEZIER_KNOTS.);
#3543 = CARTESIAN_POINT('',(-2.648476968846,0.90469151919));
#3544 = CARTESIAN_POINT('',(-2.65675137934,0.904691962149));
#3545 = CARTESIAN_POINT('',(-2.665025789834,0.904692405107));
#3546 = CARTESIAN_POINT('',(-2.673300200328,0.904692848066));
#3547 = ( GEOMETRIC_REPRESENTATION_CONTEXT(2) 
PARAMETRIC_REPRESENTATION_CONTEXT() REPRESENTATION_CONTEXT('2D SPACE',''
  ) );
#3548 = ORIENTED_EDGE('',*,*,#3549,.T.);
#3549 = EDGE_CURVE('',#3521,#3550,#3552,.T.);
#3550 = VERTEX_POINT('',#3551);
#3551 = CARTESIAN_POINT('',(4.994850158691,13.563436603071,
    5.110500335693));
#3552 = SURFACE_CURVE('',#3553,(#3557,#3563),.PCURVE_S1.);
#3553 = LINE('',#3554,#3555);
#3554 = CARTESIAN_POINT('',(4.994850158691,14.166600227356,
    5.110500335693));
#3555 = VECTOR('',#3556,1.);
#3556 = DIRECTION('',(0.,-1.,0.));
#3557 = PCURVE('',#3497,#3558);
#3558 = DEFINITIONAL_REPRESENTATION('',(#3559),#3562);
#3559 = B_SPLINE_CURVE_WITH_KNOTS('',1,(#3560,#3561),.UNSPECIFIED.,.F.,
  .F.,(2,2),(-0.904692847854,0.603163624285),.PIECEWISE_BEZIER_KNOTS.);
#3560 = CARTESIAN_POINT('',(4.712966270228,-1.277831029391E-03));
#3561 = CARTESIAN_POINT('',(4.712314564447,-1.509133183089));
#3562 = ( GEOMETRIC_REPRESENTATION_CONTEXT(2) 
PARAMETRIC_REPRESENTATION_CONTEXT() REPRESENTATION_CONTEXT('2D SPACE',''
  ) );
#3563 = PCURVE('',#3536,#3564);
#3564 = DEFINITIONAL_REPRESENTATION('',(#3565),#3569);
#3565 = LINE('',#3566,#3567);
#3566 = CARTESIAN_POINT('',(-2.673300200328,0.));
#3567 = VECTOR('',#3568,1.);
#3568 = DIRECTION('',(0.,-1.));
#3569 = ( GEOMETRIC_REPRESENTATION_CONTEXT(2) 
PARAMETRIC_REPRESENTATION_CONTEXT() REPRESENTATION_CONTEXT('2D SPACE',''
  ) );
#3570 = ORIENTED_EDGE('',*,*,#3571,.T.);
#3571 = EDGE_CURVE('',#3550,#3572,#3574,.T.);
#3572 = VERTEX_POINT('',#3573);
#3573 = CARTESIAN_POINT('',(3.236099996831,13.563673067967,
    3.351749897003));
#3574 = SURFACE_CURVE('',#3575,(#3580,#3586),.PCURVE_S1.);
#3575 = CIRCLE('',#3576,1.75859808986);
#3576 = AXIS2_PLACEMENT_3D('',#3577,#3578,#3579);
#3577 = CARTESIAN_POINT('',(3.236167306166,13.563437511826,
    5.110370492848));
#3578 = DIRECTION('',(5.068472443633E-07,0.999999991029,
    1.339436743811E-04));
#3579 = DIRECTION('',(0.76881259243,8.526384774608E-05,-0.639474151511)
  );
#3580 = PCURVE('',#3497,#3581);
#3581 = DEFINITIONAL_REPRESENTATION('',(#3582),#3585);
#3582 = B_SPLINE_CURVE_WITH_KNOTS('',1,(#3583,#3584),.UNSPECIFIED.,.F.,
  .F.,(2,2),(5.589297374079,7.160205804477),.PIECEWISE_BEZIER_KNOTS.);
#3583 = CARTESIAN_POINT('',(4.712314564419,-1.509133198518));
#3584 = CARTESIAN_POINT('',(6.283224757298,-1.508910352218));
#3585 = ( GEOMETRIC_REPRESENTATION_CONTEXT(2) 
PARAMETRIC_REPRESENTATION_CONTEXT() REPRESENTATION_CONTEXT('2D SPACE',''
  ) );
#3586 = PCURVE('',#3587,#3592);
#3587 = PLANE('',#3588);
#3588 = AXIS2_PLACEMENT_3D('',#3589,#3590,#3591);
#3589 = CARTESIAN_POINT('',(-5.994371824627E-02,13.563598451735,
    3.921293939216));
#3590 = DIRECTION('',(5.068472443633E-07,0.999999991029,
    1.339436743811E-04));
#3591 = DIRECTION('',(4.135903062765E-25,-1.339436743811E-04,
    0.99999999103));
#3592 = DEFINITIONAL_REPRESENTATION('',(#3593),#3597);
#3593 = CIRCLE('',#3594,1.75859808986);
#3594 = AXIS2_PLACEMENT_2D('',#3595,#3596);
#3595 = CARTESIAN_POINT('',(1.189076564522,3.296111024413));
#3596 = DIRECTION('',(-0.639474157195,0.76881259243));
#3597 = ( GEOMETRIC_REPRESENTATION_CONTEXT(2) 
PARAMETRIC_REPRESENTATION_CONTEXT() REPRESENTATION_CONTEXT('2D SPACE',''
  ) );
#3598 = ORIENTED_EDGE('',*,*,#3599,.T.);
#3599 = EDGE_CURVE('',#3572,#3486,#3600,.T.);
#3600 = SURFACE_CURVE('',#3601,(#3605,#3611),.PCURVE_S1.);
#3601 = LINE('',#3602,#3603);
#3602 = CARTESIAN_POINT('',(3.23609995842,13.563750267029,3.351749897003
    ));
#3603 = VECTOR('',#3604,1.);
#3604 = DIRECTION('',(-4.975554950924E-04,0.999999876219,0.));
#3605 = PCURVE('',#3497,#3606);
#3606 = DEFINITIONAL_REPRESENTATION('',(#3607),#3610);
#3607 = B_SPLINE_CURVE_WITH_KNOTS('',1,(#3608,#3609),.UNSPECIFIED.,.F.,
  .F.,(2,2),(-7.719907155528E-05,1.507453197121),
  .PIECEWISE_BEZIER_KNOTS.);
#3608 = CARTESIAN_POINT('',(6.283224757289,-1.50891034527));
#3609 = CARTESIAN_POINT('',(6.283006043993,-1.380680202082E-03));
#3610 = ( GEOMETRIC_REPRESENTATION_CONTEXT(2) 
PARAMETRIC_REPRESENTATION_CONTEXT() REPRESENTATION_CONTEXT('2D SPACE',''
  ) );
#3611 = PCURVE('',#3612,#3617);
#3612 = PLANE('',#3613);
#3613 = AXIS2_PLACEMENT_3D('',#3614,#3615,#3616);
#3614 = CARTESIAN_POINT('',(-3.750324249268E-04,14.317500114441,
    3.351749897003));
#3615 = DIRECTION('',(0.,0.,1.));
#3616 = DIRECTION('',(1.,0.,-0.));
#3617 = DEFINITIONAL_REPRESENTATION('',(#3618),#3622);
#3618 = LINE('',#3619,#3620);
#3619 = CARTESIAN_POINT('',(3.236474990845,-0.753749847412));
#3620 = VECTOR('',#3621,1.);
#3621 = DIRECTION('',(-4.975554950924E-04,0.999999876219));
#3622 = ( GEOMETRIC_REPRESENTATION_CONTEXT(2) 
PARAMETRIC_REPRESENTATION_CONTEXT() REPRESENTATION_CONTEXT('2D SPACE',''
  ) );
#3623 = ADVANCED_FACE('',(#3624),#3639,.F.);
#3624 = FACE_BOUND('',#3625,.F.);
#3625 = EDGE_LOOP('',(#3626,#3679,#3706,#3735,#3758));
#3626 = ORIENTED_EDGE('',*,*,#3627,.T.);
#3627 = EDGE_CURVE('',#3628,#3630,#3632,.T.);
#3628 = VERTEX_POINT('',#3629);
#3629 = CARTESIAN_POINT('',(-3.236099921642,13.563676349761,
    3.351749897003));
#3630 = VERTEX_POINT('',#3631);
#3631 = CARTESIAN_POINT('',(-4.995314025417,13.563441676998,
    5.11050032878));
#3632 = SURFACE_CURVE('',#3633,(#3638,#3672),.PCURVE_S1.);
#3633 = CIRCLE('',#3634,1.75916457358);
#3634 = AXIS2_PLACEMENT_3D('',#3635,#3636,#3637);
#3635 = CARTESIAN_POINT('',(-3.236015831894,13.563440722526,
    5.110890925161));
#3636 = DIRECTION('',(5.068472443633E-07,0.999999991029,
    1.339436743811E-04));
#3637 = DIRECTION('',(0.540196369778,-1.129926223213E-04,0.841538988587)
  );
#3638 = PCURVE('',#3639,#3644);
#3639 = CONICAL_SURFACE('',#3640,1.759162930584,9.765794385768E-04);
#3640 = AXIS2_PLACEMENT_3D('',#3641,#3642,#3643);
#3641 = CARTESIAN_POINT('',(-3.236017184848,13.563755540065,
    5.110888859396));
#3642 = DIRECTION('',(6.651389612522E-04,-0.999999371067,
    9.0302544681E-04));
#3643 = DIRECTION('',(-0.707267880061,-1.108821242685E-03,
    -0.706944776025));
#3644 = DEFINITIONAL_REPRESENTATION('',(#3645),#3671);
#3645 = B_SPLINE_CURVE_WITH_KNOTS('',3,(#3646,#3647,#3648,#3649,#3650,
    #3651,#3652,#3653,#3654,#3655,#3656,#3657,#3658,#3659,#3660,#3661,
    #3662,#3663,#3664,#3665,#3666,#3667,#3668,#3669,#3670),
  .UNSPECIFIED.,.F.,.F.,(4,1,1,1,1,1,1,1,1,1,1,1,1,1,1,1,1,1,1,1,1,1,4),
  (2.570970017233,2.642357585726,2.713745154219,2.785132722711,
    2.856520291204,2.927907859697,2.99929542819,3.070682996682,
    3.142070565175,3.213458133668,3.284845702161,3.356233270653,
    3.427620839146,3.499008407639,3.570395976131,3.641783544624,
    3.713171113117,3.78455868161,3.855946250102,3.927333818595,
    3.998721387088,4.070108955581,4.141496524073),
  .QUASI_UNIFORM_KNOTS.);
#3646 = CARTESIAN_POINT('',(7.068765084185,-1.509434665318E-03));
#3647 = CARTESIAN_POINT('',(7.044969196411,-1.537301250751E-03));
#3648 = CARTESIAN_POINT('',(6.997377417367,-1.589919806195E-03));
#3649 = CARTESIAN_POINT('',(6.925989739381,-1.6591563977E-03));
#3650 = CARTESIAN_POINT('',(6.854602052989,-1.718334406059E-03));
#3651 = CARTESIAN_POINT('',(6.783214359388,-1.767156301095E-03));
#3652 = CARTESIAN_POINT('',(6.711826659878,-1.805372330526E-03));
#3653 = CARTESIAN_POINT('',(6.640438955854,-1.832788102209E-03));
#3654 = CARTESIAN_POINT('',(6.569051248783,-1.849263883627E-03));
#3655 = CARTESIAN_POINT('',(6.497663540182,-1.854715766718E-03));
#3656 = CARTESIAN_POINT('',(6.426275831592,-1.849115973978E-03));
#3657 = CARTESIAN_POINT('',(6.354888124552,-1.832493032407E-03));
#3658 = CARTESIAN_POINT('',(6.283500420579,-1.804931619525E-03));
#3659 = CARTESIAN_POINT('',(6.212112721139,-1.766572134397E-03));
#3660 = CARTESIAN_POINT('',(6.140725027626,-1.717609981609E-03));
#3661 = CARTESIAN_POINT('',(6.06933734134,-1.658294576531E-03));
#3662 = CARTESIAN_POINT('',(5.997949663467,-1.588928073091E-03));
#3663 = CARTESIAN_POINT('',(5.926561995061,-1.509863830608E-03));
#3664 = CARTESIAN_POINT('',(5.855174337027,-1.421504591261E-03));
#3665 = CARTESIAN_POINT('',(5.78378669011,-1.32430051238E-03));
#3666 = CARTESIAN_POINT('',(5.712399054886,-1.218746560307E-03));
#3667 = CARTESIAN_POINT('',(5.64101143175,-1.105381157003E-03));
#3668 = CARTESIAN_POINT('',(5.569623820934,-9.847790784084E-04));
#3669 = CARTESIAN_POINT('',(5.522032088595,-8.999695553654E-04));
#3670 = CARTESIAN_POINT('',(5.498236224487,-8.565644713843E-04));
#3671 = ( GEOMETRIC_REPRESENTATION_CONTEXT(2) 
PARAMETRIC_REPRESENTATION_CONTEXT() REPRESENTATION_CONTEXT('2D SPACE',''
  ) );
#3672 = PCURVE('',#3587,#3673);
#3673 = DEFINITIONAL_REPRESENTATION('',(#3674),#3678);
#3674 = CIRCLE('',#3675,1.75916457358);
#3675 = AXIS2_PLACEMENT_2D('',#3676,#3677);
#3676 = CARTESIAN_POINT('',(1.189596996401,-3.176072113648));
#3677 = DIRECTION('',(0.841538996172,0.540196369778));
#3678 = ( GEOMETRIC_REPRESENTATION_CONTEXT(2) 
PARAMETRIC_REPRESENTATION_CONTEXT() REPRESENTATION_CONTEXT('2D SPACE',''
  ) );
#3679 = ORIENTED_EDGE('',*,*,#3680,.T.);
#3680 = EDGE_CURVE('',#3630,#3681,#3683,.T.);
#3681 = VERTEX_POINT('',#3682);
#3682 = CARTESIAN_POINT('',(-4.995049598076,15.071317830096,
    5.11050039699));
#3683 = SURFACE_CURVE('',#3684,(#3688,#3694),.PCURVE_S1.);
#3684 = LINE('',#3685,#3686);
#3685 = CARTESIAN_POINT('',(-4.99520822679,14.166750144958,
    5.110500337014));
#3686 = VECTOR('',#3687,1.);
#3687 = DIRECTION('',(1.753640647564E-04,0.999999984624,
    1.364807177683E-08));
#3688 = PCURVE('',#3639,#3689);
#3689 = DEFINITIONAL_REPRESENTATION('',(#3690),#3693);
#3690 = B_SPLINE_CURVE_WITH_KNOTS('',1,(#3691,#3692),.UNSPECIFIED.,.F.,
  .F.,(2,2),(-0.603308477237,0.904567699047),.PIECEWISE_BEZIER_KNOTS.);
#3691 = CARTESIAN_POINT('',(5.498236224558,-8.565334006856E-04));
#3692 = CARTESIAN_POINT('',(5.497461839724,-1.508731361646));
#3693 = ( GEOMETRIC_REPRESENTATION_CONTEXT(2) 
PARAMETRIC_REPRESENTATION_CONTEXT() REPRESENTATION_CONTEXT('2D SPACE',''
  ) );
#3694 = PCURVE('',#3695,#3700);
#3695 = PLANE('',#3696);
#3696 = AXIS2_PLACEMENT_3D('',#3697,#3698,#3699);
#3697 = CARTESIAN_POINT('',(-4.995000171661,14.166750144958,
    2.437200135365));
#3698 = DIRECTION('',(0.999999981595,-1.753640652875E-04,
    7.782707103989E-05));
#3699 = DIRECTION('',(7.782707223658E-05,1.819797347617E-23,
    -0.999999996971));
#3700 = DEFINITIONAL_REPRESENTATION('',(#3701),#3705);
#3701 = LINE('',#3702,#3703);
#3702 = CARTESIAN_POINT('',(-2.673300209745,6.164811669235E-20));
#3703 = VECTOR('',#3704,1.);
#3704 = DIRECTION('',(1.488925102595E-23,1.));
#3705 = ( GEOMETRIC_REPRESENTATION_CONTEXT(2) 
PARAMETRIC_REPRESENTATION_CONTEXT() REPRESENTATION_CONTEXT('2D SPACE',''
  ) );
#3706 = ORIENTED_EDGE('',*,*,#3707,.T.);
#3707 = EDGE_CURVE('',#3681,#3708,#3710,.T.);
#3708 = VERTEX_POINT('',#3709);
#3709 = CARTESIAN_POINT('',(-4.994879676167,15.071317770294,5.1093911638
    ));
#3710 = SURFACE_CURVE('',#3711,(#3716,#3722),.PCURVE_S1.);
#3711 = CIRCLE('',#3712,1.757691705083);
#3712 = AXIS2_PLACEMENT_3D('',#3713,#3714,#3715);
#3713 = CARTESIAN_POINT('',(-3.23701877498,15.071313421744,
    5.109528953586));
#3714 = DIRECTION('',(-2.477969931589E-06,-0.999999998564,
    5.353353642834E-05));
#3715 = DIRECTION('',(0.617912523229,4.055940588871E-05,0.786246851817)
  );
#3716 = PCURVE('',#3639,#3717);
#3717 = DEFINITIONAL_REPRESENTATION('',(#3718),#3721);
#3718 = B_SPLINE_CURVE_WITH_KNOTS('',1,(#3719,#3720),.UNSPECIFIED.,.F.,
  .F.,(2,2),(2.236328687338,2.23695964693),.PIECEWISE_BEZIER_KNOTS.);
#3719 = CARTESIAN_POINT('',(5.497461812471,-1.508731466619));
#3720 = CARTESIAN_POINT('',(5.498092772387,-1.50873240891));
#3721 = ( GEOMETRIC_REPRESENTATION_CONTEXT(2) 
PARAMETRIC_REPRESENTATION_CONTEXT() REPRESENTATION_CONTEXT('2D SPACE',''
  ) );
#3722 = PCURVE('',#3695,#3723);
#3723 = DEFINITIONAL_REPRESENTATION('',(#3724),#3734);
#3724 = B_SPLINE_CURVE_WITH_KNOTS('',8,(#3725,#3726,#3727,#3728,#3729,
    #3730,#3731,#3732,#3733),.UNSPECIFIED.,.F.,.F.,(9,9),(2.236328687338
    ,2.23695964693),.PIECEWISE_BEZIER_KNOTS.);
#3725 = CARTESIAN_POINT('',(-2.673300043425,0.904567757712));
#3726 = CARTESIAN_POINT('',(-2.673161414398,0.904567750275));
#3727 = CARTESIAN_POINT('',(-2.673022785359,0.904567742818));
#3728 = CARTESIAN_POINT('',(-2.672884156335,0.90456773541));
#3729 = CARTESIAN_POINT('',(-2.672745527262,0.90456772793));
#3730 = CARTESIAN_POINT('',(-2.672606898241,0.90456772053));
#3731 = CARTESIAN_POINT('',(-2.672468269164,0.904567713103));
#3732 = CARTESIAN_POINT('',(-2.672329640114,0.904567705702));
#3733 = CARTESIAN_POINT('',(-2.672191011059,0.904567698281));
#3734 = ( GEOMETRIC_REPRESENTATION_CONTEXT(2) 
PARAMETRIC_REPRESENTATION_CONTEXT() REPRESENTATION_CONTEXT('2D SPACE',''
  ) );
#3735 = ORIENTED_EDGE('',*,*,#3736,.T.);
#3736 = EDGE_CURVE('',#3708,#3737,#3739,.T.);
#3737 = VERTEX_POINT('',#3738);
#3738 = CARTESIAN_POINT('',(-3.236850008024,15.071219321197,
    3.351749897004));
#3739 = SURFACE_CURVE('',#3740,(#3745,#3751),.PCURVE_S1.);
#3740 = CIRCLE('',#3741,1.757691705083);
#3741 = AXIS2_PLACEMENT_3D('',#3742,#3743,#3744);
#3742 = CARTESIAN_POINT('',(-3.23701877498,15.071313421744,
    5.109528953586));
#3743 = DIRECTION('',(-2.477969931589E-06,-0.999999998564,
    5.353353642834E-05));
#3744 = DIRECTION('',(0.617912523229,4.055940588871E-05,0.786246851817)
  );
#3745 = PCURVE('',#3639,#3746);
#3746 = DEFINITIONAL_REPRESENTATION('',(#3747),#3750);
#3747 = B_SPLINE_CURVE_WITH_KNOTS('',1,(#3748,#3749),.UNSPECIFIED.,.F.,
  .F.,(2,2),(2.23695964693,3.80777360041),.PIECEWISE_BEZIER_KNOTS.);
#3748 = CARTESIAN_POINT('',(5.498092772387,-1.50873240891));
#3749 = CARTESIAN_POINT('',(7.068908774635,-1.509051859639));
#3750 = ( GEOMETRIC_REPRESENTATION_CONTEXT(2) 
PARAMETRIC_REPRESENTATION_CONTEXT() REPRESENTATION_CONTEXT('2D SPACE',''
  ) );
#3751 = PCURVE('',#3508,#3752);
#3752 = DEFINITIONAL_REPRESENTATION('',(#3753),#3757);
#3753 = CIRCLE('',#3754,1.757691705083);
#3754 = AXIS2_PLACEMENT_2D('',#3755,#3756);
#3755 = CARTESIAN_POINT('',(-1.215115866974,-3.236739904725));
#3756 = DIRECTION('',(-0.786246852861,0.617912523231));
#3757 = ( GEOMETRIC_REPRESENTATION_CONTEXT(2) 
PARAMETRIC_REPRESENTATION_CONTEXT() REPRESENTATION_CONTEXT('2D SPACE',''
  ) );
#3758 = ORIENTED_EDGE('',*,*,#3759,.T.);
#3759 = EDGE_CURVE('',#3737,#3628,#3760,.T.);
#3760 = SURFACE_CURVE('',#3761,(#3765,#3771),.PCURVE_S1.);
#3761 = LINE('',#3762,#3763);
#3762 = CARTESIAN_POINT('',(-3.23685002327,15.071249961853,
    3.351749897003));
#3763 = VECTOR('',#3764,1.);
#3764 = DIRECTION('',(4.975554950924E-04,-0.999999876219,0.));
#3765 = PCURVE('',#3639,#3766);
#3766 = DEFINITIONAL_REPRESENTATION('',(#3767),#3770);
#3767 = B_SPLINE_CURVE_WITH_KNOTS('',1,(#3768,#3769),.UNSPECIFIED.,.F.,
  .F.,(2,2),(3.064066029153E-05,1.5075737987),.PIECEWISE_BEZIER_KNOTS.);
#3768 = CARTESIAN_POINT('',(7.068908774602,-1.509051848531));
#3769 = CARTESIAN_POINT('',(7.068765084195,-1.50943462144E-03));
#3770 = ( GEOMETRIC_REPRESENTATION_CONTEXT(2) 
PARAMETRIC_REPRESENTATION_CONTEXT() REPRESENTATION_CONTEXT('2D SPACE',''
  ) );
#3771 = PCURVE('',#3612,#3772);
#3772 = DEFINITIONAL_REPRESENTATION('',(#3773),#3777);
#3773 = LINE('',#3774,#3775);
#3774 = CARTESIAN_POINT('',(-3.236474990845,0.753749847412));
#3775 = VECTOR('',#3776,1.);
#3776 = DIRECTION('',(4.975554950924E-04,-0.999999876219));
#3777 = ( GEOMETRIC_REPRESENTATION_CONTEXT(2) 
PARAMETRIC_REPRESENTATION_CONTEXT() REPRESENTATION_CONTEXT('2D SPACE',''
  ) );
#3778 = ADVANCED_FACE('',(#3779),#212,.T.);
#3779 = FACE_BOUND('',#3780,.T.);
#3780 = EDGE_LOOP('',(#3781,#3805,#3826,#3847,#3848,#3875));
#3781 = ORIENTED_EDGE('',*,*,#3782,.F.);
#3782 = EDGE_CURVE('',#3783,#3785,#3787,.T.);
#3783 = VERTEX_POINT('',#3784);
#3784 = CARTESIAN_POINT('',(-9.548249301649,13.563842206477,
    1.995000006631));
#3785 = VERTEX_POINT('',#3786);
#3786 = CARTESIAN_POINT('',(-9.538077537658,13.563737522523,
    1.99467402918));
#3787 = SURFACE_CURVE('',#3788,(#3793,#3799),.PCURVE_S1.);
#3788 = B_SPLINE_CURVE_WITH_KNOTS('',3,(#3789,#3790,#3791,#3792),
  .UNSPECIFIED.,.F.,.F.,(4,4),(0.,2.024499745873E-02),
  .PIECEWISE_BEZIER_KNOTS.);
#3789 = CARTESIAN_POINT('',(-9.548249301649,13.563842206477,
    1.995000006631));
#3790 = CARTESIAN_POINT('',(-9.544858562005,13.563844309399,
    1.994887886788));
#3791 = CARTESIAN_POINT('',(-9.541467801265,13.563812093061,
    1.994775763886));
#3792 = CARTESIAN_POINT('',(-9.538077714065,13.563745564068,
    1.994663637958));
#3793 = PCURVE('',#212,#3794);
#3794 = DEFINITIONAL_REPRESENTATION('',(#3795),#3798);
#3795 = B_SPLINE_CURVE_WITH_KNOTS('',1,(#3796,#3797),.UNSPECIFIED.,.F.,
  .F.,(2,2),(0.,2.024497864049E-02),.PIECEWISE_BEZIER_KNOTS.);
#3796 = CARTESIAN_POINT('',(0.785774134001,2.365013760001E-03));
#3797 = CARTESIAN_POINT('',(0.765531941713,2.029139500147E-03));
#3798 = ( GEOMETRIC_REPRESENTATION_CONTEXT(2) 
PARAMETRIC_REPRESENTATION_CONTEXT() REPRESENTATION_CONTEXT('2D SPACE',''
  ) );
#3799 = PCURVE('',#1395,#3800);
#3800 = DEFINITIONAL_REPRESENTATION('',(#3801),#3804);
#3801 = B_SPLINE_CURVE_WITH_KNOTS('',1,(#3802,#3803),.UNSPECIFIED.,.F.,
  .F.,(2,2),(0.,2.024497864049E-02),.PIECEWISE_BEZIER_KNOTS.);
#3802 = CARTESIAN_POINT('',(1.570783574985,-1.083524719892));
#3803 = CARTESIAN_POINT('',(1.570783786999,-1.07769717413));
#3804 = ( GEOMETRIC_REPRESENTATION_CONTEXT(2) 
PARAMETRIC_REPRESENTATION_CONTEXT() REPRESENTATION_CONTEXT('2D SPACE',''
  ) );
#3805 = ORIENTED_EDGE('',*,*,#3806,.F.);
#3806 = EDGE_CURVE('',#3807,#3783,#3809,.T.);
#3807 = VERTEX_POINT('',#3808);
#3808 = CARTESIAN_POINT('',(-9.547499685565,13.563750267029,
    6.014844945436));
#3809 = SURFACE_CURVE('',#3810,(#3814,#3820),.PCURVE_S1.);
#3810 = LINE('',#3811,#3812);
#3811 = CARTESIAN_POINT('',(-9.547499656677,13.563750267029,
    6.014999866486));
#3812 = VECTOR('',#3813,1.);
#3813 = DIRECTION('',(-1.864646829475E-04,0.,-0.999999982615));
#3814 = PCURVE('',#212,#3815);
#3815 = DEFINITIONAL_REPRESENTATION('',(#3816),#3819);
#3816 = B_SPLINE_CURVE_WITH_KNOTS('',1,(#3817,#3818),.UNSPECIFIED.,.F.,
  .F.,(2,2),(1.54921052633E-04,4.019999929751),
  .PIECEWISE_BEZIER_KNOTS.);
#3817 = CARTESIAN_POINT('',(0.784664499161,4.022209975256));
#3818 = CARTESIAN_POINT('',(0.785774134001,2.365015611585E-03));
#3819 = ( GEOMETRIC_REPRESENTATION_CONTEXT(2) 
PARAMETRIC_REPRESENTATION_CONTEXT() REPRESENTATION_CONTEXT('2D SPACE',''
  ) );
#3820 = PCURVE('',#1395,#3821);
#3821 = DEFINITIONAL_REPRESENTATION('',(#3822),#3825);
#3822 = B_SPLINE_CURVE_WITH_KNOTS('',1,(#3823,#3824),.UNSPECIFIED.,.F.,
  .F.,(2,2),(1.54921052633E-04,4.019999929751),
  .PIECEWISE_BEZIER_KNOTS.);
#3823 = CARTESIAN_POINT('',(1.570722363714,2.134623178083));
#3824 = CARTESIAN_POINT('',(1.570783574986,-1.083524685666));
#3825 = ( GEOMETRIC_REPRESENTATION_CONTEXT(2) 
PARAMETRIC_REPRESENTATION_CONTEXT() REPRESENTATION_CONTEXT('2D SPACE',''
  ) );
#3826 = ORIENTED_EDGE('',*,*,#3827,.F.);
#3827 = EDGE_CURVE('',#197,#3807,#3828,.T.);
#3828 = SURFACE_CURVE('',#3829,(#3834,#3840),.PCURVE_S1.);
#3829 = CIRCLE('',#3830,0.502802991481);
#3830 = AXIS2_PLACEMENT_3D('',#3831,#3832,#3833);
#3831 = CARTESIAN_POINT('',(-9.547746104217,13.060958012859,
    6.014898973755));
#3832 = DIRECTION('',(7.99953966789E-06,1.074526246094E-04,
    0.999999994195));
#3833 = DIRECTION('',(-0.198095355379,0.980182747969,-1.037385378149E-04
    ));
#3834 = PCURVE('',#212,#3835);
#3835 = DEFINITIONAL_REPRESENTATION('',(#3836),#3839);
#3836 = B_SPLINE_CURVE_WITH_KNOTS('',1,(#3837,#3838),.UNSPECIFIED.,.F.,
  .F.,(2,2),(4.513554849303,6.083280821567),.PIECEWISE_BEZIER_KNOTS.);
#3837 = CARTESIAN_POINT('',(-0.785061476098,4.022328726744));
#3838 = CARTESIAN_POINT('',(0.784664499161,4.022209973894));
#3839 = ( GEOMETRIC_REPRESENTATION_CONTEXT(2) 
PARAMETRIC_REPRESENTATION_CONTEXT() REPRESENTATION_CONTEXT('2D SPACE',''
  ) );
#3840 = PCURVE('',#237,#3841);
#3841 = DEFINITIONAL_REPRESENTATION('',(#3842),#3846);
#3842 = CIRCLE('',#3843,0.502802991481);
#3843 = AXIS2_PLACEMENT_2D('',#3844,#3845);
#3844 = CARTESIAN_POINT('',(1.004900739194,0.250993525016));
#3845 = DIRECTION('',(-0.198095354543,0.980182753627));
#3846 = ( GEOMETRIC_REPRESENTATION_CONTEXT(2) 
PARAMETRIC_REPRESENTATION_CONTEXT() REPRESENTATION_CONTEXT('2D SPACE',''
  ) );
#3847 = ORIENTED_EDGE('',*,*,#196,.T.);
#3848 = ORIENTED_EDGE('',*,*,#3849,.F.);
#3849 = EDGE_CURVE('',#3850,#174,#3852,.T.);
#3850 = VERTEX_POINT('',#3851);
#3851 = CARTESIAN_POINT('',(-9.530848661301,13.56355164382,
    1.994914120531));
#3852 = SURFACE_CURVE('',#3853,(#3858,#3864),.PCURVE_S1.);
#3853 = CIRCLE('',#3854,0.502525977016);
#3854 = AXIS2_PLACEMENT_3D('',#3855,#3856,#3857);
#3855 = CARTESIAN_POINT('',(-9.547937975804,13.061316328208,
    1.994915636031));
#3856 = DIRECTION('',(-1.073896550893E-07,-3.013855083847E-06,
    -0.999999999995));
#3857 = DIRECTION('',(-0.459119366827,0.888374587096,-2.628127595242E-06
    ));
#3858 = PCURVE('',#212,#3859);
#3859 = DEFINITIONAL_REPRESENTATION('',(#3860),#3863);
#3860 = B_SPLINE_CURVE_WITH_KNOTS('',1,(#3861,#3862),.UNSPECIFIED.,.F.,
  .F.,(2,2),(0.511017044584,2.047932397678),.PIECEWISE_BEZIER_KNOTS.);
#3861 = CARTESIAN_POINT('',(0.751141217452,2.279984083646E-03));
#3862 = CARTESIAN_POINT('',(-0.785774134006,2.349386964988E-03));
#3863 = ( GEOMETRIC_REPRESENTATION_CONTEXT(2) 
PARAMETRIC_REPRESENTATION_CONTEXT() REPRESENTATION_CONTEXT('2D SPACE',''
  ) );
#3864 = PCURVE('',#71,#3865);
#3865 = DEFINITIONAL_REPRESENTATION('',(#3866),#3874);
#3866 = ( BOUNDED_CURVE() B_SPLINE_CURVE(2,(#3867,#3868,#3869,#3870,
#3871,#3872,#3873),.UNSPECIFIED.,.T.,.F.) B_SPLINE_CURVE_WITH_KNOTS((1,2
    ,2,2,2,1),(-2.094395102393,0.,2.094395102393,4.188790204786,
6.28318530718,8.377580409573),.UNSPECIFIED.) CURVE() 
GEOMETRIC_REPRESENTATION_ITEM() RATIONAL_B_SPLINE_CURVE((1.,0.5,1.,0.5,
1.,0.5,1.)) REPRESENTATION_ITEM('') );
#3867 = CARTESIAN_POINT('',(-8.4108827649,15.819488865592));
#3868 = CARTESIAN_POINT('',(-7.637641058501,16.219106603201));
#3869 = CARTESIAN_POINT('',(-7.678182799128,15.349650773389));
#3870 = CARTESIAN_POINT('',(-7.718724539756,14.480194943577));
#3871 = CARTESIAN_POINT('',(-8.451424505528,14.95003303578));
#3872 = CARTESIAN_POINT('',(-9.1841244713,15.419871127983));
#3873 = CARTESIAN_POINT('',(-8.4108827649,15.819488865592));
#3874 = ( GEOMETRIC_REPRESENTATION_CONTEXT(2) 
PARAMETRIC_REPRESENTATION_CONTEXT() REPRESENTATION_CONTEXT('2D SPACE',''
  ) );
#3875 = ORIENTED_EDGE('',*,*,#3876,.T.);
#3876 = EDGE_CURVE('',#3850,#3785,#3877,.T.);
#3877 = SURFACE_CURVE('',#3878,(#3883,#3889),.PCURVE_S1.);
#3878 = B_SPLINE_CURVE_WITH_KNOTS('',3,(#3879,#3880,#3881,#3882),
  .UNSPECIFIED.,.F.,.F.,(4,4),(0.,7.231265737881E-03),
  .PIECEWISE_BEZIER_KNOTS.);
#3879 = CARTESIAN_POINT('',(-9.530848661301,13.56355164382,
    1.994914120531));
#3880 = CARTESIAN_POINT('',(-9.533258286745,13.563613603629,
    1.994914120603));
#3881 = CARTESIAN_POINT('',(-9.535667912188,13.563675563438,
    1.994914120675));
#3882 = CARTESIAN_POINT('',(-9.538077537632,13.563737523247,
    1.994914120747));
#3883 = PCURVE('',#212,#3884);
#3884 = DEFINITIONAL_REPRESENTATION('',(#3885),#3888);
#3885 = B_SPLINE_CURVE_WITH_KNOTS('',1,(#3886,#3887),.UNSPECIFIED.,.F.,
  .F.,(2,2),(0.,7.231265737878E-03),.PIECEWISE_BEZIER_KNOTS.);
#3886 = CARTESIAN_POINT('',(0.751141217452,2.279984083655E-03));
#3887 = CARTESIAN_POINT('',(0.765531282562,2.279622147659E-03));
#3888 = ( GEOMETRIC_REPRESENTATION_CONTEXT(2) 
PARAMETRIC_REPRESENTATION_CONTEXT() REPRESENTATION_CONTEXT('2D SPACE',''
  ) );
#3889 = PCURVE('',#1395,#3890);
#3890 = DEFINITIONAL_REPRESENTATION('',(#3891),#3894);
#3891 = B_SPLINE_CURVE_WITH_KNOTS('',1,(#3892,#3893),.UNSPECIFIED.,.F.,
  .F.,(2,2),(0.,7.231265737878E-03),.PIECEWISE_BEZIER_KNOTS.);
#3892 = CARTESIAN_POINT('',(1.570783930224,-1.073163610955));
#3893 = CARTESIAN_POINT('',(1.570783783188,-1.077496563151));
#3894 = ( GEOMETRIC_REPRESENTATION_CONTEXT(2) 
PARAMETRIC_REPRESENTATION_CONTEXT() REPRESENTATION_CONTEXT('2D SPACE',''
  ) );
#3895 = ADVANCED_FACE('',(#3896),#3910,.T.);
#3896 = FACE_BOUND('',#3897,.T.);
#3897 = EDGE_LOOP('',(#3898,#3927,#3954,#3981));
#3898 = ORIENTED_EDGE('',*,*,#3899,.F.);
#3899 = EDGE_CURVE('',#3900,#3902,#3904,.T.);
#3900 = VERTEX_POINT('',#3901);
#3901 = CARTESIAN_POINT('',(10.552499841093,5.021062245655,
    1.994937709612));
#3902 = VERTEX_POINT('',#3903);
#3903 = CARTESIAN_POINT('',(10.552499841093,5.021437272759,
    4.507402172235));
#3904 = SURFACE_CURVE('',#3905,(#3909,#3920),.PCURVE_S1.);
#3905 = LINE('',#3906,#3907);
#3906 = CARTESIAN_POINT('',(10.552499841093,5.021437820386,
    4.511070953369));
#3907 = VECTOR('',#3908,1.);
#3908 = DIRECTION('',(0.,1.492666285346E-04,0.99999998886));
#3909 = PCURVE('',#3910,#3915);
#3910 = CYLINDRICAL_SURFACE('',#3911,0.502688050459);
#3911 = AXIS2_PLACEMENT_3D('',#3912,#3913,#3914);
#3912 = CARTESIAN_POINT('',(10.552312254717,5.524125830244,
    4.510995918823));
#3913 = DIRECTION('',(0.,1.492666285346E-04,0.99999998886));
#3914 = DIRECTION('',(3.731665712987E-04,-0.999999919233,
    1.492666181417E-04));
#3915 = DEFINITIONAL_REPRESENTATION('',(#3916),#3919);
#3916 = B_SPLINE_CURVE_WITH_KNOTS('',1,(#3917,#3918),.UNSPECIFIED.,.F.,
  .F.,(2,2),(-2.516133271787,-3.668781174881E-03),
  .PIECEWISE_BEZIER_KNOTS.);
#3917 = CARTESIAN_POINT('',(0.,-2.516133271787));
#3918 = CARTESIAN_POINT('',(0.,-3.668781174883E-03));
#3919 = ( GEOMETRIC_REPRESENTATION_CONTEXT(2) 
PARAMETRIC_REPRESENTATION_CONTEXT() REPRESENTATION_CONTEXT('2D SPACE',''
  ) );
#3920 = PCURVE('',#2715,#3921);
#3921 = DEFINITIONAL_REPRESENTATION('',(#3922),#3926);
#3922 = LINE('',#3923,#3924);
#3923 = CARTESIAN_POINT('',(-1.259820907179,0.502500162183));
#3924 = VECTOR('',#3925,1.);
#3925 = DIRECTION('',(-1.,0.));
#3926 = ( GEOMETRIC_REPRESENTATION_CONTEXT(2) 
PARAMETRIC_REPRESENTATION_CONTEXT() REPRESENTATION_CONTEXT('2D SPACE',''
  ) );
#3927 = ORIENTED_EDGE('',*,*,#3928,.F.);
#3928 = EDGE_CURVE('',#3929,#3900,#3931,.T.);
#3929 = VERTEX_POINT('',#3930);
#3930 = CARTESIAN_POINT('',(11.055000305176,5.52375026648,1.99493614062)
  );
#3931 = SURFACE_CURVE('',#3932,(#3937,#3943),.PCURVE_S1.);
#3932 = CIRCLE('',#3933,0.502688055835);
#3933 = AXIS2_PLACEMENT_3D('',#3934,#3935,#3936);
#3934 = CARTESIAN_POINT('',(10.552312254717,5.523750266488,
    1.994936194604));
#3935 = DIRECTION('',(-1.073896550893E-07,-3.013855083847E-06,
    -0.999999999995));
#3936 = DIRECTION('',(3.731665673077E-04,-0.999999930369,
    3.013814799773E-06));
#3937 = PCURVE('',#3910,#3938);
#3938 = DEFINITIONAL_REPRESENTATION('',(#3939),#3942);
#3939 = B_SPLINE_CURVE_WITH_KNOTS('',1,(#3940,#3941),.UNSPECIFIED.,.F.,
  .F.,(2,2),(4.712762146976,6.28318530718),.PIECEWISE_BEZIER_KNOTS.);
#3940 = CARTESIAN_POINT('',(1.570423160215,-2.516059806233));
#3941 = CARTESIAN_POINT('',(0.,-2.516133271787));
#3942 = ( GEOMETRIC_REPRESENTATION_CONTEXT(2) 
PARAMETRIC_REPRESENTATION_CONTEXT() REPRESENTATION_CONTEXT('2D SPACE',''
  ) );
#3943 = PCURVE('',#71,#3944);
#3944 = DEFINITIONAL_REPRESENTATION('',(#3945),#3953);
#3945 = ( BOUNDED_CURVE() B_SPLINE_CURVE(2,(#3946,#3947,#3948,#3949,
#3950,#3951,#3952),.UNSPECIFIED.,.T.,.F.) B_SPLINE_CURVE_WITH_KNOTS((1,2
    ,2,2,2,1),(-2.094395102393,0.,2.094395102393,4.188790204786,
6.28318530718,8.377580409573),.UNSPECIFIED.) CURVE() 
GEOMETRIC_REPRESENTATION_ITEM() RATIONAL_B_SPLINE_CURVE((1.,0.5,1.,0.5,
1.,0.5,1.)) REPRESENTATION_ITEM('') );
#3946 = CARTESIAN_POINT('',(11.920274460375,7.332803475664));
#3947 = CARTESIAN_POINT('',(11.049593267933,7.33247856653));
#3948 = CARTESIAN_POINT('',(11.48465248459,8.086673052349));
#3949 = CARTESIAN_POINT('',(11.919711701247,8.840867538168));
#3950 = CARTESIAN_POINT('',(12.355333677032,8.086997961483));
#3951 = CARTESIAN_POINT('',(12.790955652818,7.333128384798));
#3952 = CARTESIAN_POINT('',(11.920274460375,7.332803475664));
#3953 = ( GEOMETRIC_REPRESENTATION_CONTEXT(2) 
PARAMETRIC_REPRESENTATION_CONTEXT() REPRESENTATION_CONTEXT('2D SPACE',''
  ) );
#3954 = ORIENTED_EDGE('',*,*,#3955,.F.);
#3955 = EDGE_CURVE('',#3956,#3929,#3958,.T.);
#3956 = VERTEX_POINT('',#3957);
#3957 = CARTESIAN_POINT('',(11.055000305176,5.524125293206,4.5073980742)
  );
#3958 = SURFACE_CURVE('',#3959,(#3963,#3969),.PCURVE_S1.);
#3959 = LINE('',#3960,#3961);
#3960 = CARTESIAN_POINT('',(11.055000305176,5.524125830244,
    4.510995918823));
#3961 = VECTOR('',#3962,1.);
#3962 = DIRECTION('',(0.,-1.492666285346E-04,-0.99999998886));
#3963 = PCURVE('',#3910,#3964);
#3964 = DEFINITIONAL_REPRESENTATION('',(#3965),#3968);
#3965 = B_SPLINE_CURVE_WITH_KNOTS('',1,(#3966,#3967),.UNSPECIFIED.,.F.,
  .F.,(2,2),(3.597844663121E-03,2.516059806233),
  .PIECEWISE_BEZIER_KNOTS.);
#3966 = CARTESIAN_POINT('',(1.570423160215,-3.597844663121E-03));
#3967 = CARTESIAN_POINT('',(1.570423160215,-2.516059806233));
#3968 = ( GEOMETRIC_REPRESENTATION_CONTEXT(2) 
PARAMETRIC_REPRESENTATION_CONTEXT() REPRESENTATION_CONTEXT('2D SPACE',''
  ) );
#3969 = PCURVE('',#3970,#3975);
#3970 = PLANE('',#3971);
#3971 = AXIS2_PLACEMENT_3D('',#3972,#3973,#3974);
#3972 = CARTESIAN_POINT('',(11.055000305176,7.031249761581,
    3.251062601805));
#3973 = DIRECTION('',(1.,0.,0.));
#3974 = DIRECTION('',(0.,0.,-1.));
#3975 = DEFINITIONAL_REPRESENTATION('',(#3976),#3980);
#3976 = LINE('',#3977,#3978);
#3977 = CARTESIAN_POINT('',(-1.259933317019,-1.507123931337));
#3978 = VECTOR('',#3979,1.);
#3979 = DIRECTION('',(0.99999998886,-1.492666285346E-04));
#3980 = ( GEOMETRIC_REPRESENTATION_CONTEXT(2) 
PARAMETRIC_REPRESENTATION_CONTEXT() REPRESENTATION_CONTEXT('2D SPACE',''
  ) );
#3981 = ORIENTED_EDGE('',*,*,#3982,.F.);
#3982 = EDGE_CURVE('',#3902,#3956,#3983,.T.);
#3983 = SURFACE_CURVE('',#3984,(#3989,#3995),.PCURVE_S1.);
#3984 = CIRCLE('',#3985,0.502688056492);
#3985 = AXIS2_PLACEMENT_3D('',#3986,#3987,#3988);
#3986 = CARTESIAN_POINT('',(10.552312254717,5.524125294201,
    4.507404737964));
#3987 = DIRECTION('',(1.325626063659E-05,-5.099072813977E-06,
    0.999999999899));
#3988 = DIRECTION('',(8.556077526237E-02,-0.996332953233,
    -6.214590213273E-06));
#3989 = PCURVE('',#3910,#3990);
#3990 = DEFINITIONAL_REPRESENTATION('',(#3991),#3994);
#3991 = B_SPLINE_CURVE_WITH_KNOTS('',1,(#3992,#3993),.UNSPECIFIED.,.F.,
  .F.,(2,2),(6.197892959715,7.768316117888),.PIECEWISE_BEZIER_KNOTS.);
#3992 = CARTESIAN_POINT('',(0.,-3.668781174888E-03));
#3993 = CARTESIAN_POINT('',(1.570423160215,-3.597844663202E-03));
#3994 = ( GEOMETRIC_REPRESENTATION_CONTEXT(2) 
PARAMETRIC_REPRESENTATION_CONTEXT() REPRESENTATION_CONTEXT('2D SPACE',''
  ) );
#3995 = PCURVE('',#2636,#3996);
#3996 = DEFINITIONAL_REPRESENTATION('',(#3997),#4001);
#3997 = CIRCLE('',#3998,0.502688056492);
#3998 = AXIS2_PLACEMENT_2D('',#3999,#4000);
#3999 = CARTESIAN_POINT('',(0.502464188069,-1.507099285243));
#4000 = DIRECTION('',(8.556077533724E-02,-0.996332953246));
#4001 = ( GEOMETRIC_REPRESENTATION_CONTEXT(2) 
PARAMETRIC_REPRESENTATION_CONTEXT() REPRESENTATION_CONTEXT('2D SPACE',''
  ) );
#4002 = ADVANCED_FACE('',(#4003),#4017,.T.);
#4003 = FACE_BOUND('',#4004,.T.);
#4004 = EDGE_LOOP('',(#4005,#4034,#4061,#4083));
#4005 = ORIENTED_EDGE('',*,*,#4006,.F.);
#4006 = EDGE_CURVE('',#4007,#4009,#4011,.T.);
#4007 = VERTEX_POINT('',#4008);
#4008 = CARTESIAN_POINT('',(11.055000305176,8.538749694824,
    1.994927053849));
#4009 = VERTEX_POINT('',#4010);
#4010 = CARTESIAN_POINT('',(11.055000305176,8.538749694824,4.50741344599
    ));
#4011 = SURFACE_CURVE('',#4012,(#4016,#4027),.PCURVE_S1.);
#4012 = LINE('',#4013,#4014);
#4013 = CARTESIAN_POINT('',(11.055000305176,8.538749694824,
    4.511022649976));
#4014 = VECTOR('',#4015,1.);
#4015 = DIRECTION('',(0.,0.,1.));
#4016 = PCURVE('',#4017,#4022);
#4017 = CYLINDRICAL_SURFACE('',#4018,0.502500534058);
#4018 = AXIS2_PLACEMENT_3D('',#4019,#4020,#4021);
#4019 = CARTESIAN_POINT('',(10.552499771118,8.538749694824,
    4.511022649976));
#4020 = DIRECTION('',(0.,0.,-1.));
#4021 = DIRECTION('',(0.,1.,0.));
#4022 = DEFINITIONAL_REPRESENTATION('',(#4023),#4026);
#4023 = B_SPLINE_CURVE_WITH_KNOTS('',1,(#4024,#4025),.UNSPECIFIED.,.F.,
  .F.,(2,2),(-2.516095596127,-3.60920398643E-03),
  .PIECEWISE_BEZIER_KNOTS.);
#4024 = CARTESIAN_POINT('',(1.570796326795,2.516095596127));
#4025 = CARTESIAN_POINT('',(1.570796326795,3.60920398643E-03));
#4026 = ( GEOMETRIC_REPRESENTATION_CONTEXT(2) 
PARAMETRIC_REPRESENTATION_CONTEXT() REPRESENTATION_CONTEXT('2D SPACE',''
  ) );
#4027 = PCURVE('',#3970,#4028);
#4028 = DEFINITIONAL_REPRESENTATION('',(#4029),#4033);
#4029 = LINE('',#4030,#4031);
#4030 = CARTESIAN_POINT('',(-1.259960048171,1.507499933243));
#4031 = VECTOR('',#4032,1.);
#4032 = DIRECTION('',(-1.,0.));
#4033 = ( GEOMETRIC_REPRESENTATION_CONTEXT(2) 
PARAMETRIC_REPRESENTATION_CONTEXT() REPRESENTATION_CONTEXT('2D SPACE',''
  ) );
#4034 = ORIENTED_EDGE('',*,*,#4035,.F.);
#4035 = EDGE_CURVE('',#4036,#4007,#4038,.T.);
#4036 = VERTEX_POINT('',#4037);
#4037 = CARTESIAN_POINT('',(10.552499771118,9.041250228882,
    1.994925593348));
#4038 = SURFACE_CURVE('',#4039,(#4044,#4050),.PCURVE_S1.);
#4039 = CIRCLE('',#4040,0.50250053406);
#4040 = AXIS2_PLACEMENT_3D('',#4041,#4042,#4043);
#4041 = CARTESIAN_POINT('',(10.552499771118,8.538749694824,
    1.994927107812));
#4042 = DIRECTION('',(-1.073896550893E-07,-3.013855083847E-06,
    -0.999999999995));
#4043 = DIRECTION('',(4.543838814073E-28,0.999999999995,
    -3.013855083847E-06));
#4044 = PCURVE('',#4017,#4045);
#4045 = DEFINITIONAL_REPRESENTATION('',(#4046),#4049);
#4046 = B_SPLINE_CURVE_WITH_KNOTS('',1,(#4047,#4048),.UNSPECIFIED.,.F.,
  .F.,(2,2),(0.,1.570796326727),.PIECEWISE_BEZIER_KNOTS.);
#4047 = CARTESIAN_POINT('',(0.,2.516097056628));
#4048 = CARTESIAN_POINT('',(1.570796326727,2.516095596127));
#4049 = ( GEOMETRIC_REPRESENTATION_CONTEXT(2) 
PARAMETRIC_REPRESENTATION_CONTEXT() REPRESENTATION_CONTEXT('2D SPACE',''
  ) );
#4050 = PCURVE('',#71,#4051);
#4051 = DEFINITIONAL_REPRESENTATION('',(#4052),#4060);
#4052 = ( BOUNDED_CURVE() B_SPLINE_CURVE(2,(#4053,#4054,#4055,#4056,
#4057,#4058,#4059),.UNSPECIFIED.,.T.,.F.) B_SPLINE_CURVE_WITH_KNOTS((1,2
    ,2,2,2,1),(-2.094395102393,0.,2.094395102393,4.188790204786,
6.28318530718,8.377580409573),.UNSPECIFIED.) CURVE() 
GEOMETRIC_REPRESENTATION_ITEM() RATIONAL_B_SPLINE_CURVE((1.,0.5,1.,0.5,
1.,0.5,1.)) REPRESENTATION_ITEM('') );
#4053 = CARTESIAN_POINT('',(11.920274390402,11.352991458909));
#4054 = CARTESIAN_POINT('',(12.790630846224,11.352991458908));
#4055 = CARTESIAN_POINT('',(12.355452618313,10.599240657819));
#4056 = CARTESIAN_POINT('',(11.920274390402,9.845489856729));
#4057 = CARTESIAN_POINT('',(11.485096162491,10.599240657819));
#4058 = CARTESIAN_POINT('',(11.04991793458,11.352991458909));
#4059 = CARTESIAN_POINT('',(11.920274390402,11.352991458909));
#4060 = ( GEOMETRIC_REPRESENTATION_CONTEXT(2) 
PARAMETRIC_REPRESENTATION_CONTEXT() REPRESENTATION_CONTEXT('2D SPACE',''
  ) );
#4061 = ORIENTED_EDGE('',*,*,#4062,.F.);
#4062 = EDGE_CURVE('',#4063,#4036,#4065,.T.);
#4063 = VERTEX_POINT('',#4064);
#4064 = CARTESIAN_POINT('',(10.552499771118,9.041250228882,
    4.507422669555));
#4065 = SURFACE_CURVE('',#4066,(#4070,#4076),.PCURVE_S1.);
#4066 = LINE('',#4067,#4068);
#4067 = CARTESIAN_POINT('',(10.552499771118,9.041250228882,
    4.511022649976));
#4068 = VECTOR('',#4069,1.);
#4069 = DIRECTION('',(0.,0.,-1.));
#4070 = PCURVE('',#4017,#4071);
#4071 = DEFINITIONAL_REPRESENTATION('',(#4072),#4075);
#4072 = B_SPLINE_CURVE_WITH_KNOTS('',1,(#4073,#4074),.UNSPECIFIED.,.F.,
  .F.,(2,2),(3.59998042157E-03,2.516097056628),
  .PIECEWISE_BEZIER_KNOTS.);
#4073 = CARTESIAN_POINT('',(0.,3.59998042157E-03));
#4074 = CARTESIAN_POINT('',(0.,2.516097056628));
#4075 = ( GEOMETRIC_REPRESENTATION_CONTEXT(2) 
PARAMETRIC_REPRESENTATION_CONTEXT() REPRESENTATION_CONTEXT('2D SPACE',''
  ) );
#4076 = PCURVE('',#2876,#4077);
#4077 = DEFINITIONAL_REPRESENTATION('',(#4078),#4082);
#4078 = LINE('',#4079,#4080);
#4079 = CARTESIAN_POINT('',(-1.259960048171,0.50250005722));
#4080 = VECTOR('',#4081,1.);
#4081 = DIRECTION('',(1.,0.));
#4082 = ( GEOMETRIC_REPRESENTATION_CONTEXT(2) 
PARAMETRIC_REPRESENTATION_CONTEXT() REPRESENTATION_CONTEXT('2D SPACE',''
  ) );
#4083 = ORIENTED_EDGE('',*,*,#4084,.F.);
#4084 = EDGE_CURVE('',#4009,#4063,#4085,.T.);
#4085 = SURFACE_CURVE('',#4086,(#4091,#4097),.PCURVE_S1.);
#4086 = CIRCLE('',#4087,0.502500534108);
#4087 = AXIS2_PLACEMENT_3D('',#4088,#4089,#4090);
#4088 = CARTESIAN_POINT('',(10.552499771118,8.538749694824,
    4.507420107268));
#4089 = DIRECTION('',(1.325626063659E-05,-5.099072813977E-06,
    0.999999999899));
#4090 = DIRECTION('',(-0.933333553414,0.35901041471,1.420313309194E-05)
  );
#4091 = PCURVE('',#4017,#4092);
#4092 = DEFINITIONAL_REPRESENTATION('',(#4093),#4096);
#4093 = B_SPLINE_CURVE_WITH_KNOTS('',1,(#4094,#4095),.UNSPECIFIED.,.F.,
  .F.,(2,2),(3.508800060832,5.079596387695),.PIECEWISE_BEZIER_KNOTS.);
#4094 = CARTESIAN_POINT('',(1.570796326795,3.60920398643E-03));
#4095 = CARTESIAN_POINT('',(0.,3.599980421567E-03));
#4096 = ( GEOMETRIC_REPRESENTATION_CONTEXT(2) 
PARAMETRIC_REPRESENTATION_CONTEXT() REPRESENTATION_CONTEXT('2D SPACE',''
  ) );
#4097 = PCURVE('',#2636,#4098);
#4098 = DEFINITIONAL_REPRESENTATION('',(#4099),#4103);
#4099 = CIRCLE('',#4100,0.502500534108);
#4100 = AXIS2_PLACEMENT_2D('',#4101,#4102);
#4101 = CARTESIAN_POINT('',(0.502651704267,1.507525115419));
#4102 = DIRECTION('',(-0.93333355352,0.359010414714));
#4103 = ( GEOMETRIC_REPRESENTATION_CONTEXT(2) 
PARAMETRIC_REPRESENTATION_CONTEXT() REPRESENTATION_CONTEXT('2D SPACE',''
  ) );
#4104 = ADVANCED_FACE('',(#4105),#99,.T.);
#4105 = FACE_BOUND('',#4106,.T.);
#4106 = EDGE_LOOP('',(#4107,#4134,#4161,#4182));
#4107 = ORIENTED_EDGE('',*,*,#4108,.F.);
#4108 = EDGE_CURVE('',#4109,#56,#4111,.T.);
#4109 = VERTEX_POINT('',#4110);
#4110 = CARTESIAN_POINT('',(12.060000419617,11.553750038147,
    1.994917859148));
#4111 = SURFACE_CURVE('',#4112,(#4117,#4123),.PCURVE_S1.);
#4112 = CIRCLE('',#4113,0.502499580386);
#4113 = AXIS2_PLACEMENT_3D('',#4114,#4115,#4116);
#4114 = CARTESIAN_POINT('',(12.5625,11.553750038147,1.994917805185));
#4115 = DIRECTION('',(-1.073896550893E-07,-3.013855083847E-06,
    -0.999999999995));
#4116 = DIRECTION('',(-4.543838814073E-28,-0.999999999995,
    3.013855083847E-06));
#4117 = PCURVE('',#99,#4118);
#4118 = DEFINITIONAL_REPRESENTATION('',(#4119),#4122);
#4119 = B_SPLINE_CURVE_WITH_KNOTS('',1,(#4120,#4121),.UNSPECIFIED.,.F.,
  .F.,(2,2),(1.570796326717,3.141592653435),.PIECEWISE_BEZIER_KNOTS.);
#4120 = CARTESIAN_POINT('',(6.28318530718,-4.022265356033));
#4121 = CARTESIAN_POINT('',(4.712388980463,-4.022266924457));
#4122 = ( GEOMETRIC_REPRESENTATION_CONTEXT(2) 
PARAMETRIC_REPRESENTATION_CONTEXT() REPRESENTATION_CONTEXT('2D SPACE',''
  ) );
#4123 = PCURVE('',#71,#4124);
#4124 = DEFINITIONAL_REPRESENTATION('',(#4125),#4133);
#4125 = ( BOUNDED_CURVE() B_SPLINE_CURVE(2,(#4126,#4127,#4128,#4129,
#4130,#4131,#4132),.UNSPECIFIED.,.T.,.F.) B_SPLINE_CURVE_WITH_KNOTS((1,2
    ,2,2,2,1),(-2.094395102393,0.,2.094395102393,4.188790204786,
6.28318530718,8.377580409573),.UNSPECIFIED.) CURVE() 
GEOMETRIC_REPRESENTATION_ITEM() RATIONAL_B_SPLINE_CURVE((1.,0.5,1.,0.5,
1.,0.5,1.)) REPRESENTATION_ITEM('') );
#4126 = CARTESIAN_POINT('',(13.930274619284,13.3629916878));
#4127 = CARTESIAN_POINT('',(13.059919815275,13.3629916878));
#4128 = CARTESIAN_POINT('',(13.49509721728,14.116741058378));
#4129 = CARTESIAN_POINT('',(13.930274619285,14.870490428956));
#4130 = CARTESIAN_POINT('',(14.36545202129,14.116741058378));
#4131 = CARTESIAN_POINT('',(14.800629423294,13.362991687799));
#4132 = CARTESIAN_POINT('',(13.930274619284,13.3629916878));
#4133 = ( GEOMETRIC_REPRESENTATION_CONTEXT(2) 
PARAMETRIC_REPRESENTATION_CONTEXT() REPRESENTATION_CONTEXT('2D SPACE',''
  ) );
#4134 = ORIENTED_EDGE('',*,*,#4135,.F.);
#4135 = EDGE_CURVE('',#4136,#4109,#4138,.T.);
#4136 = VERTEX_POINT('',#4137);
#4137 = CARTESIAN_POINT('',(12.060000419617,11.553750038147,
    6.015036197517));
#4138 = SURFACE_CURVE('',#4139,(#4143,#4149),.PCURVE_S1.);
#4139 = LINE('',#4140,#4141);
#4140 = CARTESIAN_POINT('',(12.060000419617,11.553750038147,
    6.017183215181));
#4141 = VECTOR('',#4142,1.);
#4142 = DIRECTION('',(0.,0.,-1.));
#4143 = PCURVE('',#99,#4144);
#4144 = DEFINITIONAL_REPRESENTATION('',(#4145),#4148);
#4145 = B_SPLINE_CURVE_WITH_KNOTS('',1,(#4146,#4147),.UNSPECIFIED.,.F.,
  .F.,(2,2),(2.14701766378E-03,4.022265356033),
  .PIECEWISE_BEZIER_KNOTS.);
#4146 = CARTESIAN_POINT('',(6.28318530718,-2.14701766378E-03));
#4147 = CARTESIAN_POINT('',(6.28318530718,-4.022265356033));
#4148 = ( GEOMETRIC_REPRESENTATION_CONTEXT(2) 
PARAMETRIC_REPRESENTATION_CONTEXT() REPRESENTATION_CONTEXT('2D SPACE',''
  ) );
#4149 = PCURVE('',#4150,#4155);
#4150 = PLANE('',#4151);
#4151 = AXIS2_PLACEMENT_3D('',#4152,#4153,#4154);
#4152 = CARTESIAN_POINT('',(12.060000419617,-0.104249882698,
    3.602849936485));
#4153 = DIRECTION('',(1.,0.,0.));
#4154 = DIRECTION('',(0.,0.,-1.));
#4155 = DEFINITIONAL_REPRESENTATION('',(#4156),#4160);
#4156 = LINE('',#4157,#4158);
#4157 = CARTESIAN_POINT('',(-2.414333278695,11.657999920845));
#4158 = VECTOR('',#4159,1.);
#4159 = DIRECTION('',(1.,0.));
#4160 = ( GEOMETRIC_REPRESENTATION_CONTEXT(2) 
PARAMETRIC_REPRESENTATION_CONTEXT() REPRESENTATION_CONTEXT('2D SPACE',''
  ) );
#4161 = ORIENTED_EDGE('',*,*,#4162,.F.);
#4162 = EDGE_CURVE('',#84,#4136,#4163,.T.);
#4163 = SURFACE_CURVE('',#4164,(#4169,#4175),.PCURVE_S1.);
#4164 = CIRCLE('',#4165,0.502499581013);
#4165 = AXIS2_PLACEMENT_3D('',#4166,#4167,#4168);
#4166 = CARTESIAN_POINT('',(12.5625,11.553750038147,6.015011104295));
#4167 = DIRECTION('',(4.993680207772E-05,-3.395646011589E-06,
    0.999999998747));
#4168 = DIRECTION('',(-0.997696062526,6.78422015811E-02,
    5.005211897198E-05));
#4169 = PCURVE('',#99,#4170);
#4170 = DEFINITIONAL_REPRESENTATION('',(#4171),#4174);
#4171 = B_SPLINE_CURVE_WITH_KNOTS('',1,(#4172,#4173),.UNSPECIFIED.,.F.,
  .F.,(2,2),(4.780283331567,6.351079658192),.PIECEWISE_BEZIER_KNOTS.);
#4172 = CARTESIAN_POINT('',(4.712388980385,-2.1704045752E-03));
#4173 = CARTESIAN_POINT('',(6.28318530718,-2.147017663778E-03));
#4174 = ( GEOMETRIC_REPRESENTATION_CONTEXT(2) 
PARAMETRIC_REPRESENTATION_CONTEXT() REPRESENTATION_CONTEXT('2D SPACE',''
  ) );
#4175 = PCURVE('',#124,#4176);
#4176 = DEFINITIONAL_REPRESENTATION('',(#4177),#4181);
#4177 = CIRCLE('',#4178,0.502499581013);
#4178 = AXIS2_PLACEMENT_2D('',#4179,#4180);
#4179 = CARTESIAN_POINT('',(-0.251047394422,11.557550713889));
#4180 = DIRECTION('',(-0.997696063781,6.784220158149E-02));
#4181 = ( GEOMETRIC_REPRESENTATION_CONTEXT(2) 
PARAMETRIC_REPRESENTATION_CONTEXT() REPRESENTATION_CONTEXT('2D SPACE',''
  ) );
#4182 = ORIENTED_EDGE('',*,*,#83,.T.);
#4183 = ADVANCED_FACE('',(#4184),#275,.T.);
#4184 = FACE_BOUND('',#4185,.T.);
#4185 = EDGE_LOOP('',(#4186,#4187,#4210,#4232));
#4186 = ORIENTED_EDGE('',*,*,#252,.T.);
#4187 = ORIENTED_EDGE('',*,*,#4188,.F.);
#4188 = EDGE_CURVE('',#4189,#255,#4191,.T.);
#4189 = VERTEX_POINT('',#4190);
#4190 = CARTESIAN_POINT('',(12.060000419617,-11.561624803,6.014957705886
    ));
#4191 = SURFACE_CURVE('',#4192,(#4197,#4203),.PCURVE_S1.);
#4192 = CIRCLE('',#4193,0.501937503769);
#4193 = AXIS2_PLACEMENT_3D('',#4194,#4195,#4196);
#4194 = CARTESIAN_POINT('',(12.561937920731,-11.56162480067,
    6.014932640733));
#4195 = DIRECTION('',(4.993680207772E-05,-3.395646011589E-06,
    0.999999998747));
#4196 = DIRECTION('',(-0.485559968965,-0.87420336083,2.127882693822E-05)
  );
#4197 = PCURVE('',#275,#4198);
#4198 = DEFINITIONAL_REPRESENTATION('',(#4199),#4202);
#4199 = B_SPLINE_CURVE_WITH_KNOTS('',1,(#4200,#4201),.UNSPECIFIED.,.F.,
  .F.,(2,2),(5.219392587098,6.789441936348),.PIECEWISE_BEZIER_KNOTS.);
#4200 = CARTESIAN_POINT('',(0.,4.021903209518));
#4201 = CARTESIAN_POINT('',(1.570049353737,4.021923290438));
#4202 = ( GEOMETRIC_REPRESENTATION_CONTEXT(2) 
PARAMETRIC_REPRESENTATION_CONTEXT() REPRESENTATION_CONTEXT('2D SPACE',''
  ) );
#4203 = PCURVE('',#124,#4204);
#4204 = DEFINITIONAL_REPRESENTATION('',(#4205),#4209);
#4205 = CIRCLE('',#4206,0.501937503769);
#4206 = AXIS2_PLACEMENT_2D('',#4207,#4208);
#4207 = CARTESIAN_POINT('',(-0.251609469772,-11.55782412506));
#4208 = DIRECTION('',(-0.485559969422,-0.874203360835));
#4209 = ( GEOMETRIC_REPRESENTATION_CONTEXT(2) 
PARAMETRIC_REPRESENTATION_CONTEXT() REPRESENTATION_CONTEXT('2D SPACE',''
  ) );
#4210 = ORIENTED_EDGE('',*,*,#4211,.F.);
#4211 = EDGE_CURVE('',#4212,#4189,#4214,.T.);
#4212 = VERTEX_POINT('',#4213);
#4213 = CARTESIAN_POINT('',(12.060000419617,-11.5612497318,
    1.994987524408));
#4214 = SURFACE_CURVE('',#4215,(#4219,#4225),.PCURVE_S1.);
#4215 = LINE('',#4216,#4217);
#4216 = CARTESIAN_POINT('',(12.060000419617,-11.56124955145,
    1.993054513874));
#4217 = VECTOR('',#4218,1.);
#4218 = DIRECTION('',(0.,-9.330198555981E-05,0.999999995647));
#4219 = PCURVE('',#275,#4220);
#4220 = DEFINITIONAL_REPRESENTATION('',(#4221),#4224);
#4221 = B_SPLINE_CURVE_WITH_KNOTS('',1,(#4222,#4223),.UNSPECIFIED.,.F.,
  .F.,(2,2),(1.933010542024E-03,4.021903209518),
  .PIECEWISE_BEZIER_KNOTS.);
#4222 = CARTESIAN_POINT('',(0.,1.933010542024E-03));
#4223 = CARTESIAN_POINT('',(0.,4.021903209518));
#4224 = ( GEOMETRIC_REPRESENTATION_CONTEXT(2) 
PARAMETRIC_REPRESENTATION_CONTEXT() REPRESENTATION_CONTEXT('2D SPACE',''
  ) );
#4225 = PCURVE('',#4150,#4226);
#4226 = DEFINITIONAL_REPRESENTATION('',(#4227),#4231);
#4227 = LINE('',#4228,#4229);
#4228 = CARTESIAN_POINT('',(1.609795422611,-11.45699966875));
#4229 = VECTOR('',#4230,1.);
#4230 = DIRECTION('',(-0.999999995647,-9.330198555981E-05));
#4231 = ( GEOMETRIC_REPRESENTATION_CONTEXT(2) 
PARAMETRIC_REPRESENTATION_CONTEXT() REPRESENTATION_CONTEXT('2D SPACE',''
  ) );
#4232 = ORIENTED_EDGE('',*,*,#4233,.F.);
#4233 = EDGE_CURVE('',#253,#4212,#4234,.T.);
#4234 = SURFACE_CURVE('',#4235,(#4240,#4246),.PCURVE_S1.);
#4235 = CIRCLE('',#4236,0.501937503442);
#4236 = AXIS2_PLACEMENT_3D('',#4237,#4238,#4239);
#4237 = CARTESIAN_POINT('',(12.561937920731,-11.5612497318,
    1.994987470505));
#4238 = DIRECTION('',(-1.073896550893E-07,-3.013855083847E-06,
    -0.999999999995));
#4239 = DIRECTION('',(6.563322731439E-28,-0.999999999995,
    3.013855083847E-06));
#4240 = PCURVE('',#275,#4241);
#4241 = DEFINITIONAL_REPRESENTATION('',(#4242),#4245);
#4242 = B_SPLINE_CURVE_WITH_KNOTS('',1,(#4243,#4244),.UNSPECIFIED.,.F.,
  .F.,(2,2),(7.469730540076E-04,1.570796326785),
  .PIECEWISE_BEZIER_KNOTS.);
#4243 = CARTESIAN_POINT('',(1.570049353737,1.981301198498E-03));
#4244 = CARTESIAN_POINT('',(0.,1.933010542029E-03));
#4245 = ( GEOMETRIC_REPRESENTATION_CONTEXT(2) 
PARAMETRIC_REPRESENTATION_CONTEXT() REPRESENTATION_CONTEXT('2D SPACE',''
  ) );
#4246 = PCURVE('',#71,#4247);
#4247 = DEFINITIONAL_REPRESENTATION('',(#4248),#4256);
#4248 = ( BOUNDED_CURVE() B_SPLINE_CURVE(2,(#4249,#4250,#4251,#4252,
#4253,#4254,#4255),.UNSPECIFIED.,.T.,.F.) B_SPLINE_CURVE_WITH_KNOTS((1,2
    ,2,2,2,1),(-2.094395102393,0.,2.094395102393,4.188790204786,
6.28318530718,8.377580409573),.UNSPECIFIED.) CURVE() 
GEOMETRIC_REPRESENTATION_ITEM() RATIONAL_B_SPLINE_CURVE((1.,0.5,1.,0.5,
1.,0.5,1.)) REPRESENTATION_ITEM('') );
#4249 = CARTESIAN_POINT('',(13.929712540008,-9.751446005311));
#4250 = CARTESIAN_POINT('',(13.060331281821,-9.751446005311));
#4251 = CARTESIAN_POINT('',(13.495021910915,-8.998539750147));
#4252 = CARTESIAN_POINT('',(13.929712540008,-8.245633494983));
#4253 = CARTESIAN_POINT('',(14.364403169102,-8.998539750147));
#4254 = CARTESIAN_POINT('',(14.799093798195,-9.751446005311));
#4255 = CARTESIAN_POINT('',(13.929712540008,-9.751446005311));
#4256 = ( GEOMETRIC_REPRESENTATION_CONTEXT(2) 
PARAMETRIC_REPRESENTATION_CONTEXT() REPRESENTATION_CONTEXT('2D SPACE',''
  ) );
#4257 = ADVANCED_FACE('',(#4258),#325,.T.);
#4258 = FACE_BOUND('',#4259,.T.);
#4259 = EDGE_LOOP('',(#4260,#4284,#4285,#4307,#4328,#4329));
#4260 = ORIENTED_EDGE('',*,*,#4261,.T.);
#4261 = EDGE_CURVE('',#4262,#4264,#4266,.T.);
#4262 = VERTEX_POINT('',#4263);
#4263 = CARTESIAN_POINT('',(13.567240425999,-11.5727298736,
    2.002006330683));
#4264 = VERTEX_POINT('',#4265);
#4265 = CARTESIAN_POINT('',(13.567487228653,-11.56199928214,
    1.995000004549));
#4266 = SURFACE_CURVE('',#4267,(#4272,#4278),.PCURVE_S1.);
#4267 = B_SPLINE_CURVE_WITH_KNOTS('',3,(#4268,#4269,#4270,#4271),
  .UNSPECIFIED.,.F.,.F.,(4,4),(1.174335507437E-04,4.020000876534),
  .PIECEWISE_BEZIER_KNOTS.);
#4268 = CARTESIAN_POINT('',(13.567418517424,-11.56124976915,
    6.01488243152));
#4269 = CARTESIAN_POINT('',(13.567442274636,-11.56149858099,
    4.674921622559));
#4270 = CARTESIAN_POINT('',(13.567465180016,-11.56174841956,
    3.334960813568));
#4271 = CARTESIAN_POINT('',(13.567487228653,-11.56199928214,
    1.995000004549));
#4272 = PCURVE('',#325,#4273);
#4273 = DEFINITIONAL_REPRESENTATION('',(#4274),#4277);
#4274 = B_SPLINE_CURVE_WITH_KNOTS('',1,(#4275,#4276),.UNSPECIFIED.,.F.,
  .F.,(2,2),(4.005062005186,4.020000876534),.PIECEWISE_BEZIER_KNOTS.);
#4275 = CARTESIAN_POINT('',(-0.783070159078,4.004972013755));
#4276 = CARTESIAN_POINT('',(-0.783058304745,4.019910879968));
#4277 = ( GEOMETRIC_REPRESENTATION_CONTEXT(2) 
PARAMETRIC_REPRESENTATION_CONTEXT() REPRESENTATION_CONTEXT('2D SPACE',''
  ) );
#4278 = PCURVE('',#325,#4279);
#4279 = DEFINITIONAL_REPRESENTATION('',(#4280),#4283);
#4280 = B_SPLINE_CURVE_WITH_KNOTS('',1,(#4281,#4282),.UNSPECIFIED.,.F.,
  .F.,(2,2),(4.005062005186,4.020000876534),.PIECEWISE_BEZIER_KNOTS.);
#4281 = CARTESIAN_POINT('',(-0.783070159078,4.004972013755));
#4282 = CARTESIAN_POINT('',(-0.783058304745,4.019910879968));
#4283 = ( GEOMETRIC_REPRESENTATION_CONTEXT(2) 
PARAMETRIC_REPRESENTATION_CONTEXT() REPRESENTATION_CONTEXT('2D SPACE',''
  ) );
#4284 = ORIENTED_EDGE('',*,*,#4261,.F.);
#4285 = ORIENTED_EDGE('',*,*,#4286,.F.);
#4286 = EDGE_CURVE('',#4287,#4262,#4289,.T.);
#4287 = VERTEX_POINT('',#4288);
#4288 = CARTESIAN_POINT('',(13.567418517424,-11.56124976915,
    6.01488243152));
#4289 = SURFACE_CURVE('',#4290,(#4295,#4301),.PCURVE_S1.);
#4290 = B_SPLINE_CURVE_WITH_KNOTS('',3,(#4291,#4292,#4293,#4294),
  .UNSPECIFIED.,.F.,.F.,(4,4),(1.174335507437E-04,4.020000876534),
  .PIECEWISE_BEZIER_KNOTS.);
#4291 = CARTESIAN_POINT('',(13.567418517424,-11.56124976915,
    6.01488243152));
#4292 = CARTESIAN_POINT('',(13.567442274636,-11.56149858099,
    4.674921622559));
#4293 = CARTESIAN_POINT('',(13.567465180016,-11.56174841956,
    3.334960813568));
#4294 = CARTESIAN_POINT('',(13.567487228653,-11.56199928214,
    1.995000004549));
#4295 = PCURVE('',#325,#4296);
#4296 = DEFINITIONAL_REPRESENTATION('',(#4297),#4300);
#4297 = B_SPLINE_CURVE_WITH_KNOTS('',1,(#4298,#4299),.UNSPECIFIED.,.F.,
  .F.,(2,2),(1.174335507437E-04,4.005062005186),
  .PIECEWISE_BEZIER_KNOTS.);
#4298 = CARTESIAN_POINT('',(-0.786248173377,2.881854357711E-05));
#4299 = CARTESIAN_POINT('',(-0.783070159078,4.004972013755));
#4300 = ( GEOMETRIC_REPRESENTATION_CONTEXT(2) 
PARAMETRIC_REPRESENTATION_CONTEXT() REPRESENTATION_CONTEXT('2D SPACE',''
  ) );
#4301 = PCURVE('',#3125,#4302);
#4302 = DEFINITIONAL_REPRESENTATION('',(#4303),#4306);
#4303 = B_SPLINE_CURVE_WITH_KNOTS('',1,(#4304,#4305),.UNSPECIFIED.,.F.,
  .F.,(2,2),(1.174335507437E-04,4.005062005186),
  .PIECEWISE_BEZIER_KNOTS.);
#4304 = CARTESIAN_POINT('',(2.223679497078E-05,3.71491334246));
#4305 = CARTESIAN_POINT('',(2.982517669719E-05,0.50885891072));
#4306 = ( GEOMETRIC_REPRESENTATION_CONTEXT(2) 
PARAMETRIC_REPRESENTATION_CONTEXT() REPRESENTATION_CONTEXT('2D SPACE',''
  ) );
#4307 = ORIENTED_EDGE('',*,*,#4308,.F.);
#4308 = EDGE_CURVE('',#310,#4287,#4309,.T.);
#4309 = SURFACE_CURVE('',#4310,(#4315,#4321),.PCURVE_S1.);
#4310 = CIRCLE('',#4311,0.502402906134);
#4311 = AXIS2_PLACEMENT_3D('',#4312,#4313,#4314);
#4312 = CARTESIAN_POINT('',(13.065015630731,-11.56133819937,
    6.014907519614));
#4313 = DIRECTION('',(4.993680207772E-05,-3.395646011589E-06,
    0.999999998747));
#4314 = DIRECTION('',(-0.635736441648,0.771906196101,3.436776509933E-05)
  );
#4315 = PCURVE('',#325,#4316);
#4316 = DEFINITIONAL_REPRESENTATION('',(#4317),#4320);
#4317 = B_SPLINE_CURVE_WITH_KNOTS('',1,(#4318,#4319),.UNSPECIFIED.,.F.,
  .F.,(2,2),(2.451106484176,4.023602792209),.PIECEWISE_BEZIER_KNOTS.);
#4318 = CARTESIAN_POINT('',(0.78624826269,1.036088309711E-05));
#4319 = CARTESIAN_POINT('',(-0.786248173377,2.881854432274E-05));
#4320 = ( GEOMETRIC_REPRESENTATION_CONTEXT(2) 
PARAMETRIC_REPRESENTATION_CONTEXT() REPRESENTATION_CONTEXT('2D SPACE',''
  ) );
#4321 = PCURVE('',#124,#4322);
#4322 = DEFINITIONAL_REPRESENTATION('',(#4323),#4327);
#4323 = CIRCLE('',#4324,0.502402906134);
#4324 = AXIS2_PLACEMENT_2D('',#4325,#4326);
#4325 = CARTESIAN_POINT('',(0.251468240855,-11.55753752376));
#4326 = DIRECTION('',(-0.635736442572,0.771906196106));
#4327 = ( GEOMETRIC_REPRESENTATION_CONTEXT(2) 
PARAMETRIC_REPRESENTATION_CONTEXT() REPRESENTATION_CONTEXT('2D SPACE',''
  ) );
#4328 = ORIENTED_EDGE('',*,*,#309,.T.);
#4329 = ORIENTED_EDGE('',*,*,#4330,.F.);
#4330 = EDGE_CURVE('',#4262,#287,#4331,.T.);
#4331 = SURFACE_CURVE('',#4332,(#4337,#4343),.PCURVE_S1.);
#4332 = CIRCLE('',#4333,0.503368398576);
#4333 = AXIS2_PLACEMENT_3D('',#4334,#4335,#4336);
#4334 = CARTESIAN_POINT('',(13.064121128109,-11.56048219686,
    1.994987414262));
#4335 = DIRECTION('',(-1.073896550893E-07,-3.013855083847E-06,
    -0.999999999995));
#4336 = DIRECTION('',(-0.717441041644,0.696619230112,-2.022463662178E-06
    ));
#4337 = PCURVE('',#325,#4338);
#4338 = DEFINITIONAL_REPRESENTATION('',(#4339),#4342);
#4339 = B_SPLINE_CURVE_WITH_KNOTS('',1,(#4340,#4341),.UNSPECIFIED.,.F.,
  .F.,(2,2),(2.415583044901,3.93996909503),.PIECEWISE_BEZIER_KNOTS.);
#4340 = CARTESIAN_POINT('',(-0.741407389782,4.019919104861));
#4341 = CARTESIAN_POINT('',(0.782978810977,4.019926900737));
#4342 = ( GEOMETRIC_REPRESENTATION_CONTEXT(2) 
PARAMETRIC_REPRESENTATION_CONTEXT() REPRESENTATION_CONTEXT('2D SPACE',''
  ) );
#4343 = PCURVE('',#71,#4344);
#4344 = DEFINITIONAL_REPRESENTATION('',(#4345),#4353);
#4345 = ( BOUNDED_CURVE() B_SPLINE_CURVE(2,(#4346,#4347,#4348,#4349,
#4350,#4351,#4352),.UNSPECIFIED.,.T.,.F.) B_SPLINE_CURVE_WITH_KNOTS((1,2
    ,2,2,2,1),(-2.094395102393,0.,2.094395102393,4.188790204786,
6.28318530718,8.377580409573),.UNSPECIFIED.) CURVE() 
GEOMETRIC_REPRESENTATION_ITEM() RATIONAL_B_SPLINE_CURVE((1.,0.5,1.,0.5,
1.,0.5,1.)) REPRESENTATION_ITEM('') );
#4346 = CARTESIAN_POINT('',(14.070758599181,-8.898084860653));
#4347 = CARTESIAN_POINT('',(14.678112791243,-8.272576971462));
#4348 = CARTESIAN_POINT('',(14.916141417519,-9.111315075478));
#4349 = CARTESIAN_POINT('',(15.154170043796,-9.950053179494));
#4350 = CARTESIAN_POINT('',(14.308787225458,-9.736822964669));
#4351 = CARTESIAN_POINT('',(13.463404407119,-9.523592749844));
#4352 = CARTESIAN_POINT('',(14.070758599181,-8.898084860653));
#4353 = ( GEOMETRIC_REPRESENTATION_CONTEXT(2) 
PARAMETRIC_REPRESENTATION_CONTEXT() REPRESENTATION_CONTEXT('2D SPACE',''
  ) );
#4354 = ADVANCED_FACE('',(#4355),#4370,.T.);
#4355 = FACE_BOUND('',#4356,.T.);
#4356 = EDGE_LOOP('',(#4357,#4386,#4409,#4430));
#4357 = ORIENTED_EDGE('',*,*,#4358,.F.);
#4358 = EDGE_CURVE('',#4359,#4361,#4363,.T.);
#4359 = VERTEX_POINT('',#4360);
#4360 = CARTESIAN_POINT('',(13.567434411867,-13.06875038324,
    1.994991905913));
#4361 = VERTEX_POINT('',#4362);
#4362 = CARTESIAN_POINT('',(13.567464360608,-13.06875037688,
    -1.507747958321E-02));
#4363 = SURFACE_CURVE('',#4364,(#4369,#4380),.PCURVE_S1.);
#4364 = B_SPLINE_CURVE_WITH_KNOTS('',3,(#4365,#4366,#4367,#4368),
  .UNSPECIFIED.,.F.,.F.,(4,4),(6.483214494824E-06,1.609278284682),
  .PIECEWISE_BEZIER_KNOTS.);
#4365 = CARTESIAN_POINT('',(13.567434411832,-13.06875038324,
    1.994991905913));
#4366 = CARTESIAN_POINT('',(13.56744740534,-13.06875038291,
    1.324994603862));
#4367 = CARTESIAN_POINT('',(13.56746116299,-13.06875038257,
    0.654997301826));
#4368 = CARTESIAN_POINT('',(13.567475684765,-13.0687503822,
    -1.500000019422E-02));
#4369 = PCURVE('',#4370,#4375);
#4370 = CONICAL_SURFACE('',#4371,0.502748071983,1.518440409536E-04);
#4371 = AXIS2_PLACEMENT_3D('',#4372,#4373,#4374);
#4372 = CARTESIAN_POINT('',(13.06470088081,-13.06857374582,
    -1.895130999411E-02));
#4373 = DIRECTION('',(-1.302014124361E-04,1.03998782519E-04,
    -0.999999986116));
#4374 = DIRECTION('',(0.999999991524,-2.977850205191E-23,
    -1.302014131403E-04));
#4375 = DEFINITIONAL_REPRESENTATION('',(#4376),#4379);
#4376 = B_SPLINE_CURVE_WITH_KNOTS('',1,(#4377,#4378),.UNSPECIFIED.,.F.,
  .F.,(2,2),(6.483214494824E-06,1.609278284682),
  .PIECEWISE_BEZIER_KNOTS.);
#4377 = CARTESIAN_POINT('',(-6.531125161491E-05,-2.01400865852));
#4378 = CARTESIAN_POINT('',(3.504925341993E-04,-4.016786026979E-03));
#4379 = ( GEOMETRIC_REPRESENTATION_CONTEXT(2) 
PARAMETRIC_REPRESENTATION_CONTEXT() REPRESENTATION_CONTEXT('2D SPACE',''
  ) );
#4380 = PCURVE('',#3125,#4381);
#4381 = DEFINITIONAL_REPRESENTATION('',(#4382),#4385);
#4382 = B_SPLINE_CURVE_WITH_KNOTS('',1,(#4383,#4384),.UNSPECIFIED.,.F.,
  .F.,(2,2),(6.483214494824E-06,1.609278284682),
  .PIECEWISE_BEZIER_KNOTS.);
#4383 = CARTESIAN_POINT('',(3.366753375059E-05,1.399665102806));
#4384 = CARTESIAN_POINT('',(3.747502475402E-05,-0.209606698658));
#4385 = ( GEOMETRIC_REPRESENTATION_CONTEXT(2) 
PARAMETRIC_REPRESENTATION_CONTEXT() REPRESENTATION_CONTEXT('2D SPACE',''
  ) );
#4386 = ORIENTED_EDGE('',*,*,#4387,.F.);
#4387 = EDGE_CURVE('',#4388,#4359,#4390,.T.);
#4388 = VERTEX_POINT('',#4389);
#4389 = CARTESIAN_POINT('',(13.064999580383,-13.57124996184,
    1.994993474187));
#4390 = SURFACE_CURVE('',#4391,(#4396,#4402),.PCURVE_S1.);
#4391 = CIRCLE('',#4392,0.502442273821);
#4392 = AXIS2_PLACEMENT_3D('',#4393,#4394,#4395);
#4393 = CARTESIAN_POINT('',(13.064963089147,-13.0687831853,
    1.994991959972));
#4394 = DIRECTION('',(1.073896550893E-07,3.013855083847E-06,
    0.999999999995));
#4395 = DIRECTION('',(-0.772290134834,0.635269980115,-1.831675687984E-06
    ));
#4396 = PCURVE('',#4370,#4397);
#4397 = DEFINITIONAL_REPRESENTATION('',(#4398),#4401);
#4398 = B_SPLINE_CURVE_WITH_KNOTS('',1,(#4399,#4400),.UNSPECIFIED.,.F.,
  .F.,(2,2),(2.259227004562,3.830015988652),.PIECEWISE_BEZIER_KNOTS.);
#4399 = CARTESIAN_POINT('',(1.570723722763,-2.013997070345));
#4400 = CARTESIAN_POINT('',(-6.531125254661E-05,-2.014008659152));
#4401 = ( GEOMETRIC_REPRESENTATION_CONTEXT(2) 
PARAMETRIC_REPRESENTATION_CONTEXT() REPRESENTATION_CONTEXT('2D SPACE',''
  ) );
#4402 = PCURVE('',#71,#4403);
#4403 = DEFINITIONAL_REPRESENTATION('',(#4404),#4408);
#4404 = CIRCLE('',#4405,0.502442273821);
#4405 = AXIS2_PLACEMENT_2D('',#4406,#4407);
#4406 = CARTESIAN_POINT('',(14.432737708424,-10.75704195538));
#4407 = DIRECTION('',(-0.772290134834,0.635269980118));
#4408 = ( GEOMETRIC_REPRESENTATION_CONTEXT(2) 
PARAMETRIC_REPRESENTATION_CONTEXT() REPRESENTATION_CONTEXT('2D SPACE',''
  ) );
#4409 = ORIENTED_EDGE('',*,*,#4410,.F.);
#4410 = EDGE_CURVE('',#4411,#4388,#4413,.T.);
#4411 = VERTEX_POINT('',#4412);
#4412 = CARTESIAN_POINT('',(13.064999580383,-13.57124996185,
    -1.518269208132E-02));
#4413 = SURFACE_CURVE('',#4414,(#4418,#4424),.PCURVE_S1.);
#4414 = LINE('',#4415,#4416);
#4415 = CARTESIAN_POINT('',(13.064999580383,-13.57124996185,
    -1.499999966472E-02));
#4416 = VECTOR('',#4417,1.);
#4417 = DIRECTION('',(0.,0.,1.));
#4418 = PCURVE('',#4370,#4419);
#4419 = DEFINITIONAL_REPRESENTATION('',(#4420),#4423);
#4420 = B_SPLINE_CURVE_WITH_KNOTS('',1,(#4421,#4422),.UNSPECIFIED.,.F.,
  .F.,(2,2),(-1.826924165924E-04,2.009993473852),
  .PIECEWISE_BEZIER_KNOTS.);
#4421 = CARTESIAN_POINT('',(1.570203083907,-3.820945335338E-03));
#4422 = CARTESIAN_POINT('',(1.570723722762,-2.013997069104));
#4423 = ( GEOMETRIC_REPRESENTATION_CONTEXT(2) 
PARAMETRIC_REPRESENTATION_CONTEXT() REPRESENTATION_CONTEXT('2D SPACE',''
  ) );
#4424 = PCURVE('',#1584,#4425);
#4425 = DEFINITIONAL_REPRESENTATION('',(#4426),#4429);
#4426 = B_SPLINE_CURVE_WITH_KNOTS('',1,(#4427,#4428),.UNSPECIFIED.,.F.,
  .F.,(2,2),(-1.826924165924E-04,2.009993473852),
  .PIECEWISE_BEZIER_KNOTS.);
#4427 = CARTESIAN_POINT('',(-7.527320569167E-05,25.401140720797));
#4428 = CARTESIAN_POINT('',(-4.663496538893E-05,25.903265886321));
#4429 = ( GEOMETRIC_REPRESENTATION_CONTEXT(2) 
PARAMETRIC_REPRESENTATION_CONTEXT() REPRESENTATION_CONTEXT('2D SPACE',''
  ) );
#4430 = ORIENTED_EDGE('',*,*,#4431,.F.);
#4431 = EDGE_CURVE('',#4361,#4411,#4432,.T.);
#4432 = SURFACE_CURVE('',#4433,(#4438,#4444),.PCURVE_S1.);
#4433 = CIRCLE('',#4434,0.502747506487);
#4434 = AXIS2_PLACEMENT_3D('',#4435,#4436,#4437);
#4435 = CARTESIAN_POINT('',(13.06470136178,-13.06857412988,
    -1.518242273886E-02));
#4436 = DIRECTION('',(-2.553078841397E-06,5.34302746143E-07,
    -0.999999999997));
#4437 = DIRECTION('',(-0.776857417333,0.629676546434,2.319816142924E-06)
  );
#4438 = PCURVE('',#4370,#4439);
#4439 = DEFINITIONAL_REPRESENTATION('',(#4440),#4443);
#4440 = B_SPLINE_CURVE_WITH_KNOTS('',1,(#4441,#4442),.UNSPECIFIED.,.F.,
  .F.,(2,2),(2.460806430578,4.030658938475),.PIECEWISE_BEZIER_KNOTS.);
#4441 = CARTESIAN_POINT('',(3.505277217837E-04,-3.833080417306E-03));
#4442 = CARTESIAN_POINT('',(1.570203083904,-3.820941877456E-03));
#4443 = ( GEOMETRIC_REPRESENTATION_CONTEXT(2) 
PARAMETRIC_REPRESENTATION_CONTEXT() REPRESENTATION_CONTEXT('2D SPACE',''
  ) );
#4444 = PCURVE('',#1547,#4445);
#4445 = DEFINITIONAL_REPRESENTATION('',(#4446),#4454);
#4446 = ( BOUNDED_CURVE() B_SPLINE_CURVE(2,(#4447,#4448,#4449,#4450,
#4451,#4452,#4453),.UNSPECIFIED.,.T.,.F.) B_SPLINE_CURVE_WITH_KNOTS((1,2
    ,2,2,2,1),(-2.094395102393,0.,2.094395102393,4.188790204786,
6.28318530718,8.377580409573),.UNSPECIFIED.) CURVE() 
GEOMETRIC_REPRESENTATION_ITEM() RATIONAL_B_SPLINE_CURVE((1.,0.5,1.,0.5,
1.,0.5,1.)) REPRESENTATION_ITEM('') );
#4447 = CARTESIAN_POINT('',(12.586796986117,-13.03516956636));
#4448 = CARTESIAN_POINT('',(13.135109389362,-12.35869438257));
#4449 = CARTESIAN_POINT('',(13.446797881932,-13.17178444489));
#4450 = CARTESIAN_POINT('',(13.758486374502,-13.9848745072));
#4451 = CARTESIAN_POINT('',(12.898485478687,-13.84825962868));
#4452 = CARTESIAN_POINT('',(12.038484582873,-13.71164475015));
#4453 = CARTESIAN_POINT('',(12.586796986117,-13.03516956636));
#4454 = ( GEOMETRIC_REPRESENTATION_CONTEXT(2) 
PARAMETRIC_REPRESENTATION_CONTEXT() REPRESENTATION_CONTEXT('2D SPACE',''
  ) );
#4455 = ADVANCED_FACE('',(#4456),#4470,.T.);
#4456 = FACE_BOUND('',#4457,.T.);
#4457 = EDGE_LOOP('',(#4458,#4487,#4514,#4536));
#4458 = ORIENTED_EDGE('',*,*,#4459,.F.);
#4459 = EDGE_CURVE('',#4460,#4462,#4464,.T.);
#4460 = VERTEX_POINT('',#4461);
#4461 = CARTESIAN_POINT('',(-9.548250198364,9.041250228882,
    4.507463663267));
#4462 = VERTEX_POINT('',#4463);
#4463 = CARTESIAN_POINT('',(-9.548250198364,9.041250228882,
    1.994927751961));
#4464 = SURFACE_CURVE('',#4465,(#4469,#4480),.PCURVE_S1.);
#4465 = LINE('',#4466,#4467);
#4466 = CARTESIAN_POINT('',(-9.548250198364,9.041250228882,
    1.991471381508));
#4467 = VECTOR('',#4468,1.);
#4468 = DIRECTION('',(0.,0.,-1.));
#4469 = PCURVE('',#4470,#4475);
#4470 = CYLINDRICAL_SURFACE('',#4471,0.50325012207);
#4471 = AXIS2_PLACEMENT_3D('',#4472,#4473,#4474);
#4472 = CARTESIAN_POINT('',(-9.548250198364,8.538000106812,
    1.991471381508));
#4473 = DIRECTION('',(0.,0.,-1.));
#4474 = DIRECTION('',(1.,0.,0.));
#4475 = DEFINITIONAL_REPRESENTATION('',(#4476),#4479);
#4476 = B_SPLINE_CURVE_WITH_KNOTS('',1,(#4477,#4478),.UNSPECIFIED.,.F.,
  .F.,(2,2),(-2.515992281759,-3.45637045331E-03),
  .PIECEWISE_BEZIER_KNOTS.);
#4477 = CARTESIAN_POINT('',(4.712388980385,-2.515992281759));
#4478 = CARTESIAN_POINT('',(4.712388980385,-3.45637045331E-03));
#4479 = ( GEOMETRIC_REPRESENTATION_CONTEXT(2) 
PARAMETRIC_REPRESENTATION_CONTEXT() REPRESENTATION_CONTEXT('2D SPACE',''
  ) );
#4480 = PCURVE('',#2119,#4481);
#4481 = DEFINITIONAL_REPRESENTATION('',(#4482),#4486);
#4482 = LINE('',#4483,#4484);
#4483 = CARTESIAN_POINT('',(1.259778706707,0.501936912537));
#4484 = VECTOR('',#4485,1.);
#4485 = DIRECTION('',(1.,0.));
#4486 = ( GEOMETRIC_REPRESENTATION_CONTEXT(2) 
PARAMETRIC_REPRESENTATION_CONTEXT() REPRESENTATION_CONTEXT('2D SPACE',''
  ) );
#4487 = ORIENTED_EDGE('',*,*,#4488,.F.);
#4488 = EDGE_CURVE('',#4489,#4460,#4491,.T.);
#4489 = VERTEX_POINT('',#4490);
#4490 = CARTESIAN_POINT('',(-9.045000076294,8.538000106812,
    4.507524732532));
#4491 = SURFACE_CURVE('',#4492,(#4497,#4503),.PCURVE_S1.);
#4492 = CIRCLE('',#4493,0.503250126001);
#4493 = AXIS2_PLACEMENT_3D('',#4494,#4495,#4496);
#4494 = CARTESIAN_POINT('',(-9.548250198364,8.538000106812,
    4.507461857369));
#4495 = DIRECTION('',(-1.249381965714E-04,-3.588469592031E-06,
    0.999999992189));
#4496 = DIRECTION('',(0.999587771792,2.871011775851E-02,
    1.249897198834E-04));
#4497 = PCURVE('',#4470,#4498);
#4498 = DEFINITIONAL_REPRESENTATION('',(#4499),#4502);
#4499 = B_SPLINE_CURVE_WITH_KNOTS('',1,(#4500,#4501),.UNSPECIFIED.,.F.,
  .F.,(2,2),(6.254471243805,7.825267570152),.PIECEWISE_BEZIER_KNOTS.);
#4500 = CARTESIAN_POINT('',(6.28318530718,-2.516053351024));
#4501 = CARTESIAN_POINT('',(4.712388980385,-2.515992281759));
#4502 = ( GEOMETRIC_REPRESENTATION_CONTEXT(2) 
PARAMETRIC_REPRESENTATION_CONTEXT() REPRESENTATION_CONTEXT('2D SPACE',''
  ) );
#4503 = PCURVE('',#2088,#4504);
#4504 = DEFINITIONAL_REPRESENTATION('',(#4505),#4513);
#4505 = ( BOUNDED_CURVE() B_SPLINE_CURVE(2,(#4506,#4507,#4508,#4509,
#4510,#4511,#4512),.UNSPECIFIED.,.T.,.F.) B_SPLINE_CURVE_WITH_KNOTS((1,2
    ,2,2,2,1),(-2.094395102393,0.,2.094395102393,4.188790204786,
6.28318530718,8.377580409573),.UNSPECIFIED.) CURVE() 
GEOMETRIC_REPRESENTATION_ITEM() RATIONAL_B_SPLINE_CURVE((1.,0.5,1.,0.5,
1.,0.5,1.)) REPRESENTATION_ITEM('') );
#4506 = CARTESIAN_POINT('',(-1.004944436091,1.521254318698));
#4507 = CARTESIAN_POINT('',(-0.979919124507,2.392549791968));
#4508 = CARTESIAN_POINT('',(-0.237867766245,1.935229499764));
#4509 = CARTESIAN_POINT('',(0.504183592018,1.47790920756));
#4510 = CARTESIAN_POINT('',(-0.262893077829,1.063934026494));
#4511 = CARTESIAN_POINT('',(-1.029969747675,0.649958845428));
#4512 = CARTESIAN_POINT('',(-1.004944436091,1.521254318698));
#4513 = ( GEOMETRIC_REPRESENTATION_CONTEXT(2) 
PARAMETRIC_REPRESENTATION_CONTEXT() REPRESENTATION_CONTEXT('2D SPACE',''
  ) );
#4514 = ORIENTED_EDGE('',*,*,#4515,.F.);
#4515 = EDGE_CURVE('',#4516,#4489,#4518,.T.);
#4516 = VERTEX_POINT('',#4517);
#4517 = CARTESIAN_POINT('',(-9.045000076294,8.538000106812,1.99492921464
    ));
#4518 = SURFACE_CURVE('',#4519,(#4523,#4529),.PCURVE_S1.);
#4519 = LINE('',#4520,#4521);
#4520 = CARTESIAN_POINT('',(-9.045000076294,8.538000106812,
    1.991471381508));
#4521 = VECTOR('',#4522,1.);
#4522 = DIRECTION('',(0.,0.,1.));
#4523 = PCURVE('',#4470,#4524);
#4524 = DEFINITIONAL_REPRESENTATION('',(#4525),#4528);
#4525 = B_SPLINE_CURVE_WITH_KNOTS('',1,(#4526,#4527),.UNSPECIFIED.,.F.,
  .F.,(2,2),(3.45783313239E-03,2.516053351024),
  .PIECEWISE_BEZIER_KNOTS.);
#4526 = CARTESIAN_POINT('',(6.28318530718,-3.45783313239E-03));
#4527 = CARTESIAN_POINT('',(6.28318530718,-2.516053351024));
#4528 = ( GEOMETRIC_REPRESENTATION_CONTEXT(2) 
PARAMETRIC_REPRESENTATION_CONTEXT() REPRESENTATION_CONTEXT('2D SPACE',''
  ) );
#4529 = PCURVE('',#2445,#4530);
#4530 = DEFINITIONAL_REPRESENTATION('',(#4531),#4535);
#4531 = LINE('',#4532,#4533);
#4532 = CARTESIAN_POINT('',(1.259778706707,1.506937742233));
#4533 = VECTOR('',#4534,1.);
#4534 = DIRECTION('',(-1.,0.));
#4535 = ( GEOMETRIC_REPRESENTATION_CONTEXT(2) 
PARAMETRIC_REPRESENTATION_CONTEXT() REPRESENTATION_CONTEXT('2D SPACE',''
  ) );
#4536 = ORIENTED_EDGE('',*,*,#4537,.F.);
#4537 = EDGE_CURVE('',#4462,#4516,#4538,.T.);
#4538 = SURFACE_CURVE('',#4539,(#4544,#4550),.PCURVE_S1.);
#4539 = CIRCLE('',#4540,0.503250122073);
#4540 = AXIS2_PLACEMENT_3D('',#4541,#4542,#4543);
#4541 = CARTESIAN_POINT('',(-9.548250198364,8.538000106812,
    1.994929268684));
#4542 = DIRECTION('',(-1.073896550893E-07,-3.013855083847E-06,
    -0.999999999995));
#4543 = DIRECTION('',(-4.543838814073E-28,-0.999999999995,
    3.013855083847E-06));
#4544 = PCURVE('',#4470,#4545);
#4545 = DEFINITIONAL_REPRESENTATION('',(#4546),#4549);
#4546 = B_SPLINE_CURVE_WITH_KNOTS('',1,(#4547,#4548),.UNSPECIFIED.,.F.,
  .F.,(2,2),(3.141592653455,4.712388980182),.PIECEWISE_BEZIER_KNOTS.);
#4547 = CARTESIAN_POINT('',(4.712388980385,-3.456370453311E-03));
#4548 = CARTESIAN_POINT('',(6.283185307111,-3.457833132393E-03));
#4549 = ( GEOMETRIC_REPRESENTATION_CONTEXT(2) 
PARAMETRIC_REPRESENTATION_CONTEXT() REPRESENTATION_CONTEXT('2D SPACE',''
  ) );
#4550 = PCURVE('',#71,#4551);
#4551 = DEFINITIONAL_REPRESENTATION('',(#4552),#4560);
#4552 = ( BOUNDED_CURVE() B_SPLINE_CURVE(2,(#4553,#4554,#4555,#4556,
#4557,#4558,#4559),.UNSPECIFIED.,.T.,.F.) B_SPLINE_CURVE_WITH_KNOTS((1,2
    ,2,2,2,1),(-2.094395102393,0.,2.094395102393,4.188790204786,
6.28318530718,8.377580409573),.UNSPECIFIED.) CURVE() 
GEOMETRIC_REPRESENTATION_ITEM() RATIONAL_B_SPLINE_CURVE((1.,0.5,1.,0.5,
1.,0.5,1.)) REPRESENTATION_ITEM('') );
#4553 = CARTESIAN_POINT('',(-8.180475579081,10.346491214764));
#4554 = CARTESIAN_POINT('',(-9.052130359426,10.346491214764));
#4555 = CARTESIAN_POINT('',(-8.616302969253,11.101366397873));
#4556 = CARTESIAN_POINT('',(-8.18047557908,11.856241580981));
#4557 = CARTESIAN_POINT('',(-7.744648188908,11.101366397872));
#4558 = CARTESIAN_POINT('',(-7.308820798736,10.346491214763));
#4559 = CARTESIAN_POINT('',(-8.180475579081,10.346491214764));
#4560 = ( GEOMETRIC_REPRESENTATION_CONTEXT(2) 
PARAMETRIC_REPRESENTATION_CONTEXT() REPRESENTATION_CONTEXT('2D SPACE',''
  ) );
#4561 = ADVANCED_FACE('',(#4562),#162,.T.);
#4562 = FACE_BOUND('',#4563,.T.);
#4563 = EDGE_LOOP('',(#4564,#4588,#4613,#4614));
#4564 = ORIENTED_EDGE('',*,*,#4565,.F.);
#4565 = EDGE_CURVE('',#4566,#4568,#4570,.T.);
#4566 = VERTEX_POINT('',#4567);
#4567 = CARTESIAN_POINT('',(-9.547499664261,12.05624961853,
    1.994918665109));
#4568 = VERTEX_POINT('',#4569);
#4569 = CARTESIAN_POINT('',(-9.547124862009,12.05624961853,
    6.015006927339));
#4570 = SURFACE_CURVE('',#4571,(#4575,#4581),.PCURVE_S1.);
#4571 = LINE('',#4572,#4573);
#4572 = CARTESIAN_POINT('',(-9.547124638742,12.05624961853,
    6.017401666019));
#4573 = VECTOR('',#4574,1.);
#4574 = DIRECTION('',(9.323234349975E-05,0.,0.999999995654));
#4575 = PCURVE('',#162,#4576);
#4576 = DEFINITIONAL_REPRESENTATION('',(#4577),#4580);
#4577 = B_SPLINE_CURVE_WITH_KNOTS('',1,(#4578,#4579),.UNSPECIFIED.,.F.,
  .F.,(2,2),(-4.022483018392,-2.394738690218E-03),
  .PIECEWISE_BEZIER_KNOTS.);
#4578 = CARTESIAN_POINT('',(6.28318530718,4.022483018392));
#4579 = CARTESIAN_POINT('',(6.28318530718,2.394738690218E-03));
#4580 = ( GEOMETRIC_REPRESENTATION_CONTEXT(2) 
PARAMETRIC_REPRESENTATION_CONTEXT() REPRESENTATION_CONTEXT('2D SPACE',''
  ) );
#4581 = PCURVE('',#1976,#4582);
#4582 = DEFINITIONAL_REPRESENTATION('',(#4583),#4587);
#4583 = LINE('',#4584,#4585);
#4584 = CARTESIAN_POINT('',(2.012401730392,1.005562529379));
#4585 = VECTOR('',#4586,1.);
#4586 = DIRECTION('',(0.999999995654,9.323234349975E-05));
#4587 = ( GEOMETRIC_REPRESENTATION_CONTEXT(2) 
PARAMETRIC_REPRESENTATION_CONTEXT() REPRESENTATION_CONTEXT('2D SPACE',''
  ) );
#4588 = ORIENTED_EDGE('',*,*,#4589,.F.);
#4589 = EDGE_CURVE('',#140,#4566,#4590,.T.);
#4590 = SURFACE_CURVE('',#4591,(#4596,#4602),.PCURVE_S1.);
#4591 = CIRCLE('',#4592,0.501936829203);
#4592 = AXIS2_PLACEMENT_3D('',#4593,#4594,#4595);
#4593 = CARTESIAN_POINT('',(-9.547499664402,12.558186445555,
    1.994917152344));
#4594 = DIRECTION('',(-1.073896550893E-07,-3.013855083847E-06,
    -0.999999999995));
#4595 = DIRECTION('',(0.999476710999,-3.234662532752E-02,
    -9.845418075469E-09));
#4596 = PCURVE('',#162,#4597);
#4597 = DEFINITIONAL_REPRESENTATION('',(#4598),#4601);
#4598 = B_SPLINE_CURVE_WITH_KNOTS('',1,(#4599,#4600),.UNSPECIFIED.,.F.,
  .F.,(2,2),(6.251578898072,7.821629364974),.PIECEWISE_BEZIER_KNOTS.);
#4599 = CARTESIAN_POINT('',(4.71313484,4.022437787198));
#4600 = CARTESIAN_POINT('',(6.28318530718,4.022483018392));
#4601 = ( GEOMETRIC_REPRESENTATION_CONTEXT(2) 
PARAMETRIC_REPRESENTATION_CONTEXT() REPRESENTATION_CONTEXT('2D SPACE',''
  ) );
#4602 = PCURVE('',#71,#4603);
#4603 = DEFINITIONAL_REPRESENTATION('',(#4604),#4612);
#4604 = ( BOUNDED_CURVE() B_SPLINE_CURVE(2,(#4605,#4606,#4607,#4608,
#4609,#4610,#4611),.UNSPECIFIED.,.T.,.F.) B_SPLINE_CURVE_WITH_KNOTS((1,2
    ,2,2,2,1),(-2.094395102393,0.,2.094395102393,4.188790204786,
6.28318530718,8.377580409573),.UNSPECIFIED.) CURVE() 
GEOMETRIC_REPRESENTATION_ITEM() RATIONAL_B_SPLINE_CURVE((1.,0.5,1.,0.5,
1.,0.5,1.)) REPRESENTATION_ITEM('') );
#4605 = CARTESIAN_POINT('',(-7.678050873935,14.853691713045));
#4606 = CARTESIAN_POINT('',(-7.706172385986,13.984766559714));
#4607 = CARTESIAN_POINT('',(-8.444622886733,14.443583080208));
#4608 = CARTESIAN_POINT('',(-9.18307338748,14.902399600703));
#4609 = CARTESIAN_POINT('',(-8.416501374682,15.31250823354));
#4610 = CARTESIAN_POINT('',(-7.649929361885,15.722616866377));
#4611 = CARTESIAN_POINT('',(-7.678050873935,14.853691713045));
#4612 = ( GEOMETRIC_REPRESENTATION_CONTEXT(2) 
PARAMETRIC_REPRESENTATION_CONTEXT() REPRESENTATION_CONTEXT('2D SPACE',''
  ) );
#4613 = ORIENTED_EDGE('',*,*,#139,.T.);
#4614 = ORIENTED_EDGE('',*,*,#4615,.F.);
#4615 = EDGE_CURVE('',#4568,#142,#4616,.T.);
#4616 = SURFACE_CURVE('',#4617,(#4622,#4628),.PCURVE_S1.);
#4617 = CIRCLE('',#4618,0.501936831746);
#4618 = AXIS2_PLACEMENT_3D('',#4619,#4620,#4621);
#4619 = CARTESIAN_POINT('',(-9.547124867038,12.558186445555,
    6.01495299291));
#4620 = DIRECTION('',(7.99953966789E-06,1.074526246094E-04,
    0.999999994195));
#4621 = DIRECTION('',(0.621447336424,-0.783455934803,7.921310430092E-05)
  );
#4622 = PCURVE('',#162,#4623);
#4623 = DEFINITIONAL_REPRESENTATION('',(#4624),#4627);
#4624 = B_SPLINE_CURVE_WITH_KNOTS('',1,(#4625,#4626),.UNSPECIFIED.,.F.,
  .F.,(2,2),(5.612596590105,7.182647048125),.PIECEWISE_BEZIER_KNOTS.);
#4625 = CARTESIAN_POINT('',(6.28318530718,2.394738690018E-03));
#4626 = CARTESIAN_POINT('',(4.71313484,2.405851421054E-03));
#4627 = ( GEOMETRIC_REPRESENTATION_CONTEXT(2) 
PARAMETRIC_REPRESENTATION_CONTEXT() REPRESENTATION_CONTEXT('2D SPACE',''
  ) );
#4628 = PCURVE('',#237,#4629);
#4629 = DEFINITIONAL_REPRESENTATION('',(#4630),#4634);
#4630 = CIRCLE('',#4631,0.501936831746);
#4631 = AXIS2_PLACEMENT_2D('',#4632,#4633);
#4632 = CARTESIAN_POINT('',(1.005521975941,-0.251778045191));
#4633 = DIRECTION('',(0.62144733577,-0.783455939325));
#4634 = ( GEOMETRIC_REPRESENTATION_CONTEXT(2) 
PARAMETRIC_REPRESENTATION_CONTEXT() REPRESENTATION_CONTEXT('2D SPACE',''
  ) );
#4635 = ADVANCED_FACE('',(#4636),#1117,.T.);
#4636 = FACE_BOUND('',#4637,.T.);
#4637 = EDGE_LOOP('',(#4638,#4662,#4683,#4684));
#4638 = ORIENTED_EDGE('',*,*,#4639,.F.);
#4639 = EDGE_CURVE('',#4640,#4642,#4644,.T.);
#4640 = VERTEX_POINT('',#4641);
#4641 = CARTESIAN_POINT('',(9.547499656677,12.05624961853,6.01485944276)
  );
#4642 = VERTEX_POINT('',#4643);
#4643 = CARTESIAN_POINT('',(9.547499656677,12.05624961853,1.994916614504
    ));
#4644 = SURFACE_CURVE('',#4645,(#4649,#4655),.PCURVE_S1.);
#4645 = LINE('',#4646,#4647);
#4646 = CARTESIAN_POINT('',(9.547499656677,12.05624961853,1.992659938857
    ));
#4647 = VECTOR('',#4648,1.);
#4648 = DIRECTION('',(0.,0.,-1.));
#4649 = PCURVE('',#1117,#4650);
#4650 = DEFINITIONAL_REPRESENTATION('',(#4651),#4654);
#4651 = B_SPLINE_CURVE_WITH_KNOTS('',1,(#4652,#4653),.UNSPECIFIED.,.F.,
  .F.,(2,2),(-4.022199503903,-2.25667564711E-03),
  .PIECEWISE_BEZIER_KNOTS.);
#4652 = CARTESIAN_POINT('',(0.,-4.022199503903));
#4653 = CARTESIAN_POINT('',(0.,-2.25667564711E-03));
#4654 = ( GEOMETRIC_REPRESENTATION_CONTEXT(2) 
PARAMETRIC_REPRESENTATION_CONTEXT() REPRESENTATION_CONTEXT('2D SPACE',''
  ) );
#4655 = PCURVE('',#2769,#4656);
#4656 = DEFINITIONAL_REPRESENTATION('',(#4657),#4661);
#4657 = LINE('',#4658,#4659);
#4658 = CARTESIAN_POINT('',(-2.01215251036,-1.005000114441));
#4659 = VECTOR('',#4660,1.);
#4660 = DIRECTION('',(-1.,0.));
#4661 = ( GEOMETRIC_REPRESENTATION_CONTEXT(2) 
PARAMETRIC_REPRESENTATION_CONTEXT() REPRESENTATION_CONTEXT('2D SPACE',''
  ) );
#4662 = ORIENTED_EDGE('',*,*,#4663,.F.);
#4663 = EDGE_CURVE('',#1026,#4640,#4664,.T.);
#4664 = SURFACE_CURVE('',#4665,(#4670,#4676),.PCURVE_S1.);
#4665 = CIRCLE('',#4666,0.502499581901);
#4666 = AXIS2_PLACEMENT_3D('',#4667,#4668,#4669);
#4667 = CARTESIAN_POINT('',(9.547499656677,12.558749198914,
    6.014893166197));
#4668 = DIRECTION('',(-3.922308704256E-05,-6.711137327597E-05,
    0.999999996979));
#4669 = DIRECTION('',(-0.504588680237,-0.863359865719,
    -7.773279218023E-05));
#4670 = PCURVE('',#1117,#4671);
#4671 = DEFINITIONAL_REPRESENTATION('',(#4672),#4675);
#4672 = B_SPLINE_CURVE_WITH_KNOTS('',1,(#4673,#4674),.UNSPECIFIED.,.F.,
  .F.,(2,2),(5.24129446491,6.812090789072),.PIECEWISE_BEZIER_KNOTS.);
#4673 = CARTESIAN_POINT('',(1.570796326795,-4.022213517755));
#4674 = CARTESIAN_POINT('',(0.,-4.022199503903));
#4675 = ( GEOMETRIC_REPRESENTATION_CONTEXT(2) 
PARAMETRIC_REPRESENTATION_CONTEXT() REPRESENTATION_CONTEXT('2D SPACE',''
  ) );
#4676 = PCURVE('',#1008,#4677);
#4677 = DEFINITIONAL_REPRESENTATION('',(#4678),#4682);
#4678 = CIRCLE('',#4679,0.502499581901);
#4679 = AXIS2_PLACEMENT_2D('',#4680,#4681);
#4680 = CARTESIAN_POINT('',(-1.013686328757,-0.247356863387));
#4681 = DIRECTION('',(-0.504588682898,-0.863359867663));
#4682 = ( GEOMETRIC_REPRESENTATION_CONTEXT(2) 
PARAMETRIC_REPRESENTATION_CONTEXT() REPRESENTATION_CONTEXT('2D SPACE',''
  ) );
#4683 = ORIENTED_EDGE('',*,*,#1103,.T.);
#4684 = ORIENTED_EDGE('',*,*,#4685,.F.);
#4685 = EDGE_CURVE('',#4642,#1081,#4686,.T.);
#4686 = SURFACE_CURVE('',#4687,(#4692,#4698),.PCURVE_S1.);
#4687 = CIRCLE('',#4688,0.502499580386);
#4688 = AXIS2_PLACEMENT_3D('',#4689,#4690,#4691);
#4689 = CARTESIAN_POINT('',(9.547499656677,12.558749198914,
    1.994915100043));
#4690 = DIRECTION('',(-1.073896550893E-07,-3.013855083847E-06,
    -0.999999999995));
#4691 = DIRECTION('',(-4.543838814073E-28,-0.999999999995,
    3.013855083847E-06));
#4692 = PCURVE('',#1117,#4693);
#4693 = DEFINITIONAL_REPRESENTATION('',(#4694),#4697);
#4694 = B_SPLINE_CURVE_WITH_KNOTS('',1,(#4695,#4696),.UNSPECIFIED.,.F.,
  .F.,(2,2),(0.,1.570796326727),.PIECEWISE_BEZIER_KNOTS.);
#4695 = CARTESIAN_POINT('',(0.,-2.256675647105E-03));
#4696 = CARTESIAN_POINT('',(1.570796326727,-2.255215149447E-03));
#4697 = ( GEOMETRIC_REPRESENTATION_CONTEXT(2) 
PARAMETRIC_REPRESENTATION_CONTEXT() REPRESENTATION_CONTEXT('2D SPACE',''
  ) );
#4698 = PCURVE('',#71,#4699);
#4699 = DEFINITIONAL_REPRESENTATION('',(#4700),#4708);
#4700 = ( BOUNDED_CURVE() B_SPLINE_CURVE(2,(#4701,#4702,#4703,#4704,
#4705,#4706,#4707),.UNSPECIFIED.,.T.,.F.) B_SPLINE_CURVE_WITH_KNOTS((1,2
    ,2,2,2,1),(-2.094395102393,0.,2.094395102393,4.188790204786,
6.28318530718,8.377580409573),.UNSPECIFIED.) CURVE() 
GEOMETRIC_REPRESENTATION_ITEM() RATIONAL_B_SPLINE_CURVE((1.,0.5,1.,0.5,
1.,0.5,1.)) REPRESENTATION_ITEM('') );
#4701 = CARTESIAN_POINT('',(10.915274275962,14.367990848571));
#4702 = CARTESIAN_POINT('',(10.044919471952,14.367990848571));
#4703 = CARTESIAN_POINT('',(10.480096873957,15.121740219149));
#4704 = CARTESIAN_POINT('',(10.915274275963,15.875489589728));
#4705 = CARTESIAN_POINT('',(11.350451677967,15.121740219149));
#4706 = CARTESIAN_POINT('',(11.785629079972,14.367990848571));
#4707 = CARTESIAN_POINT('',(10.915274275962,14.367990848571));
#4708 = ( GEOMETRIC_REPRESENTATION_CONTEXT(2) 
PARAMETRIC_REPRESENTATION_CONTEXT() REPRESENTATION_CONTEXT('2D SPACE',''
  ) );
#4709 = ADVANCED_FACE('',(#4710),#1181,.T.);
#4710 = FACE_BOUND('',#4711,.T.);
#4711 = EDGE_LOOP('',(#4712,#4735,#4736,#4757,#4758,#4781));
#4712 = ORIENTED_EDGE('',*,*,#4713,.F.);
#4713 = EDGE_CURVE('',#1166,#4714,#4716,.T.);
#4714 = VERTEX_POINT('',#4715);
#4715 = CARTESIAN_POINT('',(3.99994531772,-12.06376225464,4.899993584608
    ));
#4716 = SURFACE_CURVE('',#4717,(#4721,#4728),.PCURVE_S1.);
#4717 = LINE('',#4718,#4719);
#4718 = CARTESIAN_POINT('',(3.999969698593,-11.57961353428,4.89999904005
    ));
#4719 = VECTOR('',#4720,1.);
#4720 = DIRECTION('',(-5.035822971081E-05,-0.999999998669,
    -1.126811139929E-05));
#4721 = PCURVE('',#1181,#4722);
#4722 = DEFINITIONAL_REPRESENTATION('',(#4723),#4727);
#4723 = LINE('',#4724,#4725);
#4724 = CARTESIAN_POINT('',(4.018014580804,-0.326624489407));
#4725 = VECTOR('',#4726,1.);
#4726 = DIRECTION('',(-5.035824681091E-05,-0.999999998732));
#4727 = ( GEOMETRIC_REPRESENTATION_CONTEXT(2) 
PARAMETRIC_REPRESENTATION_CONTEXT() REPRESENTATION_CONTEXT('2D SPACE',''
  ) );
#4728 = PCURVE('',#1208,#4729);
#4729 = DEFINITIONAL_REPRESENTATION('',(#4730),#4734);
#4730 = LINE('',#4731,#4732);
#4731 = CARTESIAN_POINT('',(-1.428103075891,0.326406058417));
#4732 = VECTOR('',#4733,1.);
#4733 = DIRECTION('',(1.126699226128E-05,-0.999999999937));
#4734 = ( GEOMETRIC_REPRESENTATION_CONTEXT(2) 
PARAMETRIC_REPRESENTATION_CONTEXT() REPRESENTATION_CONTEXT('2D SPACE',''
  ) );
#4735 = ORIENTED_EDGE('',*,*,#1165,.T.);
#4736 = ORIENTED_EDGE('',*,*,#4737,.F.);
#4737 = EDGE_CURVE('',#1283,#1132,#4738,.T.);
#4738 = SURFACE_CURVE('',#4739,(#4743,#4750),.PCURVE_S1.);
#4739 = LINE('',#4740,#4741);
#4740 = CARTESIAN_POINT('',(5.771140998108E-03,-10.69999569535,
    4.900002890136));
#4741 = VECTOR('',#4742,1.);
#4742 = DIRECTION('',(0.999999999994,3.01115810597E-06,1.51760456786E-06
    ));
#4743 = PCURVE('',#1181,#4744);
#4744 = DEFINITIONAL_REPRESENTATION('',(#4745),#4749);
#4745 = LINE('',#4746,#4747);
#4746 = CARTESIAN_POINT('',(2.381602322012E-02,0.552993349574));
#4747 = VECTOR('',#4748,1.);
#4748 = DIRECTION('',(0.999999999995,3.011158106161E-06));
#4749 = ( GEOMETRIC_REPRESENTATION_CONTEXT(2) 
PARAMETRIC_REPRESENTATION_CONTEXT() REPRESENTATION_CONTEXT('2D SPACE',''
  ) );
#4750 = PCURVE('',#1153,#4751);
#4751 = DEFINITIONAL_REPRESENTATION('',(#4752),#4756);
#4752 = LINE('',#4753,#4754);
#4753 = CARTESIAN_POINT('',(1.78277589199,-2.382039396087E-02));
#4754 = VECTOR('',#4755,1.);
#4755 = DIRECTION('',(1.517627897254E-06,0.999999999999));
#4756 = ( GEOMETRIC_REPRESENTATION_CONTEXT(2) 
PARAMETRIC_REPRESENTATION_CONTEXT() REPRESENTATION_CONTEXT('2D SPACE',''
  ) );
#4757 = ORIENTED_EDGE('',*,*,#1282,.T.);
#4758 = ORIENTED_EDGE('',*,*,#4759,.F.);
#4759 = EDGE_CURVE('',#4760,#1249,#4762,.T.);
#4760 = VERTEX_POINT('',#4761);
#4761 = CARTESIAN_POINT('',(-3.999965521585,-12.06374495269,
    4.899981444373));
#4762 = SURFACE_CURVE('',#4763,(#4767,#4774),.PCURVE_S1.);
#4763 = LINE('',#4764,#4765);
#4764 = CARTESIAN_POINT('',(-4.000020504187,-11.58327007975,
    4.899986858297));
#4765 = VECTOR('',#4766,1.);
#4766 = DIRECTION('',(-1.144338755532E-04,0.999999993389,
    1.126786125614E-05));
#4767 = PCURVE('',#1181,#4768);
#4768 = DEFINITIONAL_REPRESENTATION('',(#4769),#4773);
#4769 = LINE('',#4770,#4771);
#4770 = CARTESIAN_POINT('',(-3.981975621985,-0.330281034881));
#4771 = VECTOR('',#4772,1.);
#4772 = DIRECTION('',(-1.144338584533E-04,0.999999993452));
#4773 = ( GEOMETRIC_REPRESENTATION_CONTEXT(2) 
PARAMETRIC_REPRESENTATION_CONTEXT() REPRESENTATION_CONTEXT('2D SPACE',''
  ) );
#4774 = PCURVE('',#1270,#4775);
#4775 = DEFINITIONAL_REPRESENTATION('',(#4776),#4780);
#4776 = LINE('',#4777,#4778);
#4777 = CARTESIAN_POINT('',(-1.627511624254,0.329807024921));
#4778 = VECTOR('',#4779,1.);
#4779 = DIRECTION('',(-1.126565421491E-05,0.999999999937));
#4780 = ( GEOMETRIC_REPRESENTATION_CONTEXT(2) 
PARAMETRIC_REPRESENTATION_CONTEXT() REPRESENTATION_CONTEXT('2D SPACE',''
  ) );
#4781 = ORIENTED_EDGE('',*,*,#4782,.F.);
#4782 = EDGE_CURVE('',#4714,#4760,#4783,.T.);
#4783 = SURFACE_CURVE('',#4784,(#4788,#4795),.PCURVE_S1.);
#4784 = LINE('',#4785,#4786);
#4785 = CARTESIAN_POINT('',(-4.930190894663E-02,-12.06375349706,
    4.899987439688));
#4786 = VECTOR('',#4787,1.);
#4787 = DIRECTION('',(-0.999999999997,2.162768174969E-06,
    -1.517546267881E-06));
#4788 = PCURVE('',#1181,#4789);
#4789 = DEFINITIONAL_REPRESENTATION('',(#4790),#4794);
#4790 = LINE('',#4791,#4792);
#4791 = CARTESIAN_POINT('',(-3.125702674801E-02,-0.810764452217));
#4792 = VECTOR('',#4793,1.);
#4793 = DIRECTION('',(-0.999999999998,2.162768175106E-06));
#4794 = ( GEOMETRIC_REPRESENTATION_CONTEXT(2) 
PARAMETRIC_REPRESENTATION_CONTEXT() REPRESENTATION_CONTEXT('2D SPACE',''
  ) );
#4795 = PCURVE('',#2573,#4796);
#4796 = DEFINITIONAL_REPRESENTATION('',(#4797),#4801);
#4797 = LINE('',#4798,#4799);
#4798 = CARTESIAN_POINT('',(0.838348031041,3.12540009948E-02));
#4799 = VECTOR('',#4800,1.);
#4800 = DIRECTION('',(-1.517576912055E-06,-0.999999999999));
#4801 = ( GEOMETRIC_REPRESENTATION_CONTEXT(2) 
PARAMETRIC_REPRESENTATION_CONTEXT() REPRESENTATION_CONTEXT('2D SPACE',''
  ) );
#4802 = ADVANCED_FACE('',(#4803),#1270,.F.);
#4803 = FACE_BOUND('',#4804,.T.);
#4804 = EDGE_LOOP('',(#4805,#4828,#4829,#4830));
#4805 = ORIENTED_EDGE('',*,*,#4806,.F.);
#4806 = EDGE_CURVE('',#4760,#4807,#4809,.T.);
#4807 = VERTEX_POINT('',#4808);
#4808 = CARTESIAN_POINT('',(-4.000021553656,-12.06370379167,
    1.994990763412));
#4809 = SURFACE_CURVE('',#4810,(#4814,#4821),.PCURVE_S1.);
#4810 = LINE('',#4811,#4812);
#4811 = CARTESIAN_POINT('',(-3.999989301776,-12.06372748382,
    3.667094053175));
#4812 = VECTOR('',#4813,1.);
#4813 = DIRECTION('',(-1.928821048164E-05,1.41690713269E-05,
    -0.999999999714));
#4814 = PCURVE('',#1270,#4815);
#4815 = DEFINITIONAL_REPRESENTATION('',(#4816),#4820);
#4816 = LINE('',#4817,#4818);
#4817 = CARTESIAN_POINT('',(-0.394618819963,-0.150650382292));
#4818 = VECTOR('',#4819,1.);
#4819 = DIRECTION('',(0.9999999999,1.416907141967E-05));
#4820 = ( GEOMETRIC_REPRESENTATION_CONTEXT(2) 
PARAMETRIC_REPRESENTATION_CONTEXT() REPRESENTATION_CONTEXT('2D SPACE',''
  ) );
#4821 = PCURVE('',#2573,#4822);
#4822 = DEFINITIONAL_REPRESENTATION('',(#4823),#4827);
#4823 = LINE('',#4824,#4825);
#4824 = CARTESIAN_POINT('',(-0.394545355717,-3.919433391844));
#4825 = VECTOR('',#4826,1.);
#4826 = DIRECTION('',(-0.999999999814,-1.928821048169E-05));
#4827 = ( GEOMETRIC_REPRESENTATION_CONTEXT(2) 
PARAMETRIC_REPRESENTATION_CONTEXT() REPRESENTATION_CONTEXT('2D SPACE',''
  ) );
#4828 = ORIENTED_EDGE('',*,*,#4759,.T.);
#4829 = ORIENTED_EDGE('',*,*,#1248,.T.);
#4830 = ORIENTED_EDGE('',*,*,#4831,.F.);
#4831 = EDGE_CURVE('',#4807,#1251,#4832,.T.);
#4832 = SURFACE_CURVE('',#4833,(#4837,#4844),.PCURVE_S1.);
#4833 = LINE('',#4834,#4835);
#4834 = CARTESIAN_POINT('',(-4.000588133394,-7.112561766047,
    1.994975841448));
#4835 = VECTOR('',#4836,1.);
#4836 = DIRECTION('',(-1.144341510053E-04,0.999999993448,
    -3.013842775069E-06));
#4837 = PCURVE('',#1270,#4838);
#4838 = DEFINITIONAL_REPRESENTATION('',(#4839),#4843);
#4839 = LINE('',#4840,#4841);
#4840 = CARTESIAN_POINT('',(1.277499403003,4.800515367902));
#4841 = VECTOR('',#4842,1.);
#4842 = DIRECTION('',(3.016049818953E-06,0.999999999995));
#4843 = ( GEOMETRIC_REPRESENTATION_CONTEXT(2) 
PARAMETRIC_REPRESENTATION_CONTEXT() REPRESENTATION_CONTEXT('2D SPACE',''
  ) );
#4844 = PCURVE('',#71,#4845);
#4845 = DEFINITIONAL_REPRESENTATION('',(#4846),#4850);
#4846 = LINE('',#4847,#4848);
#4847 = CARTESIAN_POINT('',(-2.632813514116,-4.800820536094));
#4848 = VECTOR('',#4849,1.);
#4849 = DIRECTION('',(-1.144341506816E-04,0.999999993452));
#4850 = ( GEOMETRIC_REPRESENTATION_CONTEXT(2) 
PARAMETRIC_REPRESENTATION_CONTEXT() REPRESENTATION_CONTEXT('2D SPACE',''
  ) );
#4851 = ADVANCED_FACE('',(#4852),#1153,.T.);
#4852 = FACE_BOUND('',#4853,.T.);
#4853 = EDGE_LOOP('',(#4854,#4855,#4856,#4857));
#4854 = ORIENTED_EDGE('',*,*,#1305,.T.);
#4855 = ORIENTED_EDGE('',*,*,#4737,.T.);
#4856 = ORIENTED_EDGE('',*,*,#1131,.T.);
#4857 = ORIENTED_EDGE('',*,*,#4858,.F.);
#4858 = EDGE_CURVE('',#1306,#1134,#4859,.T.);
#4859 = SURFACE_CURVE('',#4860,(#4864,#4871),.PCURVE_S1.);
#4860 = LINE('',#4861,#4862);
#4861 = CARTESIAN_POINT('',(-3.000937223434,-10.70002269744,
    1.995000004768));
#4862 = VECTOR('',#4863,1.);
#4863 = DIRECTION('',(0.999999996622,-8.219096377607E-05,0.));
#4864 = PCURVE('',#1153,#4865);
#4865 = DEFINITIONAL_REPRESENTATION('',(#4866),#4870);
#4866 = LINE('',#4867,#4868);
#4867 = CARTESIAN_POINT('',(-1.122226993499,-3.030528758393));
#4868 = VECTOR('',#4869,1.);
#4869 = DIRECTION('',(-6.367879253728E-10,1.));
#4870 = ( GEOMETRIC_REPRESENTATION_CONTEXT(2) 
PARAMETRIC_REPRESENTATION_CONTEXT() REPRESENTATION_CONTEXT('2D SPACE',''
  ) );
#4871 = PCURVE('',#71,#4872);
#4872 = DEFINITIONAL_REPRESENTATION('',(#4873),#4877);
#4873 = LINE('',#4874,#4875);
#4874 = CARTESIAN_POINT('',(-1.633162604159,-8.388281467552));
#4875 = VECTOR('',#4876,1.);
#4876 = DIRECTION('',(0.999999996622,-8.219096409936E-05));
#4877 = ( GEOMETRIC_REPRESENTATION_CONTEXT(2) 
PARAMETRIC_REPRESENTATION_CONTEXT() REPRESENTATION_CONTEXT('2D SPACE',''
  ) );
#4878 = ADVANCED_FACE('',(#4879),#1208,.T.);
#4879 = FACE_BOUND('',#4880,.T.);
#4880 = EDGE_LOOP('',(#4881,#4882,#4883,#4906));
#4881 = ORIENTED_EDGE('',*,*,#1193,.T.);
#4882 = ORIENTED_EDGE('',*,*,#4713,.T.);
#4883 = ORIENTED_EDGE('',*,*,#4884,.F.);
#4884 = EDGE_CURVE('',#4885,#4714,#4887,.T.);
#4885 = VERTEX_POINT('',#4886);
#4886 = CARTESIAN_POINT('',(4.000009879091,-12.0637210937,1.994989904343
    ));
#4887 = SURFACE_CURVE('',#4888,(#4892,#4899),.PCURVE_S1.);
#4888 = LINE('',#4889,#4890);
#4889 = CARTESIAN_POINT('',(3.999970501771,-12.06374619861,
    3.766811912042));
#4890 = VECTOR('',#4891,1.);
#4891 = DIRECTION('',(-2.222419587085E-05,-1.416898154521E-05,
    0.999999999653));
#4892 = PCURVE('',#1208,#4893);
#4893 = DEFINITIONAL_REPRESENTATION('',(#4894),#4898);
#4894 = LINE('',#4895,#4896);
#4895 = CARTESIAN_POINT('',(-0.294915948145,-0.157726606529));
#4896 = VECTOR('',#4897,1.);
#4897 = DIRECTION('',(-0.9999999999,-1.416898156318E-05));
#4898 = ( GEOMETRIC_REPRESENTATION_CONTEXT(2) 
PARAMETRIC_REPRESENTATION_CONTEXT() REPRESENTATION_CONTEXT('2D SPACE',''
  ) );
#4899 = PCURVE('',#2573,#4900);
#4900 = DEFINITIONAL_REPRESENTATION('',(#4901),#4905);
#4901 = LINE('',#4902,#4903);
#4902 = CARTESIAN_POINT('',(-0.294827496596,4.080526411722));
#4903 = VECTOR('',#4904,1.);
#4904 = DIRECTION('',(0.999999999753,-2.22241958709E-05));
#4905 = ( GEOMETRIC_REPRESENTATION_CONTEXT(2) 
PARAMETRIC_REPRESENTATION_CONTEXT() REPRESENTATION_CONTEXT('2D SPACE',''
  ) );
#4906 = ORIENTED_EDGE('',*,*,#4907,.F.);
#4907 = EDGE_CURVE('',#1194,#4885,#4908,.T.);
#4908 = SURFACE_CURVE('',#4909,(#4913,#4920),.PCURVE_S1.);
#4909 = LINE('',#4910,#4911);
#4910 = CARTESIAN_POINT('',(4.00025939075,-7.109017806832,1.994974971559
    ));
#4911 = VECTOR('',#4912,1.);
#4912 = DIRECTION('',(-5.035854710893E-05,-0.999999998727,
    3.013860488012E-06));
#4913 = PCURVE('',#1208,#4914);
#4914 = DEFINITIONAL_REPRESENTATION('',(#4915),#4919);
#4915 = LINE('',#4916,#4917);
#4916 = CARTESIAN_POINT('',(1.47692099832,4.797001791536));
#4917 = VECTOR('',#4918,1.);
#4918 = DIRECTION('',(-3.01497962955E-06,-0.999999999995));
#4919 = ( GEOMETRIC_REPRESENTATION_CONTEXT(2) 
PARAMETRIC_REPRESENTATION_CONTEXT() REPRESENTATION_CONTEXT('2D SPACE',''
  ) );
#4920 = PCURVE('',#71,#4921);
#4921 = DEFINITIONAL_REPRESENTATION('',(#4922),#4926);
#4922 = LINE('',#4923,#4924);
#4923 = CARTESIAN_POINT('',(5.368034010029,-4.797276576879));
#4924 = VECTOR('',#4925,1.);
#4925 = DIRECTION('',(-5.035854743259E-05,-0.999999998732));
#4926 = ( GEOMETRIC_REPRESENTATION_CONTEXT(2) 
PARAMETRIC_REPRESENTATION_CONTEXT() REPRESENTATION_CONTEXT('2D SPACE',''
  ) );
#4927 = ADVANCED_FACE('',(#4928),#2573,.T.);
#4928 = FACE_BOUND('',#4929,.T.);
#4929 = EDGE_LOOP('',(#4930,#4951,#4952,#4973,#4974,#4975,#4976,#4997));
#4930 = ORIENTED_EDGE('',*,*,#4931,.F.);
#4931 = EDGE_CURVE('',#3034,#2536,#4932,.T.);
#4932 = SURFACE_CURVE('',#4933,(#4937,#4944),.PCURVE_S1.);
#4933 = LINE('',#4934,#4935);
#4934 = CARTESIAN_POINT('',(-4.03574074559E-02,-12.06376931349,
    6.014890173641));
#4935 = VECTOR('',#4936,1.);
#4936 = DIRECTION('',(-0.999999999996,2.162771532972E-06,
    -1.754542357721E-06));
#4937 = PCURVE('',#2573,#4938);
#4938 = DEFINITIONAL_REPRESENTATION('',(#4939),#4943);
#4939 = LINE('',#4940,#4941);
#4940 = CARTESIAN_POINT('',(1.953250765106,4.019850248556E-02));
#4941 = VECTOR('',#4942,1.);
#4942 = DIRECTION('',(-1.754573001919E-06,-0.999999999998));
#4943 = ( GEOMETRIC_REPRESENTATION_CONTEXT(2) 
PARAMETRIC_REPRESENTATION_CONTEXT() REPRESENTATION_CONTEXT('2D SPACE',''
  ) );
#4944 = PCURVE('',#566,#4945);
#4945 = DEFINITIONAL_REPRESENTATION('',(#4946),#4950);
#4946 = LINE('',#4947,#4948);
#4947 = CARTESIAN_POINT('',(-4.020029932801E-02,0.753791424241));
#4948 = VECTOR('',#4949,1.);
#4949 = DIRECTION('',(-0.999999999998,2.162771534522E-06));
#4950 = ( GEOMETRIC_REPRESENTATION_CONTEXT(2) 
PARAMETRIC_REPRESENTATION_CONTEXT() REPRESENTATION_CONTEXT('2D SPACE',''
  ) );
#4951 = ORIENTED_EDGE('',*,*,#3033,.T.);
#4952 = ORIENTED_EDGE('',*,*,#4953,.F.);
#4953 = EDGE_CURVE('',#4885,#3036,#4954,.T.);
#4954 = SURFACE_CURVE('',#4955,(#4959,#4966),.PCURVE_S1.);
#4955 = LINE('',#4956,#4957);
#4956 = CARTESIAN_POINT('',(-0.72417592105,-12.06371087649,
    1.994990411641));
#4957 = VECTOR('',#4958,1.);
#4958 = DIRECTION('',(0.999999999998,-2.162745151298E-06,
    -1.073831368891E-07));
#4959 = PCURVE('',#2573,#4960);
#4960 = DEFINITIONAL_REPRESENTATION('',(#4961),#4965);
#4961 = LINE('',#4962,#4963);
#4962 = CARTESIAN_POINT('',(-2.066648997319,-0.64362001111));
#4963 = VECTOR('',#4964,1.);
#4964 = DIRECTION('',(-1.073524928782E-07,1.));
#4965 = ( GEOMETRIC_REPRESENTATION_CONTEXT(2) 
PARAMETRIC_REPRESENTATION_CONTEXT() REPRESENTATION_CONTEXT('2D SPACE',''
  ) );
#4966 = PCURVE('',#71,#4967);
#4967 = DEFINITIONAL_REPRESENTATION('',(#4968),#4972);
#4968 = LINE('',#4969,#4970);
#4969 = CARTESIAN_POINT('',(0.643598698227,-9.75196964656));
#4970 = VECTOR('',#4971,1.);
#4971 = DIRECTION('',(0.999999999998,-2.162745151308E-06));
#4972 = ( GEOMETRIC_REPRESENTATION_CONTEXT(2) 
PARAMETRIC_REPRESENTATION_CONTEXT() REPRESENTATION_CONTEXT('2D SPACE',''
  ) );
#4973 = ORIENTED_EDGE('',*,*,#4884,.T.);
#4974 = ORIENTED_EDGE('',*,*,#4782,.T.);
#4975 = ORIENTED_EDGE('',*,*,#4806,.T.);
#4976 = ORIENTED_EDGE('',*,*,#4977,.F.);
#4977 = EDGE_CURVE('',#2559,#4807,#4978,.T.);
#4978 = SURFACE_CURVE('',#4979,(#4983,#4990),.PCURVE_S1.);
#4979 = LINE('',#4980,#4981);
#4980 = CARTESIAN_POINT('',(-0.72417592105,-12.06371087649,
    1.994990411641));
#4981 = VECTOR('',#4982,1.);
#4982 = DIRECTION('',(0.999999999998,-2.162745151298E-06,
    -1.073831368891E-07));
#4983 = PCURVE('',#2573,#4984);
#4984 = DEFINITIONAL_REPRESENTATION('',(#4985),#4989);
#4985 = LINE('',#4986,#4987);
#4986 = CARTESIAN_POINT('',(-2.066648997319,-0.64362001111));
#4987 = VECTOR('',#4988,1.);
#4988 = DIRECTION('',(-1.073524928782E-07,1.));
#4989 = ( GEOMETRIC_REPRESENTATION_CONTEXT(2) 
PARAMETRIC_REPRESENTATION_CONTEXT() REPRESENTATION_CONTEXT('2D SPACE',''
  ) );
#4990 = PCURVE('',#71,#4991);
#4991 = DEFINITIONAL_REPRESENTATION('',(#4992),#4996);
#4992 = LINE('',#4993,#4994);
#4993 = CARTESIAN_POINT('',(0.643598698227,-9.75196964656));
#4994 = VECTOR('',#4995,1.);
#4995 = DIRECTION('',(0.999999999998,-2.162745151308E-06));
#4996 = ( GEOMETRIC_REPRESENTATION_CONTEXT(2) 
PARAMETRIC_REPRESENTATION_CONTEXT() REPRESENTATION_CONTEXT('2D SPACE',''
  ) );
#4997 = ORIENTED_EDGE('',*,*,#2558,.T.);
#4998 = ADVANCED_FACE('',(#4999),#3970,.T.);
#4999 = FACE_BOUND('',#5000,.T.);
#5000 = EDGE_LOOP('',(#5001,#5002,#5023,#5024));
#5001 = ORIENTED_EDGE('',*,*,#3955,.T.);
#5002 = ORIENTED_EDGE('',*,*,#5003,.F.);
#5003 = EDGE_CURVE('',#4007,#3929,#5004,.T.);
#5004 = SURFACE_CURVE('',#5005,(#5009,#5016),.PCURVE_S1.);
#5005 = LINE('',#5006,#5007);
#5006 = CARTESIAN_POINT('',(11.055000305176,2.359752372903,
    1.994945676451));
#5007 = VECTOR('',#5008,1.);
#5008 = DIRECTION('',(0.,-0.999999999995,3.013855083847E-06));
#5009 = PCURVE('',#3970,#5010);
#5010 = DEFINITIONAL_REPRESENTATION('',(#5011),#5015);
#5011 = LINE('',#5012,#5013);
#5012 = CARTESIAN_POINT('',(1.256116925354,-4.671497388679));
#5013 = VECTOR('',#5014,1.);
#5014 = DIRECTION('',(-3.013855083847E-06,-0.999999999995));
#5015 = ( GEOMETRIC_REPRESENTATION_CONTEXT(2) 
PARAMETRIC_REPRESENTATION_CONTEXT() REPRESENTATION_CONTEXT('2D SPACE',''
  ) );
#5016 = PCURVE('',#71,#5017);
#5017 = DEFINITIONAL_REPRESENTATION('',(#5018),#5022);
#5018 = LINE('',#5019,#5020);
#5019 = CARTESIAN_POINT('',(12.422774924457,4.671493602899));
#5020 = VECTOR('',#5021,1.);
#5021 = DIRECTION('',(-3.23656857945E-13,-1.));
#5022 = ( GEOMETRIC_REPRESENTATION_CONTEXT(2) 
PARAMETRIC_REPRESENTATION_CONTEXT() REPRESENTATION_CONTEXT('2D SPACE',''
  ) );
#5023 = ORIENTED_EDGE('',*,*,#4006,.T.);
#5024 = ORIENTED_EDGE('',*,*,#5025,.F.);
#5025 = EDGE_CURVE('',#3956,#4009,#5026,.T.);
#5026 = SURFACE_CURVE('',#5027,(#5031,#5038),.PCURVE_S1.);
#5027 = LINE('',#5028,#5029);
#5028 = CARTESIAN_POINT('',(11.055000305176,7.031233967444,
    4.507405759057));
#5029 = VECTOR('',#5030,1.);
#5030 = DIRECTION('',(0.,0.999999999987,5.099072814425E-06));
#5031 = PCURVE('',#3970,#5032);
#5032 = DEFINITIONAL_REPRESENTATION('',(#5033),#5037);
#5033 = LINE('',#5034,#5035);
#5034 = CARTESIAN_POINT('',(-1.256343157253,-1.579413711994E-05));
#5035 = VECTOR('',#5036,1.);
#5036 = DIRECTION('',(-5.099072814425E-06,0.999999999987));
#5037 = ( GEOMETRIC_REPRESENTATION_CONTEXT(2) 
PARAMETRIC_REPRESENTATION_CONTEXT() REPRESENTATION_CONTEXT('2D SPACE',''
  ) );
#5038 = PCURVE('',#2636,#5039);
#5039 = DEFINITIONAL_REPRESENTATION('',(#5040),#5044);
#5040 = LINE('',#5041,#5042);
#5041 = CARTESIAN_POINT('',(1.00515223847,9.388019829204E-06));
#5042 = VECTOR('',#5043,1.);
#5043 = DIRECTION('',(-6.759463823385E-11,1.));
#5044 = ( GEOMETRIC_REPRESENTATION_CONTEXT(2) 
PARAMETRIC_REPRESENTATION_CONTEXT() REPRESENTATION_CONTEXT('2D SPACE',''
  ) );
#5045 = ADVANCED_FACE('',(#5046),#3125,.F.);
#5046 = FACE_BOUND('',#5047,.F.);
#5047 = EDGE_LOOP('',(#5048,#5068,#5069,#5070,#5090,#5091,#5111,#5112,
    #5132));
#5048 = ORIENTED_EDGE('',*,*,#5049,.T.);
#5049 = EDGE_CURVE('',#4287,#3110,#5050,.T.);
#5050 = SURFACE_CURVE('',#5051,(#5055,#5061),.PCURVE_S1.);
#5051 = ( BOUNDED_CURVE() B_SPLINE_CURVE(2,(#5052,#5053,#5054),
.UNSPECIFIED.,.F.,.F.) B_SPLINE_CURVE_WITH_KNOTS((3,3),(-33.68084289504,
-10.56584299163),.PIECEWISE_BEZIER_KNOTS.) CURVE() 
GEOMETRIC_REPRESENTATION_ITEM() RATIONAL_B_SPLINE_CURVE((1.000000005931,
1.000000010383,1.000000005931)) REPRESENTATION_ITEM('') );
#5052 = CARTESIAN_POINT('',(13.567336481604,-11.56124976916,
    6.014882435617));
#5053 = CARTESIAN_POINT('',(13.567130716228,-3.749502262366E-03,
    6.014921691072));
#5054 = CARTESIAN_POINT('',(13.56746637596,11.553749990836,
    6.014960919487));
#5055 = PCURVE('',#3125,#5056);
#5056 = DEFINITIONAL_REPRESENTATION('',(#5057),#5060);
#5057 = B_SPLINE_CURVE_WITH_KNOTS('',1,(#5058,#5059),.UNSPECIFIED.,.F.,
  .F.,(2,2),(-33.68084289504,-10.56584299163),.PIECEWISE_BEZIER_KNOTS.);
#5058 = CARTESIAN_POINT('',(2.223679495742E-05,3.7149133457));
#5059 = CARTESIAN_POINT('',(-3.627430938025E-05,-10.13440169145));
#5060 = ( GEOMETRIC_REPRESENTATION_CONTEXT(2) 
PARAMETRIC_REPRESENTATION_CONTEXT() REPRESENTATION_CONTEXT('2D SPACE',''
  ) );
#5061 = PCURVE('',#124,#5062);
#5062 = DEFINITIONAL_REPRESENTATION('',(#5063),#5067);
#5063 = ( BOUNDED_CURVE() B_SPLINE_CURVE(2,(#5064,#5065,#5066),
.UNSPECIFIED.,.F.,.F.) B_SPLINE_CURVE_WITH_KNOTS((3,3),(-33.68084289504,
-10.56584299163),.PIECEWISE_BEZIER_KNOTS.) CURVE() 
GEOMETRIC_REPRESENTATION_ITEM() RATIONAL_B_SPLINE_CURVE((1.000000005931,
1.000000010383,1.000000005931)) REPRESENTATION_ITEM('') );
#5064 = CARTESIAN_POINT('',(0.753789092354,-11.55744909355));
#5065 = CARTESIAN_POINT('',(0.753583325019,5.117341331005E-05));
#5066 = CARTESIAN_POINT('',(0.753918982791,11.557550666579));
#5067 = ( GEOMETRIC_REPRESENTATION_CONTEXT(2) 
PARAMETRIC_REPRESENTATION_CONTEXT() REPRESENTATION_CONTEXT('2D SPACE',''
  ) );
#5068 = ORIENTED_EDGE('',*,*,#3107,.F.);
#5069 = ORIENTED_EDGE('',*,*,#3136,.F.);
#5070 = ORIENTED_EDGE('',*,*,#5071,.T.);
#5071 = EDGE_CURVE('',#3137,#3310,#5072,.T.);
#5072 = SURFACE_CURVE('',#5073,(#5077,#5083),.PCURVE_S1.);
#5073 = ( BOUNDED_CURVE() B_SPLINE_CURVE(2,(#5074,#5075,#5076),
.UNSPECIFIED.,.F.,.F.) B_SPLINE_CURVE_WITH_KNOTS((3,3),(-15.57175413271,
-14.08600118052),.PIECEWISE_BEZIER_KNOTS.) CURVE() 
GEOMETRIC_REPRESENTATION_ITEM() RATIONAL_B_SPLINE_CURVE((0.999999992662,
0.999999992872,0.999999993108)) REPRESENTATION_ITEM('') );
#5074 = CARTESIAN_POINT('',(13.567385545268,11.575496812429,
    1.994917631729));
#5075 = CARTESIAN_POINT('',(13.567402623713,12.318373289471,
    1.994915392805));
#5076 = CARTESIAN_POINT('',(13.567421939022,13.06124976564,
    1.994913153881));
#5077 = PCURVE('',#3125,#5078);
#5078 = DEFINITIONAL_REPRESENTATION('',(#5079),#5082);
#5079 = B_SPLINE_CURVE_WITH_KNOTS('',1,(#5080,#5081),.UNSPECIFIED.,.F.,
  .F.,(2,2),(-15.57175413271,-14.08600121115),.PIECEWISE_BEZIER_KNOTS.);
#5080 = CARTESIAN_POINT('',(-2.871426239448E-05,-13.36602254389));
#5081 = CARTESIAN_POINT('',(-3.247513750804E-05,-14.25621664884));
#5082 = ( GEOMETRIC_REPRESENTATION_CONTEXT(2) 
PARAMETRIC_REPRESENTATION_CONTEXT() REPRESENTATION_CONTEXT('2D SPACE',''
  ) );
#5083 = PCURVE('',#71,#5084);
#5084 = DEFINITIONAL_REPRESENTATION('',(#5085),#5089);
#5085 = ( BOUNDED_CURVE() B_SPLINE_CURVE(2,(#5086,#5087,#5088),
.UNSPECIFIED.,.F.,.F.) B_SPLINE_CURVE_WITH_KNOTS((3,3),(-15.57175413271,
-14.08600118052),.PIECEWISE_BEZIER_KNOTS.) CURVE() 
GEOMETRIC_REPRESENTATION_ITEM() RATIONAL_B_SPLINE_CURVE((0.999999992662,
0.999999992872,0.999999993108)) REPRESENTATION_ITEM('') );
#5086 = CARTESIAN_POINT('',(14.935160164553,13.887238042467));
#5087 = CARTESIAN_POINT('',(14.935177242998,14.630114519513));
#5088 = CARTESIAN_POINT('',(14.935196558308,15.372990995685));
#5089 = ( GEOMETRIC_REPRESENTATION_CONTEXT(2) 
PARAMETRIC_REPRESENTATION_CONTEXT() REPRESENTATION_CONTEXT('2D SPACE',''
  ) );
#5090 = ORIENTED_EDGE('',*,*,#3307,.F.);
#5091 = ORIENTED_EDGE('',*,*,#5092,.T.);
#5092 = EDGE_CURVE('',#3308,#4361,#5093,.T.);
#5093 = SURFACE_CURVE('',#5094,(#5098,#5104),.PCURVE_S1.);
#5094 = ( BOUNDED_CURVE() B_SPLINE_CURVE(2,(#5095,#5096,#5097),
.UNSPECIFIED.,.F.,.F.) B_SPLINE_CURVE_WITH_KNOTS((3,3),(42.263196188603,
68.393196452937),.PIECEWISE_BEZIER_KNOTS.) CURVE() 
GEOMETRIC_REPRESENTATION_ITEM() RATIONAL_B_SPLINE_CURVE((1.000000003745,
1.000000004187,1.000000003745)) REPRESENTATION_ITEM('') );
#5095 = CARTESIAN_POINT('',(13.567383555455,13.061249749644,
    -1.516974488948E-02));
#5096 = CARTESIAN_POINT('',(13.567083684691,-3.750307856495E-03,
    -1.517672478929E-02));
#5097 = CARTESIAN_POINT('',(13.567475688824,-13.0687503756,
    -1.518370645553E-02));
#5098 = PCURVE('',#3125,#5099);
#5099 = DEFINITIONAL_REPRESENTATION('',(#5100),#5103);
#5100 = B_SPLINE_CURVE_WITH_KNOTS('',1,(#5101,#5102),.UNSPECIFIED.,.F.,
  .F.,(2,2),(42.263196198202,68.393196452937),.PIECEWISE_BEZIER_KNOTS.);
#5101 = CARTESIAN_POINT('',(-2.86674741492E-05,-15.86556130475));
#5102 = CARTESIAN_POINT('',(3.747537272858E-05,-0.209753784453));
#5103 = ( GEOMETRIC_REPRESENTATION_CONTEXT(2) 
PARAMETRIC_REPRESENTATION_CONTEXT() REPRESENTATION_CONTEXT('2D SPACE',''
  ) );
#5104 = PCURVE('',#1547,#5105);
#5105 = DEFINITIONAL_REPRESENTATION('',(#5106),#5110);
#5106 = ( BOUNDED_CURVE() B_SPLINE_CURVE(2,(#5107,#5108,#5109),
.UNSPECIFIED.,.F.,.F.) B_SPLINE_CURVE_WITH_KNOTS((3,3),(42.263196188603,
68.393196452937),.PIECEWISE_BEZIER_KNOTS.) CURVE() 
GEOMETRIC_REPRESENTATION_ITEM() RATIONAL_B_SPLINE_CURVE((1.000000003745,
1.000000004187,1.000000003745)) REPRESENTATION_ITEM('') );
#5107 = CARTESIAN_POINT('',(13.480042309219,12.778085999552));
#5108 = CARTESIAN_POINT('',(13.479742438473,-0.28691405795));
#5109 = CARTESIAN_POINT('',(13.480134442624,-13.35191412569));
#5110 = ( GEOMETRIC_REPRESENTATION_CONTEXT(2) 
PARAMETRIC_REPRESENTATION_CONTEXT() REPRESENTATION_CONTEXT('2D SPACE',''
  ) );
#5111 = ORIENTED_EDGE('',*,*,#4358,.F.);
#5112 = ORIENTED_EDGE('',*,*,#5113,.T.);
#5113 = EDGE_CURVE('',#4359,#4262,#5114,.T.);
#5114 = SURFACE_CURVE('',#5115,(#5119,#5125),.PCURVE_S1.);
#5115 = ( BOUNDED_CURVE() B_SPLINE_CURVE(2,(#5116,#5117,#5118),
.UNSPECIFIED.,.F.,.F.) B_SPLINE_CURVE_WITH_KNOTS((3,3),(-40.21600115932,
-38.73023037513),.PIECEWISE_BEZIER_KNOTS.) CURVE() 
GEOMETRIC_REPRESENTATION_ITEM() RATIONAL_B_SPLINE_CURVE((0.999999993108,
0.999999992872,0.999999992663)) REPRESENTATION_ITEM('') );
#5116 = CARTESIAN_POINT('',(13.567434411902,-13.06875038324,
    1.994991905913));
#5117 = CARTESIAN_POINT('',(13.567414387144,-12.32586498736,
    1.994989666966));
#5118 = CARTESIAN_POINT('',(13.567396599304,-11.58297959104,
    1.994987428019));
#5119 = PCURVE('',#3125,#5120);
#5120 = DEFINITIONAL_REPRESENTATION('',(#5121),#5124);
#5121 = B_SPLINE_CURVE_WITH_KNOTS('',1,(#5122,#5123),.UNSPECIFIED.,.F.,
  .F.,(2,2),(-40.21600115932,-38.73023037513),.PIECEWISE_BEZIER_KNOTS.);
#5122 = CARTESIAN_POINT('',(3.366753375059E-05,1.399665102806));
#5123 = CARTESIAN_POINT('',(2.990661340387E-05,0.509460291173));
#5124 = ( GEOMETRIC_REPRESENTATION_CONTEXT(2) 
PARAMETRIC_REPRESENTATION_CONTEXT() REPRESENTATION_CONTEXT('2D SPACE',''
  ) );
#5125 = PCURVE('',#71,#5126);
#5126 = DEFINITIONAL_REPRESENTATION('',(#5127),#5131);
#5127 = ( BOUNDED_CURVE() B_SPLINE_CURVE(2,(#5128,#5129,#5130),
.UNSPECIFIED.,.F.,.F.) B_SPLINE_CURVE_WITH_KNOTS((3,3),(-40.21600115932,
-38.73023037513),.PIECEWISE_BEZIER_KNOTS.) CURVE() 
GEOMETRIC_REPRESENTATION_ITEM() RATIONAL_B_SPLINE_CURVE((0.999999993108,
0.999999992872,0.999999992663)) REPRESENTATION_ITEM('') );
#5128 = CARTESIAN_POINT('',(14.935209031178,-10.75700915331));
#5129 = CARTESIAN_POINT('',(14.935189006421,-10.01412375743));
#5130 = CARTESIAN_POINT('',(14.935171218581,-9.271238361109));
#5131 = ( GEOMETRIC_REPRESENTATION_CONTEXT(2) 
PARAMETRIC_REPRESENTATION_CONTEXT() REPRESENTATION_CONTEXT('2D SPACE',''
  ) );
#5132 = ORIENTED_EDGE('',*,*,#4286,.F.);
#5133 = ADVANCED_FACE('',(#5134),#4150,.F.);
#5134 = FACE_BOUND('',#5135,.T.);
#5135 = EDGE_LOOP('',(#5136,#5137,#5158,#5159));
#5136 = ORIENTED_EDGE('',*,*,#4211,.T.);
#5137 = ORIENTED_EDGE('',*,*,#5138,.F.);
#5138 = EDGE_CURVE('',#4136,#4189,#5139,.T.);
#5139 = SURFACE_CURVE('',#5140,(#5144,#5151),.PCURVE_S1.);
#5140 = LINE('',#5141,#5142);
#5141 = CARTESIAN_POINT('',(12.060000419617,-5.402937464888E-02,
    6.014996781607));
#5142 = VECTOR('',#5143,1.);
#5143 = DIRECTION('',(0.,-0.999999999994,-3.395646015823E-06));
#5144 = PCURVE('',#4150,#5145);
#5145 = DEFINITIONAL_REPRESENTATION('',(#5146),#5150);
#5146 = LINE('',#5147,#5148);
#5147 = CARTESIAN_POINT('',(-2.412146845122,5.022050804918E-02));
#5148 = VECTOR('',#5149,1.);
#5149 = DIRECTION('',(3.395646015823E-06,-0.999999999994));
#5150 = ( GEOMETRIC_REPRESENTATION_CONTEXT(2) 
PARAMETRIC_REPRESENTATION_CONTEXT() REPRESENTATION_CONTEXT('2D SPACE',''
  ) );
#5151 = PCURVE('',#124,#5152);
#5152 = DEFINITIONAL_REPRESENTATION('',(#5153),#5157);
#5153 = LINE('',#5154,#5155);
#5154 = CARTESIAN_POINT('',(-0.753546973464,-5.022869897349E-02));
#5155 = VECTOR('',#5156,1.);
#5156 = DIRECTION('',(1.695677030191E-10,-1.));
#5157 = ( GEOMETRIC_REPRESENTATION_CONTEXT(2) 
PARAMETRIC_REPRESENTATION_CONTEXT() REPRESENTATION_CONTEXT('2D SPACE',''
  ) );
#5158 = ORIENTED_EDGE('',*,*,#4135,.T.);
#5159 = ORIENTED_EDGE('',*,*,#5160,.F.);
#5160 = EDGE_CURVE('',#4212,#4109,#5161,.T.);
#5161 = SURFACE_CURVE('',#5162,(#5166,#5173),.PCURVE_S1.);
#5162 = LINE('',#5163,#5164);
#5163 = CARTESIAN_POINT('',(12.060000419617,-1.207997979323,
    1.994956321207));
#5164 = VECTOR('',#5165,1.);
#5165 = DIRECTION('',(0.,0.999999999995,-3.013855083847E-06));
#5166 = PCURVE('',#4150,#5167);
#5167 = DEFINITIONAL_REPRESENTATION('',(#5168),#5172);
#5168 = LINE('',#5169,#5170);
#5169 = CARTESIAN_POINT('',(1.607893615278,-1.103748096625));
#5170 = VECTOR('',#5171,1.);
#5171 = DIRECTION('',(3.013855083847E-06,0.999999999995));
#5172 = ( GEOMETRIC_REPRESENTATION_CONTEXT(2) 
PARAMETRIC_REPRESENTATION_CONTEXT() REPRESENTATION_CONTEXT('2D SPACE',''
  ) );
#5173 = PCURVE('',#71,#5174);
#5174 = DEFINITIONAL_REPRESENTATION('',(#5175),#5179);
#5175 = LINE('',#5176,#5177);
#5176 = CARTESIAN_POINT('',(13.427775038897,1.103743250657));
#5177 = VECTOR('',#5178,1.);
#5178 = DIRECTION('',(3.23656857945E-13,1.));
#5179 = ( GEOMETRIC_REPRESENTATION_CONTEXT(2) 
PARAMETRIC_REPRESENTATION_CONTEXT() REPRESENTATION_CONTEXT('2D SPACE',''
  ) );
#5180 = ADVANCED_FACE('',(#5181),#3246,.T.);
#5181 = FACE_BOUND('',#5182,.T.);
#5182 = EDGE_LOOP('',(#5183,#5204,#5205,#5228,#5251,#5272,#5273,#5274,
    #5295));
#5183 = ORIENTED_EDGE('',*,*,#5184,.F.);
#5184 = EDGE_CURVE('',#3364,#3414,#5185,.T.);
#5185 = SURFACE_CURVE('',#5186,(#5190,#5197),.PCURVE_S1.);
#5186 = LINE('',#5187,#5188);
#5187 = CARTESIAN_POINT('',(4.28786091312,13.563586739946,1.994912636439
    ));
#5188 = VECTOR('',#5189,1.);
#5189 = DIRECTION('',(-0.999999999995,-3.041233034223E-06,
    1.07398820925E-07));
#5190 = PCURVE('',#3246,#5191);
#5191 = DEFINITIONAL_REPRESENTATION('',(#5192),#5196);
#5192 = LINE('',#5193,#5194);
#5193 = CARTESIAN_POINT('',(-0.401937350354,-5.655683856193));
#5194 = VECTOR('',#5195,1.);
#5195 = DIRECTION('',(1.075832967433E-07,-1.));
#5196 = ( GEOMETRIC_REPRESENTATION_CONTEXT(2) 
PARAMETRIC_REPRESENTATION_CONTEXT() REPRESENTATION_CONTEXT('2D SPACE',''
  ) );
#5197 = PCURVE('',#71,#5198);
#5198 = DEFINITIONAL_REPRESENTATION('',(#5199),#5203);
#5199 = LINE('',#5200,#5201);
#5200 = CARTESIAN_POINT('',(5.655635532406,15.875327969993));
#5201 = VECTOR('',#5202,1.);
#5202 = DIRECTION('',(-0.999999999995,-3.041233034237E-06));
#5203 = ( GEOMETRIC_REPRESENTATION_CONTEXT(2) 
PARAMETRIC_REPRESENTATION_CONTEXT() REPRESENTATION_CONTEXT('2D SPACE',''
  ) );
#5204 = ORIENTED_EDGE('',*,*,#3363,.T.);
#5205 = ORIENTED_EDGE('',*,*,#5206,.F.);
#5206 = EDGE_CURVE('',#5207,#3337,#5209,.T.);
#5207 = VERTEX_POINT('',#5208);
#5208 = CARTESIAN_POINT('',(4.994850158691,13.56371081689,
    -1.514759006952E-02));
#5209 = SURFACE_CURVE('',#5210,(#5214,#5221),.PCURVE_S1.);
#5210 = LINE('',#5211,#5212);
#5211 = CARTESIAN_POINT('',(5.015419732955,13.56371087945,
    -1.514764258523E-02));
#5212 = VECTOR('',#5213,1.);
#5213 = DIRECTION('',(0.999999999992,3.041381384899E-06,
    -2.553077216367E-06));
#5214 = PCURVE('',#3246,#5215);
#5215 = DEFINITIONAL_REPRESENTATION('',(#5216),#5220);
#5216 = LINE('',#5217,#5218);
#5217 = CARTESIAN_POINT('',(-2.411997633211,-4.928125036355));
#5218 = VECTOR('',#5219,1.);
#5219 = DIRECTION('',(-2.553261696685E-06,0.999999999997));
#5220 = ( GEOMETRIC_REPRESENTATION_CONTEXT(2) 
PARAMETRIC_REPRESENTATION_CONTEXT() REPRESENTATION_CONTEXT('2D SPACE',''
  ) );
#5221 = PCURVE('',#1547,#5222);
#5222 = DEFINITIONAL_REPRESENTATION('',(#5223),#5227);
#5223 = LINE('',#5224,#5225);
#5224 = CARTESIAN_POINT('',(4.928078486691,13.280547129358));
#5225 = VECTOR('',#5226,1.);
#5226 = DIRECTION('',(0.999999999995,3.0413813849E-06));
#5227 = ( GEOMETRIC_REPRESENTATION_CONTEXT(2) 
PARAMETRIC_REPRESENTATION_CONTEXT() REPRESENTATION_CONTEXT('2D SPACE',''
  ) );
#5228 = ORIENTED_EDGE('',*,*,#5229,.F.);
#5229 = EDGE_CURVE('',#5230,#5207,#5232,.T.);
#5230 = VERTEX_POINT('',#5231);
#5231 = CARTESIAN_POINT('',(4.99485015891,13.563721403197,1.994912560428
    ));
#5232 = SURFACE_CURVE('',#5233,(#5237,#5244),.PCURVE_S1.);
#5233 = LINE('',#5234,#5235);
#5234 = CARTESIAN_POINT('',(4.994850158691,13.563563286549,
    2.417006771141));
#5235 = VECTOR('',#5236,1.);
#5236 = DIRECTION('',(0.,6.065829675175E-05,-0.99999999816));
#5237 = PCURVE('',#3246,#5238);
#5238 = DEFINITIONAL_REPRESENTATION('',(#5239),#5243);
#5239 = LINE('',#5240,#5241);
#5240 = CARTESIAN_POINT('',(2.01567849936E-02,-4.948694610619));
#5241 = VECTOR('',#5242,1.);
#5242 = DIRECTION('',(-1.,-2.584939414228E-26));
#5243 = ( GEOMETRIC_REPRESENTATION_CONTEXT(2) 
PARAMETRIC_REPRESENTATION_CONTEXT() REPRESENTATION_CONTEXT('2D SPACE',''
  ) );
#5244 = PCURVE('',#3536,#5245);
#5245 = DEFINITIONAL_REPRESENTATION('',(#5246),#5250);
#5246 = LINE('',#5247,#5248);
#5247 = CARTESIAN_POINT('',(2.019336422445E-02,-0.603036940807));
#5248 = VECTOR('',#5249,1.);
#5249 = DIRECTION('',(0.99999999816,6.065829675175E-05));
#5250 = ( GEOMETRIC_REPRESENTATION_CONTEXT(2) 
PARAMETRIC_REPRESENTATION_CONTEXT() REPRESENTATION_CONTEXT('2D SPACE',''
  ) );
#5251 = ORIENTED_EDGE('',*,*,#5252,.F.);
#5252 = EDGE_CURVE('',#3259,#5230,#5253,.T.);
#5253 = SURFACE_CURVE('',#5254,(#5258,#5265),.PCURVE_S1.);
#5254 = LINE('',#5255,#5256);
#5255 = CARTESIAN_POINT('',(4.28786091312,13.563586739946,1.994912636439
    ));
#5256 = VECTOR('',#5257,1.);
#5257 = DIRECTION('',(-0.999999999995,-3.041233034223E-06,
    1.07398820925E-07));
#5258 = PCURVE('',#3246,#5259);
#5259 = DEFINITIONAL_REPRESENTATION('',(#5260),#5264);
#5260 = LINE('',#5261,#5262);
#5261 = CARTESIAN_POINT('',(-0.401937350354,-5.655683856193));
#5262 = VECTOR('',#5263,1.);
#5263 = DIRECTION('',(1.075832967433E-07,-1.));
#5264 = ( GEOMETRIC_REPRESENTATION_CONTEXT(2) 
PARAMETRIC_REPRESENTATION_CONTEXT() REPRESENTATION_CONTEXT('2D SPACE',''
  ) );
#5265 = PCURVE('',#71,#5266);
#5266 = DEFINITIONAL_REPRESENTATION('',(#5267),#5271);
#5267 = LINE('',#5268,#5269);
#5268 = CARTESIAN_POINT('',(5.655635532406,15.875327969993));
#5269 = VECTOR('',#5270,1.);
#5270 = DIRECTION('',(-0.999999999995,-3.041233034237E-06));
#5271 = ( GEOMETRIC_REPRESENTATION_CONTEXT(2) 
PARAMETRIC_REPRESENTATION_CONTEXT() REPRESENTATION_CONTEXT('2D SPACE',''
  ) );
#5272 = ORIENTED_EDGE('',*,*,#3258,.T.);
#5273 = ORIENTED_EDGE('',*,*,#3231,.T.);
#5274 = ORIENTED_EDGE('',*,*,#5275,.F.);
#5275 = EDGE_CURVE('',#3412,#3209,#5276,.T.);
#5276 = SURFACE_CURVE('',#5277,(#5281,#5288),.PCURVE_S1.);
#5277 = LINE('',#5278,#5279);
#5278 = CARTESIAN_POINT('',(10.252293267982,13.563361028197,
    6.014988231258));
#5279 = VECTOR('',#5280,1.);
#5280 = DIRECTION('',(-0.999999999226,-3.03884729922E-06,
    -3.922329107193E-05));
#5281 = PCURVE('',#3246,#5282);
#5282 = DEFINITIONAL_REPRESENTATION('',(#5283),#5287);
#5283 = LINE('',#5284,#5285);
#5284 = CARTESIAN_POINT('',(3.61813825076,0.308748498697));
#5285 = VECTOR('',#5286,1.);
#5286 = DIRECTION('',(-3.922310666847E-05,-0.999999999231));
#5287 = ( GEOMETRIC_REPRESENTATION_CONTEXT(2) 
PARAMETRIC_REPRESENTATION_CONTEXT() REPRESENTATION_CONTEXT('2D SPACE',''
  ) );
#5288 = PCURVE('',#1008,#5289);
#5289 = DEFINITIONAL_REPRESENTATION('',(#5290),#5294);
#5290 = LINE('',#5291,#5292);
#5291 = CARTESIAN_POINT('',(-0.308892714265,0.757254968159));
#5292 = VECTOR('',#5293,1.);
#5293 = DIRECTION('',(-0.999999999995,-3.038847306064E-06));
#5294 = ( GEOMETRIC_REPRESENTATION_CONTEXT(2) 
PARAMETRIC_REPRESENTATION_CONTEXT() REPRESENTATION_CONTEXT('2D SPACE',''
  ) );
#5295 = ORIENTED_EDGE('',*,*,#3411,.T.);
#5296 = ADVANCED_FACE('',(#5297),#3536,.T.);
#5297 = FACE_BOUND('',#5298,.T.);
#5298 = EDGE_LOOP('',(#5299,#5300,#5323,#5344,#5345,#5346));
#5299 = ORIENTED_EDGE('',*,*,#5229,.T.);
#5300 = ORIENTED_EDGE('',*,*,#5301,.F.);
#5301 = EDGE_CURVE('',#5302,#5207,#5304,.T.);
#5302 = VERTEX_POINT('',#5303);
#5303 = CARTESIAN_POINT('',(4.994850158691,15.071018681404,
    -1.514678471079E-02));
#5304 = SURFACE_CURVE('',#5305,(#5309,#5316),.PCURVE_S1.);
#5305 = LINE('',#5306,#5307);
#5306 = CARTESIAN_POINT('',(4.994850158691,7.224882643876,
    -1.515097692282E-02));
#5307 = VECTOR('',#5308,1.);
#5308 = DIRECTION('',(0.,-1.,-5.343027461447E-07));
#5309 = PCURVE('',#3536,#5310);
#5310 = DEFINITIONAL_REPRESENTATION('',(#5311),#5315);
#5311 = LINE('',#5312,#5313);
#5312 = CARTESIAN_POINT('',(2.452351112288,-6.94171758348));
#5313 = VECTOR('',#5314,1.);
#5314 = DIRECTION('',(5.343027461447E-07,-1.));
#5315 = ( GEOMETRIC_REPRESENTATION_CONTEXT(2) 
PARAMETRIC_REPRESENTATION_CONTEXT() REPRESENTATION_CONTEXT('2D SPACE',''
  ) );
#5316 = PCURVE('',#1547,#5317);
#5317 = DEFINITIONAL_REPRESENTATION('',(#5318),#5322);
#5318 = LINE('',#5319,#5320);
#5319 = CARTESIAN_POINT('',(4.907508912436,6.941718893783));
#5320 = VECTOR('',#5321,1.);
#5321 = DIRECTION('',(1.364117036083E-12,-1.));
#5322 = ( GEOMETRIC_REPRESENTATION_CONTEXT(2) 
PARAMETRIC_REPRESENTATION_CONTEXT() REPRESENTATION_CONTEXT('2D SPACE',''
  ) );
#5323 = ORIENTED_EDGE('',*,*,#5324,.F.);
#5324 = EDGE_CURVE('',#3488,#5302,#5325,.T.);
#5325 = SURFACE_CURVE('',#5326,(#5330,#5337),.PCURVE_S1.);
#5326 = LINE('',#5327,#5328);
#5327 = CARTESIAN_POINT('',(4.994850158691,15.071188967793,
    3.165782400532));
#5328 = VECTOR('',#5329,1.);
#5329 = DIRECTION('',(0.,-5.35335364285E-05,-0.999999998567));
#5330 = PCURVE('',#3536,#5331);
#5331 = DEFINITIONAL_REPRESENTATION('',(#5332),#5336);
#5332 = LINE('',#5333,#5334);
#5333 = CARTESIAN_POINT('',(-0.728582265167,0.904588740437));
#5334 = VECTOR('',#5335,1.);
#5335 = DIRECTION('',(0.999999998567,-5.35335364285E-05));
#5336 = ( GEOMETRIC_REPRESENTATION_CONTEXT(2) 
PARAMETRIC_REPRESENTATION_CONTEXT() REPRESENTATION_CONTEXT('2D SPACE',''
  ) );
#5337 = PCURVE('',#3508,#5338);
#5338 = DEFINITIONAL_REPRESENTATION('',(#5339),#5343);
#5339 = LINE('',#5340,#5341);
#5340 = CARTESIAN_POINT('',(0.728630689957,4.995129028971));
#5341 = VECTOR('',#5342,1.);
#5342 = DIRECTION('',(1.,-5.169878828456E-26));
#5343 = ( GEOMETRIC_REPRESENTATION_CONTEXT(2) 
PARAMETRIC_REPRESENTATION_CONTEXT() REPRESENTATION_CONTEXT('2D SPACE',''
  ) );
#5344 = ORIENTED_EDGE('',*,*,#3520,.T.);
#5345 = ORIENTED_EDGE('',*,*,#3549,.T.);
#5346 = ORIENTED_EDGE('',*,*,#5347,.F.);
#5347 = EDGE_CURVE('',#5230,#3550,#5348,.T.);
#5348 = SURFACE_CURVE('',#5349,(#5353,#5360),.PCURVE_S1.);
#5349 = LINE('',#5350,#5351);
#5350 = CARTESIAN_POINT('',(4.994850158691,13.563695287624,
    3.179206666124));
#5351 = VECTOR('',#5352,1.);
#5352 = DIRECTION('',(0.,-1.339436743811E-04,0.99999999103));
#5353 = PCURVE('',#3536,#5354);
#5354 = DEFINITIONAL_REPRESENTATION('',(#5355),#5359);
#5355 = LINE('',#5356,#5357);
#5356 = CARTESIAN_POINT('',(-0.742006530759,-0.602904939732));
#5357 = VECTOR('',#5358,1.);
#5358 = DIRECTION('',(-0.99999999103,-1.339436743811E-04));
#5359 = ( GEOMETRIC_REPRESENTATION_CONTEXT(2) 
PARAMETRIC_REPRESENTATION_CONTEXT() REPRESENTATION_CONTEXT('2D SPACE',''
  ) );
#5360 = PCURVE('',#3587,#5361);
#5361 = DEFINITIONAL_REPRESENTATION('',(#5362),#5366);
#5362 = LINE('',#5363,#5364);
#5363 = CARTESIAN_POINT('',(-0.742087279406,5.054793876938));
#5364 = VECTOR('',#5365,1.);
#5365 = DIRECTION('',(1.,2.584939414228E-26));
#5366 = ( GEOMETRIC_REPRESENTATION_CONTEXT(2) 
PARAMETRIC_REPRESENTATION_CONTEXT() REPRESENTATION_CONTEXT('2D SPACE',''
  ) );
#5367 = ADVANCED_FACE('',(#5368),#3612,.T.);
#5368 = FACE_BOUND('',#5369,.T.);
#5369 = EDGE_LOOP('',(#5370,#5371,#5392,#5393));
#5370 = ORIENTED_EDGE('',*,*,#3599,.T.);
#5371 = ORIENTED_EDGE('',*,*,#5372,.F.);
#5372 = EDGE_CURVE('',#3737,#3486,#5373,.T.);
#5373 = SURFACE_CURVE('',#5374,(#5378,#5385),.PCURVE_S1.);
#5374 = LINE('',#5375,#5376);
#5375 = CARTESIAN_POINT('',(-3.260175439709E-04,15.071211301187,
    3.351749897003));
#5376 = VECTOR('',#5377,1.);
#5377 = DIRECTION('',(0.999999999997,-2.47796993514E-06,0.));
#5378 = PCURVE('',#3612,#5379);
#5379 = DEFINITIONAL_REPRESENTATION('',(#5380),#5384);
#5380 = LINE('',#5381,#5382);
#5381 = CARTESIAN_POINT('',(4.901488095588E-05,0.753711186746));
#5382 = VECTOR('',#5383,1.);
#5383 = DIRECTION('',(0.999999999997,-2.47796993514E-06));
#5384 = ( GEOMETRIC_REPRESENTATION_CONTEXT(2) 
PARAMETRIC_REPRESENTATION_CONTEXT() REPRESENTATION_CONTEXT('2D SPACE',''
  ) );
#5385 = PCURVE('',#3508,#5386);
#5386 = DEFINITIONAL_REPRESENTATION('',(#5387),#5391);
#5387 = LINE('',#5388,#5389);
#5388 = CARTESIAN_POINT('',(0.542663192557,-4.71472792819E-05));
#5389 = VECTOR('',#5390,1.);
#5390 = DIRECTION('',(1.326544937915E-10,1.));
#5391 = ( GEOMETRIC_REPRESENTATION_CONTEXT(2) 
PARAMETRIC_REPRESENTATION_CONTEXT() REPRESENTATION_CONTEXT('2D SPACE',''
  ) );
#5392 = ORIENTED_EDGE('',*,*,#3759,.T.);
#5393 = ORIENTED_EDGE('',*,*,#5394,.F.);
#5394 = EDGE_CURVE('',#3572,#3628,#5395,.T.);
#5395 = SURFACE_CURVE('',#5396,(#5400,#5407),.PCURVE_S1.);
#5396 = LINE('',#5397,#5398);
#5397 = CARTESIAN_POINT('',(-3.015956635343E-02,13.563674723462,
    3.351749897003));
#5398 = VECTOR('',#5399,1.);
#5399 = DIRECTION('',(-1.,5.068472489099E-07,0.));
#5400 = PCURVE('',#3612,#5401);
#5401 = DEFINITIONAL_REPRESENTATION('',(#5402),#5406);
#5402 = LINE('',#5403,#5404);
#5403 = CARTESIAN_POINT('',(-2.97845339285E-02,-0.753825390979));
#5404 = VECTOR('',#5405,1.);
#5405 = DIRECTION('',(-1.,5.068472489099E-07));
#5406 = ( GEOMETRIC_REPRESENTATION_CONTEXT(2) 
PARAMETRIC_REPRESENTATION_CONTEXT() REPRESENTATION_CONTEXT('2D SPACE',''
  ) );
#5407 = PCURVE('',#3587,#5408);
#5408 = DEFINITIONAL_REPRESENTATION('',(#5409),#5413);
#5409 = LINE('',#5410,#5411);
#5410 = CARTESIAN_POINT('',(-0.56954404732,2.978415189284E-02));
#5411 = VECTOR('',#5412,1.);
#5412 = DIRECTION('',(-6.788898286897E-11,-1.));
#5413 = ( GEOMETRIC_REPRESENTATION_CONTEXT(2) 
PARAMETRIC_REPRESENTATION_CONTEXT() REPRESENTATION_CONTEXT('2D SPACE',''
  ) );
#5414 = ADVANCED_FACE('',(#5415),#3695,.F.);
#5415 = FACE_BOUND('',#5416,.T.);
#5416 = EDGE_LOOP('',(#5417,#5442,#5463,#5464,#5465,#5488));
#5417 = ORIENTED_EDGE('',*,*,#5418,.F.);
#5418 = EDGE_CURVE('',#5419,#5421,#5423,.T.);
#5419 = VERTEX_POINT('',#5420);
#5420 = CARTESIAN_POINT('',(-4.9950714999,13.563765161301,1.994913639221
    ));
#5421 = VERTEX_POINT('',#5422);
#5422 = CARTESIAN_POINT('',(-4.994915052557,13.563787657949,
    -1.512208537027E-02));
#5423 = SURFACE_CURVE('',#5424,(#5429,#5436),.PCURVE_S1.);
#5424 = ELLIPSE('',#5425,6.564847013544E+04,3.935345238809E+04);
#5425 = AXIS2_PLACEMENT_3D('',#5426,#5427,#5428);
#5426 = CARTESIAN_POINT('',(1.904984770388,3.936701591794E+04,
    16.452832989782));
#5427 = DIRECTION('',(0.999999981595,-1.753640652875E-04,
    7.782707103989E-05));
#5428 = DIRECTION('',(-7.780426318134E-05,1.300631155187E-04,
    0.999999988515));
#5429 = PCURVE('',#3695,#5430);
#5430 = DEFINITIONAL_REPRESENTATION('',(#5431),#5435);
#5431 = ELLIPSE('',#5432,6.564847013544E+04,3.935345238809E+04);
#5432 = AXIS2_PLACEMENT_2D('',#5433,#5434);
#5433 = CARTESIAN_POINT('',(-14.01509580634,3.935284977289E+04));
#5434 = DIRECTION('',(-0.999999991542,1.300631175186E-04));
#5435 = ( GEOMETRIC_REPRESENTATION_CONTEXT(2) 
PARAMETRIC_REPRESENTATION_CONTEXT() REPRESENTATION_CONTEXT('2D SPACE',''
  ) );
#5436 = PCURVE('',#1395,#5437);
#5437 = DEFINITIONAL_REPRESENTATION('',(#5438),#5441);
#5438 = B_SPLINE_CURVE_WITH_KNOTS('',1,(#5439,#5440),.UNSPECIFIED.,.F.,
  .F.,(2,2),(1.571094518286,1.571125136453),.PIECEWISE_BEZIER_KNOTS.);
#5439 = CARTESIAN_POINT('',(1.570876188421,1.645558053079));
#5440 = CARTESIAN_POINT('',(1.570906806588,3.671188891928E-02));
#5441 = ( GEOMETRIC_REPRESENTATION_CONTEXT(2) 
PARAMETRIC_REPRESENTATION_CONTEXT() REPRESENTATION_CONTEXT('2D SPACE',''
  ) );
#5442 = ORIENTED_EDGE('',*,*,#5443,.F.);
#5443 = EDGE_CURVE('',#3630,#5419,#5444,.T.);
#5444 = SURFACE_CURVE('',#5445,(#5449,#5456),.PCURVE_S1.);
#5445 = LINE('',#5446,#5447);
#5446 = CARTESIAN_POINT('',(-4.995163658166,13.563700376768,
    3.179014545592));
#5447 = VECTOR('',#5448,1.);
#5448 = DIRECTION('',(7.785056043899E-05,1.339436345169E-04,
    -0.999999987999));
#5449 = PCURVE('',#3695,#5450);
#5450 = DEFINITIONAL_REPRESENTATION('',(#5451),#5455);
#5451 = LINE('',#5452,#5453);
#5452 = CARTESIAN_POINT('',(-0.741814420704,-0.603049777463));
#5453 = VECTOR('',#5454,1.);
#5454 = DIRECTION('',(0.99999999103,1.339436365765E-04));
#5455 = ( GEOMETRIC_REPRESENTATION_CONTEXT(2) 
PARAMETRIC_REPRESENTATION_CONTEXT() REPRESENTATION_CONTEXT('2D SPACE',''
  ) );
#5456 = PCURVE('',#3587,#5457);
#5457 = DEFINITIONAL_REPRESENTATION('',(#5458),#5462);
#5458 = LINE('',#5459,#5460);
#5459 = CARTESIAN_POINT('',(-0.742279400618,-4.93521993992));
#5460 = VECTOR('',#5461,1.);
#5461 = DIRECTION('',(-0.99999999697,7.7850560439E-05));
#5462 = ( GEOMETRIC_REPRESENTATION_CONTEXT(2) 
PARAMETRIC_REPRESENTATION_CONTEXT() REPRESENTATION_CONTEXT('2D SPACE',''
  ) );
#5463 = ORIENTED_EDGE('',*,*,#3680,.T.);
#5464 = ORIENTED_EDGE('',*,*,#3707,.T.);
#5465 = ORIENTED_EDGE('',*,*,#5466,.F.);
#5466 = EDGE_CURVE('',#5467,#3708,#5469,.T.);
#5467 = VERTEX_POINT('',#5468);
#5468 = CARTESIAN_POINT('',(-4.994650734114,15.071043436453,
    -1.51212807142E-02));
#5469 = SURFACE_CURVE('',#5470,(#5474,#5481),.PCURVE_S1.);
#5470 = LINE('',#5471,#5472);
#5471 = CARTESIAN_POINT('',(-4.994898249551,15.071213711686,
    3.165588072241));
#5472 = VECTOR('',#5473,1.);
#5473 = DIRECTION('',(-7.781768423258E-05,5.35337290963E-05,
    0.999999995539));
#5474 = PCURVE('',#3695,#5475);
#5475 = DEFINITIONAL_REPRESENTATION('',(#5476),#5480);
#5476 = LINE('',#5477,#5478);
#5477 = CARTESIAN_POINT('',(-0.728387926738,0.904463580635));
#5478 = VECTOR('',#5479,1.);
#5479 = DIRECTION('',(-0.999999998567,5.353372991945E-05));
#5480 = ( GEOMETRIC_REPRESENTATION_CONTEXT(2) 
PARAMETRIC_REPRESENTATION_CONTEXT() REPRESENTATION_CONTEXT('2D SPACE',''
  ) );
#5481 = PCURVE('',#3508,#5482);
#5482 = DEFINITIONAL_REPRESENTATION('',(#5483),#5487);
#5483 = LINE('',#5484,#5485);
#5484 = CARTESIAN_POINT('',(0.728825016923,-4.994619379302));
#5485 = VECTOR('',#5486,1.);
#5486 = DIRECTION('',(-0.999999996972,-7.781768423281E-05));
#5487 = ( GEOMETRIC_REPRESENTATION_CONTEXT(2) 
PARAMETRIC_REPRESENTATION_CONTEXT() REPRESENTATION_CONTEXT('2D SPACE',''
  ) );
#5488 = ORIENTED_EDGE('',*,*,#5489,.F.);
#5489 = EDGE_CURVE('',#5421,#5467,#5490,.T.);
#5490 = SURFACE_CURVE('',#5491,(#5495,#5502),.PCURVE_S1.);
#5491 = LINE('',#5492,#5493);
#5492 = CARTESIAN_POINT('',(-4.996026577143,7.225403412038,
    -1.512546914857E-02));
#5493 = VECTOR('',#5494,1.);
#5494 = DIRECTION('',(1.753640242702E-04,0.999999984624,
    5.338550197492E-07));
#5495 = PCURVE('',#3695,#5496);
#5496 = DEFINITIONAL_REPRESENTATION('',(#5497),#5501);
#5497 = LINE('',#5498,#5499);
#5498 = CARTESIAN_POINT('',(2.452325517205,-6.941346839652));
#5499 = VECTOR('',#5500,1.);
#5500 = DIRECTION('',(-5.202069495479E-07,1.));
#5501 = ( GEOMETRIC_REPRESENTATION_CONTEXT(2) 
PARAMETRIC_REPRESENTATION_CONTEXT() REPRESENTATION_CONTEXT('2D SPACE',''
  ) );
#5502 = PCURVE('',#1547,#5503);
#5503 = DEFINITIONAL_REPRESENTATION('',(#5504),#5508);
#5504 = LINE('',#5505,#5506);
#5505 = CARTESIAN_POINT('',(-5.083367823431,6.942239661945));
#5506 = VECTOR('',#5507,1.);
#5507 = DIRECTION('',(1.753640229067E-04,0.999999984624));
#5508 = ( GEOMETRIC_REPRESENTATION_CONTEXT(2) 
PARAMETRIC_REPRESENTATION_CONTEXT() REPRESENTATION_CONTEXT('2D SPACE',''
  ) );
#5509 = ADVANCED_FACE('',(#5510),#1976,.F.);
#5510 = FACE_BOUND('',#5511,.T.);
#5511 = EDGE_LOOP('',(#5512,#5533,#5534,#5555));
#5512 = ORIENTED_EDGE('',*,*,#5513,.F.);
#5513 = EDGE_CURVE('',#4566,#1962,#5514,.T.);
#5514 = SURFACE_CURVE('',#5515,(#5519,#5526),.PCURVE_S1.);
#5515 = LINE('',#5516,#5517);
#5516 = CARTESIAN_POINT('',(-5.960231001634,12.05624961853,
    1.994918279874));
#5517 = VECTOR('',#5518,1.);
#5518 = DIRECTION('',(-1.,0.,1.073896550898E-07));
#5519 = PCURVE('',#1976,#5520);
#5520 = DEFINITIONAL_REPRESENTATION('',(#5521),#5525);
#5521 = LINE('',#5522,#5523);
#5522 = CARTESIAN_POINT('',(-2.010081655753,4.592456166487));
#5523 = VECTOR('',#5524,1.);
#5524 = DIRECTION('',(1.073896550898E-07,-1.));
#5525 = ( GEOMETRIC_REPRESENTATION_CONTEXT(2) 
PARAMETRIC_REPRESENTATION_CONTEXT() REPRESENTATION_CONTEXT('2D SPACE',''
  ) );
#5526 = PCURVE('',#71,#5527);
#5527 = DEFINITIONAL_REPRESENTATION('',(#5528),#5532);
#5528 = LINE('',#5529,#5530);
#5529 = CARTESIAN_POINT('',(-4.592456382349,14.367990848571));
#5530 = VECTOR('',#5531,1.);
#5531 = DIRECTION('',(-1.,0.));
#5532 = ( GEOMETRIC_REPRESENTATION_CONTEXT(2) 
PARAMETRIC_REPRESENTATION_CONTEXT() REPRESENTATION_CONTEXT('2D SPACE',''
  ) );
#5533 = ORIENTED_EDGE('',*,*,#4565,.T.);
#5534 = ORIENTED_EDGE('',*,*,#5535,.F.);
#5535 = EDGE_CURVE('',#1960,#4568,#5536,.T.);
#5536 = SURFACE_CURVE('',#5537,(#5541,#5548),.PCURVE_S1.);
#5537 = LINE('',#5538,#5539);
#5538 = CARTESIAN_POINT('',(-10.55265896572,12.05624961853,
    6.015014971149));
#5539 = VECTOR('',#5540,1.);
#5540 = DIRECTION('',(0.999999999968,0.,-7.999539714071E-06));
#5541 = PCURVE('',#1976,#5542);
#5542 = DEFINITIONAL_REPRESENTATION('',(#5543),#5547);
#5543 = LINE('',#5544,#5545);
#5544 = CARTESIAN_POINT('',(2.010015035522,2.820240069923E-05));
#5545 = VECTOR('',#5546,1.);
#5546 = DIRECTION('',(-7.999539714071E-06,0.999999999968));
#5547 = ( GEOMETRIC_REPRESENTATION_CONTEXT(2) 
PARAMETRIC_REPRESENTATION_CONTEXT() REPRESENTATION_CONTEXT('2D SPACE',''
  ) );
#5548 = PCURVE('',#237,#5549);
#5549 = DEFINITIONAL_REPRESENTATION('',(#5550),#5554);
#5550 = LINE('',#5551,#5552);
#5551 = CARTESIAN_POINT('',(-1.212320577375E-05,-0.753714875113));
#5552 = VECTOR('',#5553,1.);
#5553 = DIRECTION('',(1.,4.135903062765E-25));
#5554 = ( GEOMETRIC_REPRESENTATION_CONTEXT(2) 
PARAMETRIC_REPRESENTATION_CONTEXT() REPRESENTATION_CONTEXT('2D SPACE',''
  ) );
#5555 = ORIENTED_EDGE('',*,*,#1959,.T.);
#5556 = ADVANCED_FACE('',(#5557),#1395,.F.);
#5557 = FACE_BOUND('',#5558,.F.);
#5558 = EDGE_LOOP('',(#5559,#5560,#5585,#5586,#5587,#5588,#5613,#5614,
    #5615,#5640,#5641));
#5559 = ORIENTED_EDGE('',*,*,#5418,.F.);
#5560 = ORIENTED_EDGE('',*,*,#5561,.T.);
#5561 = EDGE_CURVE('',#5419,#3850,#5562,.T.);
#5562 = SURFACE_CURVE('',#5563,(#5568,#5574),.PCURVE_S1.);
#5563 = ELLIPSE('',#5564,4.91639473577E+04,3.935345238809E+04);
#5564 = AXIS2_PLACEMENT_3D('',#5565,#5566,#5567);
#5565 = CARTESIAN_POINT('',(-9.01019846035,3.936701593651E+04,
    1.876308462081));
#5566 = DIRECTION('',(-1.073896550893E-07,-3.013855083847E-06,
    -0.999999999995));
#5567 = DIRECTION('',(-0.999999999984,5.72630249193E-06,
    1.073723968422E-07));
#5568 = PCURVE('',#1395,#5569);
#5569 = DEFINITIONAL_REPRESENTATION('',(#5570),#5573);
#5570 = B_SPLINE_CURVE_WITH_KNOTS('',1,(#5571,#5572),.UNSPECIFIED.,.F.,
  .F.,(2,2),(4.71230272863,4.712394986828),.PIECEWISE_BEZIER_KNOTS.);
#5571 = CARTESIAN_POINT('',(1.570876188422,1.645558060334));
#5572 = CARTESIAN_POINT('',(1.570783930224,-1.073163610941));
#5573 = ( GEOMETRIC_REPRESENTATION_CONTEXT(2) 
PARAMETRIC_REPRESENTATION_CONTEXT() REPRESENTATION_CONTEXT('2D SPACE',''
  ) );
#5574 = PCURVE('',#71,#5575);
#5575 = DEFINITIONAL_REPRESENTATION('',(#5576),#5584);
#5576 = ( BOUNDED_CURVE() B_SPLINE_CURVE(2,(#5577,#5578,#5579,#5580,
#5581,#5582,#5583),.UNSPECIFIED.,.T.,.F.) B_SPLINE_CURVE_WITH_KNOTS((1,2
    ,2,2,2,1),(-2.094395102393,0.,2.094395102393,4.188790204786,
6.28318530718,8.377580409573),.UNSPECIFIED.) CURVE() 
GEOMETRIC_REPRESENTATION_ITEM() RATIONAL_B_SPLINE_CURVE((1.,0.5,1.,0.5,
1.,0.5,1.)) REPRESENTATION_ITEM('') );
#5577 = CARTESIAN_POINT('',(-4.917158978072E+04,3.936960920555E+04));
#5578 = CARTESIAN_POINT('',(-4.917119946347E+04,1.075317881938E+05));
#5579 = CARTESIAN_POINT('',(2.457452641325E+04,7.345027640825E+04));
#5580 = CARTESIAN_POINT('',(9.832025228996E+04,3.936876462265E+04));
#5581 = CARTESIAN_POINT('',(2.457413609599E+04,5.288097419952E+03));
#5582 = CARTESIAN_POINT('',(-4.917198009798E+04,-2.879256978275E+04));
#5583 = CARTESIAN_POINT('',(-4.917158978072E+04,3.936960920555E+04));
#5584 = ( GEOMETRIC_REPRESENTATION_CONTEXT(2) 
PARAMETRIC_REPRESENTATION_CONTEXT() REPRESENTATION_CONTEXT('2D SPACE',''
  ) );
#5585 = ORIENTED_EDGE('',*,*,#3876,.T.);
#5586 = ORIENTED_EDGE('',*,*,#3782,.F.);
#5587 = ORIENTED_EDGE('',*,*,#3806,.F.);
#5588 = ORIENTED_EDGE('',*,*,#5589,.T.);
#5589 = EDGE_CURVE('',#3807,#1357,#5590,.T.);
#5590 = SURFACE_CURVE('',#5591,(#5596,#5602),.PCURVE_S1.);
#5591 = ELLIPSE('',#5592,4.916365710233E+04,3.935345238809E+04);
#5592 = AXIS2_PLACEMENT_3D('',#5593,#5594,#5595);
#5593 = CARTESIAN_POINT('',(-9.077666350897,3.936701593662E+04,
    1.786209437575));
#5594 = DIRECTION('',(-7.99953966789E-06,-1.074526246094E-04,
    -0.999999994195));
#5595 = DIRECTION('',(-0.999999989427,1.451999630329E-04,
    7.983937512533E-06));
#5596 = PCURVE('',#1395,#5597);
#5597 = DEFINITIONAL_REPRESENTATION('',(#5598),#5601);
#5598 = B_SPLINE_CURVE_WITH_KNOTS('',1,(#5599,#5600),.UNSPECIFIED.,.F.,
  .F.,(2,2),(4.712282311088,4.71232319495),.PIECEWISE_BEZIER_KNOTS.);
#5599 = CARTESIAN_POINT('',(1.570722363714,2.134623183077));
#5600 = CARTESIAN_POINT('',(1.570681479851,0.929852018968));
#5601 = ( GEOMETRIC_REPRESENTATION_CONTEXT(2) 
PARAMETRIC_REPRESENTATION_CONTEXT() REPRESENTATION_CONTEXT('2D SPACE',''
  ) );
#5602 = PCURVE('',#237,#5603);
#5603 = DEFINITIONAL_REPRESENTATION('',(#5604),#5612);
#5604 = ( BOUNDED_CURVE() B_SPLINE_CURVE(2,(#5605,#5606,#5607,#5608,
#5609,#5610,#5611),.UNSPECIFIED.,.T.,.F.) B_SPLINE_CURVE_WITH_KNOTS((1,2
    ,2,2,2,1),(-2.094395102393,0.,2.094395102393,4.188790204786,
6.28318530718,8.377580409573),.UNSPECIFIED.) CURVE() 
GEOMETRIC_REPRESENTATION_ITEM() RATIONAL_B_SPLINE_CURVE((1.,0.5,1.,0.5,
1.,0.5,1.)) REPRESENTATION_ITEM('') );
#5605 = CARTESIAN_POINT('',(-4.916218156975E+04,3.936134476056E+04));
#5606 = CARTESIAN_POINT('',(-4.915228442382E+04,1.075235230314E+05));
#5607 = CARTESIAN_POINT('',(2.458825187932E+04,7.343172605415E+04));
#5608 = CARTESIAN_POINT('',(9.832878818246E+04,3.933992907686E+04));
#5609 = CARTESIAN_POINT('',(2.457835473339E+04,5.269547783269E+03));
#5610 = CARTESIAN_POINT('',(-4.917207871568E+04,-2.880083351032E+04));
#5611 = CARTESIAN_POINT('',(-4.916218156975E+04,3.936134476056E+04));
#5612 = ( GEOMETRIC_REPRESENTATION_CONTEXT(2) 
PARAMETRIC_REPRESENTATION_CONTEXT() REPRESENTATION_CONTEXT('2D SPACE',''
  ) );
#5613 = ORIENTED_EDGE('',*,*,#1379,.F.);
#5614 = ORIENTED_EDGE('',*,*,#1406,.F.);
#5615 = ORIENTED_EDGE('',*,*,#5616,.T.);
#5616 = EDGE_CURVE('',#1407,#1490,#5617,.T.);
#5617 = SURFACE_CURVE('',#5618,(#5623,#5629),.PCURVE_S1.);
#5618 = ELLIPSE('',#5619,4.91639473577E+04,3.935345238809E+04);
#5619 = AXIS2_PLACEMENT_3D('',#5620,#5621,#5622);
#5620 = CARTESIAN_POINT('',(-9.01019846035,3.936701593651E+04,
    1.876308462081));
#5621 = DIRECTION('',(-1.073896550893E-07,-3.013855083847E-06,
    -0.999999999995));
#5622 = DIRECTION('',(-0.999999999984,5.72630249193E-06,
    1.073723968422E-07));
#5623 = PCURVE('',#1395,#5624);
#5624 = DEFINITIONAL_REPRESENTATION('',(#5625),#5628);
#5625 = B_SPLINE_CURVE_WITH_KNOTS('',1,(#5626,#5627),.UNSPECIFIED.,.F.,
  .F.,(2,2),(4.712436651521,4.712466871839),.PIECEWISE_BEZIER_KNOTS.);
#5626 = CARTESIAN_POINT('',(1.57074226553,-2.30096458923));
#5627 = CARTESIAN_POINT('',(1.570712045212,-3.191515627223));
#5628 = ( GEOMETRIC_REPRESENTATION_CONTEXT(2) 
PARAMETRIC_REPRESENTATION_CONTEXT() REPRESENTATION_CONTEXT('2D SPACE',''
  ) );
#5629 = PCURVE('',#71,#5630);
#5630 = DEFINITIONAL_REPRESENTATION('',(#5631),#5639);
#5631 = ( BOUNDED_CURVE() B_SPLINE_CURVE(2,(#5632,#5633,#5634,#5635,
#5636,#5637,#5638),.UNSPECIFIED.,.T.,.F.) B_SPLINE_CURVE_WITH_KNOTS((1,2
    ,2,2,2,1),(-2.094395102393,0.,2.094395102393,4.188790204786,
6.28318530718,8.377580409573),.UNSPECIFIED.) CURVE() 
GEOMETRIC_REPRESENTATION_ITEM() RATIONAL_B_SPLINE_CURVE((1.,0.5,1.,0.5,
1.,0.5,1.)) REPRESENTATION_ITEM('') );
#5632 = CARTESIAN_POINT('',(-4.917158978072E+04,3.936960920555E+04));
#5633 = CARTESIAN_POINT('',(-4.917119946347E+04,1.075317881938E+05));
#5634 = CARTESIAN_POINT('',(2.457452641325E+04,7.345027640825E+04));
#5635 = CARTESIAN_POINT('',(9.832025228996E+04,3.936876462265E+04));
#5636 = CARTESIAN_POINT('',(2.457413609599E+04,5.288097419952E+03));
#5637 = CARTESIAN_POINT('',(-4.917198009798E+04,-2.879256978275E+04));
#5638 = CARTESIAN_POINT('',(-4.917158978072E+04,3.936960920555E+04));
#5639 = ( GEOMETRIC_REPRESENTATION_CONTEXT(2) 
PARAMETRIC_REPRESENTATION_CONTEXT() REPRESENTATION_CONTEXT('2D SPACE',''
  ) );
#5640 = ORIENTED_EDGE('',*,*,#1512,.F.);
#5641 = ORIENTED_EDGE('',*,*,#5642,.T.);
#5642 = EDGE_CURVE('',#1513,#5421,#5643,.T.);
#5643 = SURFACE_CURVE('',#5644,(#5649,#5655),.PCURVE_S1.);
#5644 = ELLIPSE('',#5645,4.916385731976E+04,3.935345238809E+04);
#5645 = AXIS2_PLACEMENT_3D('',#5646,#5647,#5648);
#5646 = CARTESIAN_POINT('',(-10.41078268117,3.936701593889E+04,
    5.918399321461E-03));
#5647 = DIRECTION('',(2.553078841397E-06,-5.34302746143E-07,
    0.999999999997));
#5648 = DIRECTION('',(-0.999999999996,9.879669861338E-07,
    2.553079369269E-06));
#5649 = PCURVE('',#1395,#5650);
#5650 = DEFINITIONAL_REPRESENTATION('',(#5651),#5654);
#5651 = B_SPLINE_CURVE_WITH_KNOTS('',1,(#5652,#5653),.UNSPECIFIED.,.F.,
  .F.,(2,2),(1.570743130462,1.570907277154),.PIECEWISE_BEZIER_KNOTS.);
#5652 = CARTESIAN_POINT('',(1.570742659896,-4.800439771413));
#5653 = CARTESIAN_POINT('',(1.570906806588,3.671188891637E-02));
#5654 = ( GEOMETRIC_REPRESENTATION_CONTEXT(2) 
PARAMETRIC_REPRESENTATION_CONTEXT() REPRESENTATION_CONTEXT('2D SPACE',''
  ) );
#5655 = PCURVE('',#1547,#5656);
#5656 = DEFINITIONAL_REPRESENTATION('',(#5657),#5661);
#5657 = ELLIPSE('',#5658,4.916385731976E+04,3.935345238809E+04);
#5658 = AXIS2_PLACEMENT_2D('',#5659,#5660);
#5659 = CARTESIAN_POINT('',(-10.49812398117,3.936673277515E+04));
#5660 = DIRECTION('',(-1.,9.87966986134E-07));
#5661 = ( GEOMETRIC_REPRESENTATION_CONTEXT(2) 
PARAMETRIC_REPRESENTATION_CONTEXT() REPRESENTATION_CONTEXT('2D SPACE',''
  ) );
#5662 = ADVANCED_FACE('',(#5663),#2119,.F.);
#5663 = FACE_BOUND('',#5664,.T.);
#5664 = EDGE_LOOP('',(#5665,#5686,#5687,#5708));
#5665 = ORIENTED_EDGE('',*,*,#5666,.F.);
#5666 = EDGE_CURVE('',#4460,#2073,#5667,.T.);
#5667 = SURFACE_CURVE('',#5668,(#5672,#5679),.PCURVE_S1.);
#5668 = LINE('',#5669,#5670);
#5669 = CARTESIAN_POINT('',(-10.05024800342,9.041250228882,
    4.507400944566));
#5670 = VECTOR('',#5671,1.);
#5671 = DIRECTION('',(-0.999999992195,0.,-1.249381965722E-04));
#5672 = PCURVE('',#2119,#5673);
#5673 = DEFINITIONAL_REPRESENTATION('',(#5674),#5678);
#5674 = LINE('',#5675,#5676);
#5675 = CARTESIAN_POINT('',(-1.256150856351,-6.089252430108E-05));
#5676 = VECTOR('',#5677,1.);
#5677 = DIRECTION('',(1.249381965722E-04,-0.999999992195));
#5678 = ( GEOMETRIC_REPRESENTATION_CONTEXT(2) 
PARAMETRIC_REPRESENTATION_CONTEXT() REPRESENTATION_CONTEXT('2D SPACE',''
  ) );
#5679 = PCURVE('',#2088,#5680);
#5680 = DEFINITIONAL_REPRESENTATION('',(#5681),#5685);
#5681 = LINE('',#5682,#5683);
#5682 = CARTESIAN_POINT('',(9.604869866821E-05,2.010056070392));
#5683 = VECTOR('',#5684,1.);
#5684 = DIRECTION('',(1.,5.169878828456E-26));
#5685 = ( GEOMETRIC_REPRESENTATION_CONTEXT(2) 
PARAMETRIC_REPRESENTATION_CONTEXT() REPRESENTATION_CONTEXT('2D SPACE',''
  ) );
#5686 = ORIENTED_EDGE('',*,*,#4459,.T.);
#5687 = ORIENTED_EDGE('',*,*,#5688,.F.);
#5688 = EDGE_CURVE('',#2105,#4462,#5689,.T.);
#5689 = SURFACE_CURVE('',#5690,(#5694,#5701),.PCURVE_S1.);
#5690 = LINE('',#5691,#5692);
#5691 = CARTESIAN_POINT('',(-5.70898093255,9.041250228882,1.994927339663
    ));
#5692 = VECTOR('',#5693,1.);
#5693 = DIRECTION('',(1.,0.,-1.073896550898E-07));
#5694 = PCURVE('',#2119,#5695);
#5695 = DEFINITIONAL_REPRESENTATION('',(#5696),#5700);
#5696 = LINE('',#5697,#5698);
#5697 = CARTESIAN_POINT('',(1.256322748552,4.341206178351));
#5698 = VECTOR('',#5699,1.);
#5699 = DIRECTION('',(1.073896550898E-07,1.));
#5700 = ( GEOMETRIC_REPRESENTATION_CONTEXT(2) 
PARAMETRIC_REPRESENTATION_CONTEXT() REPRESENTATION_CONTEXT('2D SPACE',''
  ) );
#5701 = PCURVE('',#71,#5702);
#5702 = DEFINITIONAL_REPRESENTATION('',(#5703),#5707);
#5703 = LINE('',#5704,#5705);
#5704 = CARTESIAN_POINT('',(-4.341206313267,11.352991458909));
#5705 = VECTOR('',#5706,1.);
#5706 = DIRECTION('',(1.,0.));
#5707 = ( GEOMETRIC_REPRESENTATION_CONTEXT(2) 
PARAMETRIC_REPRESENTATION_CONTEXT() REPRESENTATION_CONTEXT('2D SPACE',''
  ) );
#5708 = ORIENTED_EDGE('',*,*,#2104,.T.);
#5709 = ADVANCED_FACE('',(#5710),#2445,.T.);
#5710 = FACE_BOUND('',#5711,.T.);
#5711 = EDGE_LOOP('',(#5712,#5713,#5734,#5735));
#5712 = ORIENTED_EDGE('',*,*,#2423,.T.);
#5713 = ORIENTED_EDGE('',*,*,#5714,.F.);
#5714 = EDGE_CURVE('',#4516,#2426,#5715,.T.);
#5715 = SURFACE_CURVE('',#5716,(#5720,#5727),.PCURVE_S1.);
#5716 = LINE('',#5717,#5718);
#5717 = CARTESIAN_POINT('',(-9.045000076294,2.359658674125,
    1.994947835266));
#5718 = VECTOR('',#5719,1.);
#5719 = DIRECTION('',(0.,-0.999999999995,3.013855083847E-06));
#5720 = PCURVE('',#2445,#5721);
#5721 = DEFINITIONAL_REPRESENTATION('',(#5722),#5726);
#5722 = LINE('',#5723,#5724);
#5723 = CARTESIAN_POINT('',(1.256302252949,-4.671403690453));
#5724 = VECTOR('',#5725,1.);
#5725 = DIRECTION('',(-3.013855083847E-06,-0.999999999995));
#5726 = ( GEOMETRIC_REPRESENTATION_CONTEXT(2) 
PARAMETRIC_REPRESENTATION_CONTEXT() REPRESENTATION_CONTEXT('2D SPACE',''
  ) );
#5727 = PCURVE('',#71,#5728);
#5728 = DEFINITIONAL_REPRESENTATION('',(#5729),#5733);
#5729 = LINE('',#5730,#5731);
#5730 = CARTESIAN_POINT('',(-7.677225457012,4.671399904122));
#5731 = VECTOR('',#5732,1.);
#5732 = DIRECTION('',(-3.23656857945E-13,-1.));
#5733 = ( GEOMETRIC_REPRESENTATION_CONTEXT(2) 
PARAMETRIC_REPRESENTATION_CONTEXT() REPRESENTATION_CONTEXT('2D SPACE',''
  ) );
#5734 = ORIENTED_EDGE('',*,*,#4515,.T.);
#5735 = ORIENTED_EDGE('',*,*,#5736,.F.);
#5736 = EDGE_CURVE('',#2424,#4489,#5737,.T.);
#5737 = SURFACE_CURVE('',#5738,(#5742,#5749),.PCURVE_S1.);
#5738 = LINE('',#5739,#5740);
#5739 = CARTESIAN_POINT('',(-9.045000076294,7.031126007273,4.50751932516
    ));
#5740 = VECTOR('',#5741,1.);
#5741 = DIRECTION('',(0.,0.999999999994,3.588469620038E-06));
#5742 = PCURVE('',#2445,#5743);
#5743 = DEFINITIONAL_REPRESENTATION('',(#5744),#5748);
#5744 = LINE('',#5745,#5746);
#5745 = CARTESIAN_POINT('',(-1.256269236945,6.364269481995E-05));
#5746 = VECTOR('',#5747,1.);
#5747 = DIRECTION('',(-3.588469620038E-06,0.999999999994));
#5748 = ( GEOMETRIC_REPRESENTATION_CONTEXT(2) 
PARAMETRIC_REPRESENTATION_CONTEXT() REPRESENTATION_CONTEXT('2D SPACE',''
  ) );
#5749 = PCURVE('',#2088,#5750);
#5750 = DEFINITIONAL_REPRESENTATION('',(#5751),#5755);
#5751 = LINE('',#5752,#5753);
#5752 = CARTESIAN_POINT('',(-1.005151885377,-6.815122945935E-05));
#5753 = VECTOR('',#5754,1.);
#5754 = DIRECTION('',(-4.483369227817E-10,1.));
#5755 = ( GEOMETRIC_REPRESENTATION_CONTEXT(2) 
PARAMETRIC_REPRESENTATION_CONTEXT() REPRESENTATION_CONTEXT('2D SPACE',''
  ) );
#5756 = ADVANCED_FACE('',(#5757),#2060,.F.);
#5757 = FACE_BOUND('',#5758,.T.);
#5758 = EDGE_LOOP('',(#5759,#5760,#5781,#5782));
#5759 = ORIENTED_EDGE('',*,*,#2299,.T.);
#5760 = ORIENTED_EDGE('',*,*,#5761,.F.);
#5761 = EDGE_CURVE('',#2039,#2273,#5762,.T.);
#5762 = SURFACE_CURVE('',#5763,(#5767,#5774),.PCURVE_S1.);
#5763 = LINE('',#5764,#5765);
#5764 = CARTESIAN_POINT('',(-11.05500030517,7.031126008174,
    4.507268199354));
#5765 = VECTOR('',#5766,1.);
#5766 = DIRECTION('',(0.,-0.999999999994,-3.588469620038E-06));
#5767 = PCURVE('',#2060,#5768);
#5768 = DEFINITIONAL_REPRESENTATION('',(#5769),#5773);
#5769 = LINE('',#5770,#5771);
#5770 = CARTESIAN_POINT('',(-1.25601811114,6.364359597022E-05));
#5771 = VECTOR('',#5772,1.);
#5772 = DIRECTION('',(3.588469620038E-06,-0.999999999994));
#5773 = ( GEOMETRIC_REPRESENTATION_CONTEXT(2) 
PARAMETRIC_REPRESENTATION_CONTEXT() REPRESENTATION_CONTEXT('2D SPACE',''
  ) );
#5774 = PCURVE('',#2088,#5775);
#5775 = DEFINITIONAL_REPRESENTATION('',(#5776),#5780);
#5776 = LINE('',#5777,#5778);
#5777 = CARTESIAN_POINT('',(1.004848359192,-6.815032830909E-05));
#5778 = VECTOR('',#5779,1.);
#5779 = DIRECTION('',(4.483369227817E-10,-1.));
#5780 = ( GEOMETRIC_REPRESENTATION_CONTEXT(2) 
PARAMETRIC_REPRESENTATION_CONTEXT() REPRESENTATION_CONTEXT('2D SPACE',''
  ) );
#5781 = ORIENTED_EDGE('',*,*,#2038,.T.);
#5782 = ORIENTED_EDGE('',*,*,#5783,.F.);
#5783 = EDGE_CURVE('',#2300,#2041,#5784,.T.);
#5784 = SURFACE_CURVE('',#5785,(#5789,#5796),.PCURVE_S1.);
#5785 = LINE('',#5786,#5787);
#5786 = CARTESIAN_POINT('',(-11.05500030517,2.359658674126,
    1.994948051119));
#5787 = VECTOR('',#5788,1.);
#5788 = DIRECTION('',(0.,0.999999999995,-3.013855083847E-06));
#5789 = PCURVE('',#2060,#5790);
#5790 = DEFINITIONAL_REPRESENTATION('',(#5791),#5795);
#5791 = LINE('',#5792,#5793);
#5792 = CARTESIAN_POINT('',(1.256302037096,-4.671403690453));
#5793 = VECTOR('',#5794,1.);
#5794 = DIRECTION('',(3.013855083847E-06,0.999999999995));
#5795 = ( GEOMETRIC_REPRESENTATION_CONTEXT(2) 
PARAMETRIC_REPRESENTATION_CONTEXT() REPRESENTATION_CONTEXT('2D SPACE',''
  ) );
#5796 = PCURVE('',#71,#5797);
#5797 = DEFINITIONAL_REPRESENTATION('',(#5798),#5802);
#5798 = LINE('',#5799,#5800);
#5799 = CARTESIAN_POINT('',(-9.687225685894,4.671399904122));
#5800 = VECTOR('',#5801,1.);
#5801 = DIRECTION('',(3.23656857945E-13,1.));
#5802 = ( GEOMETRIC_REPRESENTATION_CONTEXT(2) 
PARAMETRIC_REPRESENTATION_CONTEXT() REPRESENTATION_CONTEXT('2D SPACE',''
  ) );
#5803 = ADVANCED_FACE('',(#5804),#1584,.F.);
#5804 = FACE_BOUND('',#5805,.F.);
#5805 = EDGE_LOOP('',(#5806,#5826,#5827,#5828,#5848,#5849,#5850,#5851,
    #5871,#5872,#5892));
#5806 = ORIENTED_EDGE('',*,*,#5807,.T.);
#5807 = EDGE_CURVE('',#1723,#1569,#5808,.T.);
#5808 = SURFACE_CURVE('',#5809,(#5813,#5819),.PCURVE_S1.);
#5809 = ( BOUNDED_CURVE() B_SPLINE_CURVE(2,(#5810,#5811,#5812),
.UNSPECIFIED.,.F.,.F.) B_SPLINE_CURVE_WITH_KNOTS((3,3),(-31.76445937775,
-23.23333639214),.PIECEWISE_BEZIER_KNOTS.) CURVE() 
GEOMETRIC_REPRESENTATION_ITEM() RATIONAL_B_SPLINE_CURVE((0.999999998587,
0.999999997706,0.999999997401)) REPRESENTATION_ITEM('') );
#5810 = CARTESIAN_POINT('',(-13.06499960895,-13.57121970563,
    1.994996280331));
#5811 = CARTESIAN_POINT('',(-8.799438052135,-13.57116005636,
    1.994995822074));
#5812 = CARTESIAN_POINT('',(-4.533876528232,-13.57113381436,
    1.994995363918));
#5813 = PCURVE('',#1584,#5814);
#5814 = DEFINITIONAL_REPRESENTATION('',(#5815),#5818);
#5815 = B_SPLINE_CURVE_WITH_KNOTS('',1,(#5816,#5817),.UNSPECIFIED.,.F.,
  .F.,(2,2),(-31.7644593496,-23.23333639257),.PIECEWISE_BEZIER_KNOTS.);
#5816 = CARTESIAN_POINT('',(4.939790192589E-05,0.601598445307));
#5817 = CARTESIAN_POINT('',(1.804435296722E-05,8.862281388056));
#5818 = ( GEOMETRIC_REPRESENTATION_CONTEXT(2) 
PARAMETRIC_REPRESENTATION_CONTEXT() REPRESENTATION_CONTEXT('2D SPACE',''
  ) );
#5819 = PCURVE('',#71,#5820);
#5820 = DEFINITIONAL_REPRESENTATION('',(#5821),#5825);
#5821 = ( BOUNDED_CURVE() B_SPLINE_CURVE(2,(#5822,#5823,#5824),
.UNSPECIFIED.,.F.,.F.) B_SPLINE_CURVE_WITH_KNOTS((3,3),(-31.76445937775,
-23.23333639214),.PIECEWISE_BEZIER_KNOTS.) CURVE() 
GEOMETRIC_REPRESENTATION_ITEM() RATIONAL_B_SPLINE_CURVE((0.999999998587,
0.999999997706,0.999999997401)) REPRESENTATION_ITEM('') );
#5822 = CARTESIAN_POINT('',(-11.69722498967,-11.2594784757));
#5823 = CARTESIAN_POINT('',(-7.431663432858,-11.25941882644));
#5824 = CARTESIAN_POINT('',(-3.166101908956,-11.25939258444));
#5825 = ( GEOMETRIC_REPRESENTATION_CONTEXT(2) 
PARAMETRIC_REPRESENTATION_CONTEXT() REPRESENTATION_CONTEXT('2D SPACE',''
  ) );
#5826 = ORIENTED_EDGE('',*,*,#1566,.F.);
#5827 = ORIENTED_EDGE('',*,*,#1595,.F.);
#5828 = ORIENTED_EDGE('',*,*,#5829,.T.);
#5829 = EDGE_CURVE('',#1596,#2918,#5830,.T.);
#5830 = SURFACE_CURVE('',#5831,(#5835,#5841),.PCURVE_S1.);
#5831 = ( BOUNDED_CURVE() B_SPLINE_CURVE(2,(#5832,#5833,#5834),
.UNSPECIFIED.,.F.,.F.) B_SPLINE_CURVE_WITH_KNOTS((3,3),(-14.73417704546,
-5.689176965365),.PIECEWISE_BEZIER_KNOTS.) CURVE() 
GEOMETRIC_REPRESENTATION_ITEM() RATIONAL_B_SPLINE_CURVE((0.999999989331,
0.999999984124,0.999999989331)) REPRESENTATION_ITEM('') );
#5832 = CARTESIAN_POINT('',(-4.522500051857,-13.57132325327,
    6.01493937725));
#5833 = CARTESIAN_POINT('',(-1.169486106534E-06,-13.57123078076,
    6.014947308296));
#5834 = CARTESIAN_POINT('',(4.522500123431,-13.57117586076,
    6.014955240766));
#5835 = PCURVE('',#1584,#5836);
#5836 = DEFINITIONAL_REPRESENTATION('',(#5837),#5840);
#5837 = B_SPLINE_CURVE_WITH_KNOTS('',1,(#5838,#5839),.UNSPECIFIED.,.F.,
  .F.,(2,2),(-14.73417703026,-5.689177043223),.PIECEWISE_BEZIER_KNOTS.);
#5838 = CARTESIAN_POINT('',(7.527320573176E-05,9.877445577023));
#5839 = CARTESIAN_POINT('',(4.203129779275E-05,18.635719641986));
#5840 = ( GEOMETRIC_REPRESENTATION_CONTEXT(2) 
PARAMETRIC_REPRESENTATION_CONTEXT() REPRESENTATION_CONTEXT('2D SPACE',''
  ) );
#5841 = PCURVE('',#566,#5842);
#5842 = DEFINITIONAL_REPRESENTATION('',(#5843),#5847);
#5843 = ( BOUNDED_CURVE() B_SPLINE_CURVE(2,(#5844,#5845,#5846),
.UNSPECIFIED.,.F.,.F.) B_SPLINE_CURVE_WITH_KNOTS((3,3),(-14.73417704546,
-5.689176965365),.PIECEWISE_BEZIER_KNOTS.) CURVE() 
GEOMETRIC_REPRESENTATION_ITEM() RATIONAL_B_SPLINE_CURVE((0.999999989331,
0.999999984124,0.999999989331)) REPRESENTATION_ITEM('') );
#5844 = CARTESIAN_POINT('',(-4.522342943636,-0.753762516613));
#5845 = CARTESIAN_POINT('',(1.559387419577E-04,-0.753670044102));
#5846 = CARTESIAN_POINT('',(4.522657231666,-0.753615124103));
#5847 = ( GEOMETRIC_REPRESENTATION_CONTEXT(2) 
PARAMETRIC_REPRESENTATION_CONTEXT() REPRESENTATION_CONTEXT('2D SPACE',''
  ) );
#5848 = ORIENTED_EDGE('',*,*,#2940,.F.);
#5849 = ORIENTED_EDGE('',*,*,#2961,.F.);
#5850 = ORIENTED_EDGE('',*,*,#2983,.F.);
#5851 = ORIENTED_EDGE('',*,*,#5852,.T.);
#5852 = EDGE_CURVE('',#2984,#4388,#5853,.T.);
#5853 = SURFACE_CURVE('',#5854,(#5858,#5864),.PCURVE_S1.);
#5854 = ( BOUNDED_CURVE() B_SPLINE_CURVE(2,(#5855,#5856,#5857),
.UNSPECIFIED.,.F.,.F.) B_SPLINE_CURVE_WITH_KNOTS((3,3),(-14.16009503548,
-5.63446022351),.PIECEWISE_BEZIER_KNOTS.) CURVE() 
GEOMETRIC_REPRESENTATION_ITEM() RATIONAL_B_SPLINE_CURVE((0.999999997401,
0.999999997707,0.999999998587)) REPRESENTATION_ITEM('') );
#5855 = CARTESIAN_POINT('',(4.53936485163,-13.57111578318,1.994994389491
    ));
#5856 = CARTESIAN_POINT('',(8.802182242956,-13.57112506537,
    1.994993931737));
#5857 = CARTESIAN_POINT('',(13.064999581206,-13.57116771186,
    1.994993474083));
#5858 = PCURVE('',#1584,#5859);
#5859 = DEFINITIONAL_REPRESENTATION('',(#5860),#5863);
#5860 = B_SPLINE_CURVE_WITH_KNOTS('',1,(#5861,#5862),.UNSPECIFIED.,.F.,
  .F.,(2,2),(-14.16009503548,-5.63446022351),.PIECEWISE_BEZIER_KNOTS.);
#5861 = CARTESIAN_POINT('',(-1.530158705521E-05,17.647897284966));
#5862 = CARTESIAN_POINT('',(-4.663496534008E-05,25.903265887181));
#5863 = ( GEOMETRIC_REPRESENTATION_CONTEXT(2) 
PARAMETRIC_REPRESENTATION_CONTEXT() REPRESENTATION_CONTEXT('2D SPACE',''
  ) );
#5864 = PCURVE('',#71,#5865);
#5865 = DEFINITIONAL_REPRESENTATION('',(#5866),#5870);
#5866 = ( BOUNDED_CURVE() B_SPLINE_CURVE(2,(#5867,#5868,#5869),
.UNSPECIFIED.,.F.,.F.) B_SPLINE_CURVE_WITH_KNOTS((3,3),(-14.16009503548,
-5.63446022351),.PIECEWISE_BEZIER_KNOTS.) CURVE() 
GEOMETRIC_REPRESENTATION_ITEM() RATIONAL_B_SPLINE_CURVE((0.999999997401,
0.999999997707,0.999999998587)) REPRESENTATION_ITEM('') );
#5867 = CARTESIAN_POINT('',(5.907139470907,-11.25937455326));
#5868 = CARTESIAN_POINT('',(10.169956862233,-11.25938383545));
#5869 = CARTESIAN_POINT('',(14.432774200483,-11.25942648194));
#5870 = ( GEOMETRIC_REPRESENTATION_CONTEXT(2) 
PARAMETRIC_REPRESENTATION_CONTEXT() REPRESENTATION_CONTEXT('2D SPACE',''
  ) );
#5871 = ORIENTED_EDGE('',*,*,#4410,.F.);
#5872 = ORIENTED_EDGE('',*,*,#5873,.T.);
#5873 = EDGE_CURVE('',#4411,#1696,#5874,.T.);
#5874 = SURFACE_CURVE('',#5875,(#5879,#5885),.PCURVE_S1.);
#5875 = ( BOUNDED_CURVE() B_SPLINE_CURVE(2,(#5876,#5877,#5878),
.UNSPECIFIED.,.F.,.F.) B_SPLINE_CURVE_WITH_KNOTS((3,3),(22.756747575427,
48.886747253569),.PIECEWISE_BEZIER_KNOTS.) CURVE() 
GEOMETRIC_REPRESENTATION_ITEM() RATIONAL_B_SPLINE_CURVE((1.000000016285,
1.000000021283,1.000000016285)) REPRESENTATION_ITEM('') );
#5876 = CARTESIAN_POINT('',(13.064999597049,-13.57128237049,
    -1.518269209868E-02));
#5877 = CARTESIAN_POINT('',(1.892011738391E-08,-13.57105820037,
    -1.514933600492E-02));
#5878 = CARTESIAN_POINT('',(-13.06499965159,-13.57114744224,
    -1.511598007837E-02));
#5879 = PCURVE('',#1584,#5880);
#5880 = DEFINITIONAL_REPRESENTATION('',(#5881),#5884);
#5881 = B_SPLINE_CURVE_WITH_KNOTS('',1,(#5882,#5883),.UNSPECIFIED.,.F.,
  .F.,(2,2),(22.756747592648,48.886747057489),.PIECEWISE_BEZIER_KNOTS.);
#5882 = CARTESIAN_POINT('',(-7.527320572454E-05,25.401140720218));
#5883 = CARTESIAN_POINT('',(2.076057154721E-05,9.948936432866E-02));
#5884 = ( GEOMETRIC_REPRESENTATION_CONTEXT(2) 
PARAMETRIC_REPRESENTATION_CONTEXT() REPRESENTATION_CONTEXT('2D SPACE',''
  ) );
#5885 = PCURVE('',#1547,#5886);
#5886 = DEFINITIONAL_REPRESENTATION('',(#5887),#5891);
#5887 = ( BOUNDED_CURVE() B_SPLINE_CURVE(2,(#5888,#5889,#5890),
.UNSPECIFIED.,.F.,.F.) B_SPLINE_CURVE_WITH_KNOTS((3,3),(22.756747575427,
48.886747253569),.PIECEWISE_BEZIER_KNOTS.) CURVE() 
GEOMETRIC_REPRESENTATION_ITEM() RATIONAL_B_SPLINE_CURVE((1.000000016285,
1.000000021283,1.000000016285)) REPRESENTATION_ITEM('') );
#5888 = CARTESIAN_POINT('',(12.977658350848,-13.85444612059));
#5889 = CARTESIAN_POINT('',(-8.734122732336E-02,-13.85422195047));
#5890 = CARTESIAN_POINT('',(-13.15234089788,-13.85431119233));
#5891 = ( GEOMETRIC_REPRESENTATION_CONTEXT(2) 
PARAMETRIC_REPRESENTATION_CONTEXT() REPRESENTATION_CONTEXT('2D SPACE',''
  ) );
#5892 = ORIENTED_EDGE('',*,*,#1722,.F.);
#5893 = ADVANCED_FACE('',(#5894),#1478,.F.);
#5894 = FACE_BOUND('',#5895,.F.);
#5895 = EDGE_LOOP('',(#5896,#5916,#5917,#5918,#5938,#5939,#5959,#5960,
    #5980));
#5896 = ORIENTED_EDGE('',*,*,#5897,.T.);
#5897 = EDGE_CURVE('',#1819,#1865,#5898,.T.);
#5898 = SURFACE_CURVE('',#5899,(#5903,#5909),.PCURVE_S1.);
#5899 = ( BOUNDED_CURVE() B_SPLINE_CURVE(2,(#5900,#5901,#5902),
.UNSPECIFIED.,.F.,.F.) B_SPLINE_CURVE_WITH_KNOTS((3,3),(-33.67878119657,
-10.56378255589),.PIECEWISE_BEZIER_KNOTS.) CURVE() 
GEOMETRIC_REPRESENTATION_ITEM() RATIONAL_B_SPLINE_CURVE((0.999999948807,
0.999999910366,0.999999948807)) REPRESENTATION_ITEM('') );
#5900 = CARTESIAN_POINT('',(-13.56755146491,11.553750060401,6.0149833602
    ));
#5901 = CARTESIAN_POINT('',(-13.56710109036,-3.749824926631E-03,
    6.014963447488));
#5902 = CARTESIAN_POINT('',(-13.56745927696,-11.56124975044,
    6.014943517535));
#5903 = PCURVE('',#1478,#5904);
#5904 = DEFINITIONAL_REPRESENTATION('',(#5905),#5908);
#5905 = B_SPLINE_CURVE_WITH_KNOTS('',1,(#5906,#5907),.UNSPECIFIED.,.F.,
  .F.,(2,2),(-33.67878119495,-10.5637825721),.PIECEWISE_BEZIER_KNOTS.);
#5906 = CARTESIAN_POINT('',(6.283217619705,16.986167433134));
#5907 = CARTESIAN_POINT('',(6.28313022902,3.133873381343));
#5908 = ( GEOMETRIC_REPRESENTATION_CONTEXT(2) 
PARAMETRIC_REPRESENTATION_CONTEXT() REPRESENTATION_CONTEXT('2D SPACE',''
  ) );
#5909 = PCURVE('',#787,#5910);
#5910 = DEFINITIONAL_REPRESENTATION('',(#5911),#5915);
#5911 = ( BOUNDED_CURVE() B_SPLINE_CURVE(2,(#5912,#5913,#5914),
.UNSPECIFIED.,.F.,.F.) B_SPLINE_CURVE_WITH_KNOTS((3,3),(-33.67878119657,
-10.56378255589),.PIECEWISE_BEZIER_KNOTS.) CURVE() 
GEOMETRIC_REPRESENTATION_ITEM() RATIONAL_B_SPLINE_CURVE((0.999999948807,
0.999999910366,0.999999948807)) REPRESENTATION_ITEM('') );
#5912 = CARTESIAN_POINT('',(-0.757599804051,11.477800743561));
#5913 = CARTESIAN_POINT('',(-0.757149429922,-7.969914178359E-02));
#5914 = CARTESIAN_POINT('',(-0.757507616948,-11.63719906731));
#5915 = ( GEOMETRIC_REPRESENTATION_CONTEXT(2) 
PARAMETRIC_REPRESENTATION_CONTEXT() REPRESENTATION_CONTEXT('2D SPACE',''
  ) );
#5916 = ORIENTED_EDGE('',*,*,#1887,.F.);
#5917 = ORIENTED_EDGE('',*,*,#1908,.F.);
#5918 = ORIENTED_EDGE('',*,*,#5919,.T.);
#5919 = EDGE_CURVE('',#1909,#1669,#5920,.T.);
#5920 = SURFACE_CURVE('',#5921,(#5925,#5931),.PCURVE_S1.);
#5921 = ( BOUNDED_CURVE() B_SPLINE_CURVE(2,(#5922,#5923,#5924),
.UNSPECIFIED.,.F.,.F.) B_SPLINE_CURVE_WITH_KNOTS((3,3),(-15.57117481825,
-14.08522823648),.PIECEWISE_BEZIER_KNOTS.) CURVE() 
GEOMETRIC_REPRESENTATION_ITEM() RATIONAL_B_SPLINE_CURVE((0.999999998132,
0.999999998185,0.999999998245)) REPRESENTATION_ITEM('') );
#5922 = CARTESIAN_POINT('',(-13.56737809969,-11.58280388316,
    1.994990341484));
#5923 = CARTESIAN_POINT('',(-13.56739440729,-12.32577717316,1.9949925807
    ));
#5924 = CARTESIAN_POINT('',(-13.56741405634,-13.06875046288,
    1.994994819916));
#5925 = PCURVE('',#1478,#5926);
#5926 = DEFINITIONAL_REPRESENTATION('',(#5927),#5930);
#5927 = B_SPLINE_CURVE_WITH_KNOTS('',1,(#5928,#5929),.UNSPECIFIED.,.F.,
  .F.,(2,2),(-15.57117481818,-14.08522823648),.PIECEWISE_BEZIER_KNOTS.);
#5928 = CARTESIAN_POINT('',(6.283141524725,-9.718713987783E-02));
#5929 = CARTESIAN_POINT('',(6.283135906799,-0.987675519016));
#5930 = ( GEOMETRIC_REPRESENTATION_CONTEXT(2) 
PARAMETRIC_REPRESENTATION_CONTEXT() REPRESENTATION_CONTEXT('2D SPACE',''
  ) );
#5931 = PCURVE('',#71,#5932);
#5932 = DEFINITIONAL_REPRESENTATION('',(#5933),#5937);
#5933 = ( BOUNDED_CURVE() B_SPLINE_CURVE(2,(#5934,#5935,#5936),
.UNSPECIFIED.,.F.,.F.) B_SPLINE_CURVE_WITH_KNOTS((3,3),(-15.57117481825,
-14.08522823648),.PIECEWISE_BEZIER_KNOTS.) CURVE() 
GEOMETRIC_REPRESENTATION_ITEM() RATIONAL_B_SPLINE_CURVE((0.999999998132,
0.999999998185,0.999999998245)) REPRESENTATION_ITEM('') );
#5934 = CARTESIAN_POINT('',(-12.19960348042,-9.271062653229));
#5935 = CARTESIAN_POINT('',(-12.19961978802,-10.01403594323));
#5936 = CARTESIAN_POINT('',(-12.19963943706,-10.75700923295));
#5937 = ( GEOMETRIC_REPRESENTATION_CONTEXT(2) 
PARAMETRIC_REPRESENTATION_CONTEXT() REPRESENTATION_CONTEXT('2D SPACE',''
  ) );
#5938 = ORIENTED_EDGE('',*,*,#1666,.F.);
#5939 = ORIENTED_EDGE('',*,*,#5940,.T.);
#5940 = EDGE_CURVE('',#1667,#1458,#5941,.T.);
#5941 = SURFACE_CURVE('',#5942,(#5946,#5952),.PCURVE_S1.);
#5942 = ( BOUNDED_CURVE() B_SPLINE_CURVE(2,(#5943,#5944,#5945),
.UNSPECIFIED.,.F.,.F.) B_SPLINE_CURVE_WITH_KNOTS((3,3),(42.255354236674,
68.38460373631),.PIECEWISE_BEZIER_KNOTS.) CURVE() 
GEOMETRIC_REPRESENTATION_ITEM() RATIONAL_B_SPLINE_CURVE((0.999999993088,
0.999999992271,0.999999993088)) REPRESENTATION_ITEM('') );
#5943 = CARTESIAN_POINT('',(-13.56737662584,-13.06799784902,
    -1.511442863614E-02));
#5944 = CARTESIAN_POINT('',(-13.56709064263,-3.37305387352E-03,
    -1.510744890137E-02));
#5945 = CARTESIAN_POINT('',(-13.56783784843,13.061251735577,
    -1.51004665288E-02));
#5946 = PCURVE('',#1478,#5947);
#5947 = DEFINITIONAL_REPRESENTATION('',(#5948),#5951);
#5948 = B_SPLINE_CURVE_WITH_KNOTS('',1,(#5949,#5950),.UNSPECIFIED.,.F.,
  .F.,(2,2),(42.255354236674,68.384601714437),.PIECEWISE_BEZIER_KNOTS.);
#5949 = CARTESIAN_POINT('',(6.283141598617,-2.596402515736));
#5950 = CARTESIAN_POINT('',(6.283240385332,13.06223684338));
#5951 = ( GEOMETRIC_REPRESENTATION_CONTEXT(2) 
PARAMETRIC_REPRESENTATION_CONTEXT() REPRESENTATION_CONTEXT('2D SPACE',''
  ) );
#5952 = PCURVE('',#1547,#5953);
#5953 = DEFINITIONAL_REPRESENTATION('',(#5954),#5958);
#5954 = ( BOUNDED_CURVE() B_SPLINE_CURVE(2,(#5955,#5956,#5957),
.UNSPECIFIED.,.F.,.F.) B_SPLINE_CURVE_WITH_KNOTS((3,3),(42.255354236674,
68.38460373631),.PIECEWISE_BEZIER_KNOTS.) CURVE() 
GEOMETRIC_REPRESENTATION_ITEM() RATIONAL_B_SPLINE_CURVE((0.999999993088,
0.999999992271,0.999999993088)) REPRESENTATION_ITEM('') );
#5955 = CARTESIAN_POINT('',(-13.65471787213,-13.35116159912));
#5956 = CARTESIAN_POINT('',(-13.65443188894,-0.286536803967));
#5957 = CARTESIAN_POINT('',(-13.65517909476,12.778087985485));
#5958 = ( GEOMETRIC_REPRESENTATION_CONTEXT(2) 
PARAMETRIC_REPRESENTATION_CONTEXT() REPRESENTATION_CONTEXT('2D SPACE',''
  ) );
#5959 = ORIENTED_EDGE('',*,*,#1455,.F.);
#5960 = ORIENTED_EDGE('',*,*,#5961,.T.);
#5961 = EDGE_CURVE('',#1456,#1769,#5962,.T.);
#5962 = SURFACE_CURVE('',#5963,(#5967,#5973),.PCURVE_S1.);
#5963 = ( BOUNDED_CURVE() B_SPLINE_CURVE(2,(#5964,#5965,#5966),
.UNSPECIFIED.,.F.,.F.) B_SPLINE_CURVE_WITH_KNOTS((3,3),(-40.21522847768,
-38.71934731483),.PIECEWISE_BEZIER_KNOTS.) CURVE() 
GEOMETRIC_REPRESENTATION_ITEM() RATIONAL_B_SPLINE_CURVE((0.999999998245,
0.999999998185,0.999999998131)) REPRESENTATION_ITEM('') );
#5964 = CARTESIAN_POINT('',(-13.56775626304,13.061249799748,
    1.994916067918));
#5965 = CARTESIAN_POINT('',(-13.56771689209,12.313309217415,
    1.994918322098));
#5966 = CARTESIAN_POINT('',(-13.56768090743,11.565368635031,
    1.994920576279));
#5967 = PCURVE('',#1478,#5968);
#5968 = DEFINITIONAL_REPRESENTATION('',(#5969),#5972);
#5969 = B_SPLINE_CURVE_WITH_KNOTS('',1,(#5970,#5971),.UNSPECIFIED.,.F.,
  .F.,(2,2),(-40.21522843684,-38.71934731651),.PIECEWISE_BEZIER_KNOTS.);
#5970 = CARTESIAN_POINT('',(6.283234696622,14.671340668897));
#5971 = CARTESIAN_POINT('',(6.283229041136,13.774898781805));
#5972 = ( GEOMETRIC_REPRESENTATION_CONTEXT(2) 
PARAMETRIC_REPRESENTATION_CONTEXT() REPRESENTATION_CONTEXT('2D SPACE',''
  ) );
#5973 = PCURVE('',#71,#5974);
#5974 = DEFINITIONAL_REPRESENTATION('',(#5975),#5979);
#5975 = ( BOUNDED_CURVE() B_SPLINE_CURVE(2,(#5976,#5977,#5978),
.UNSPECIFIED.,.F.,.F.) B_SPLINE_CURVE_WITH_KNOTS((3,3),(-40.21522847768,
-38.71934731483),.PIECEWISE_BEZIER_KNOTS.) CURVE() 
GEOMETRIC_REPRESENTATION_ITEM() RATIONAL_B_SPLINE_CURVE((0.999999998245,
0.999999998185,0.999999998131)) REPRESENTATION_ITEM('') );
#5976 = CARTESIAN_POINT('',(-12.19998164375,15.372991029793));
#5977 = CARTESIAN_POINT('',(-12.19994227281,14.625050447457));
#5978 = CARTESIAN_POINT('',(-12.19990628814,13.877109865069));
#5979 = ( GEOMETRIC_REPRESENTATION_CONTEXT(2) 
PARAMETRIC_REPRESENTATION_CONTEXT() REPRESENTATION_CONTEXT('2D SPACE',''
  ) );
#5980 = ORIENTED_EDGE('',*,*,#1818,.F.);
#5981 = ADVANCED_FACE('',(#5982),#2260,.F.);
#5982 = FACE_BOUND('',#5983,.T.);
#5983 = EDGE_LOOP('',(#5984,#5985,#6006,#6007));
#5984 = ORIENTED_EDGE('',*,*,#2484,.T.);
#5985 = ORIENTED_EDGE('',*,*,#5986,.F.);
#5986 = EDGE_CURVE('',#2239,#2458,#5987,.T.);
#5987 = SURFACE_CURVE('',#5988,(#5992,#5999),.PCURVE_S1.);
#5988 = LINE('',#5989,#5990);
#5989 = CARTESIAN_POINT('',(-10.05024800162,5.021249771118,
    4.507386518916));
#5990 = VECTOR('',#5991,1.);
#5991 = DIRECTION('',(0.999999992195,0.,1.249381965722E-04));
#5992 = PCURVE('',#2260,#5993);
#5993 = DEFINITIONAL_REPRESENTATION('',(#5994),#5998);
#5994 = LINE('',#5995,#5996);
#5995 = CARTESIAN_POINT('',(1.256136430702,-6.089072200055E-05));
#5996 = VECTOR('',#5997,1.);
#5997 = DIRECTION('',(1.249381965722E-04,0.999999992195));
#5998 = ( GEOMETRIC_REPRESENTATION_CONTEXT(2) 
PARAMETRIC_REPRESENTATION_CONTEXT() REPRESENTATION_CONTEXT('2D SPACE',''
  ) );
#5999 = PCURVE('',#2088,#6000);
#6000 = DEFINITIONAL_REPRESENTATION('',(#6001),#6005);
#6001 = LINE('',#6002,#6003);
#6002 = CARTESIAN_POINT('',(9.60486986823E-05,-2.009944387397));
#6003 = VECTOR('',#6004,1.);
#6004 = DIRECTION('',(-1.,-5.169878828456E-26));
#6005 = ( GEOMETRIC_REPRESENTATION_CONTEXT(2) 
PARAMETRIC_REPRESENTATION_CONTEXT() REPRESENTATION_CONTEXT('2D SPACE',''
  ) );
#6006 = ORIENTED_EDGE('',*,*,#2238,.T.);
#6007 = ORIENTED_EDGE('',*,*,#6008,.F.);
#6008 = EDGE_CURVE('',#2485,#2241,#6009,.T.);
#6009 = SURFACE_CURVE('',#6010,(#6014,#6021),.PCURVE_S1.);
#6010 = LINE('',#6011,#6012);
#6011 = CARTESIAN_POINT('',(-5.708980932549,5.021249771118,
    1.994939455362));
#6012 = VECTOR('',#6013,1.);
#6013 = DIRECTION('',(-1.,0.,1.073896550898E-07));
#6014 = PCURVE('',#2260,#6015);
#6015 = DEFINITIONAL_REPRESENTATION('',(#6016),#6020);
#6016 = LINE('',#6017,#6018);
#6017 = CARTESIAN_POINT('',(-1.256310632853,4.341206178352));
#6018 = VECTOR('',#6019,1.);
#6019 = DIRECTION('',(1.073896550898E-07,-1.));
#6020 = ( GEOMETRIC_REPRESENTATION_CONTEXT(2) 
PARAMETRIC_REPRESENTATION_CONTEXT() REPRESENTATION_CONTEXT('2D SPACE',''
  ) );
#6021 = PCURVE('',#71,#6022);
#6022 = DEFINITIONAL_REPRESENTATION('',(#6023),#6027);
#6023 = LINE('',#6024,#6025);
#6024 = CARTESIAN_POINT('',(-4.341206313267,7.332991001127));
#6025 = VECTOR('',#6026,1.);
#6026 = DIRECTION('',(-1.,0.));
#6027 = ( GEOMETRIC_REPRESENTATION_CONTEXT(2) 
PARAMETRIC_REPRESENTATION_CONTEXT() REPRESENTATION_CONTEXT('2D SPACE',''
  ) );
#6028 = ADVANCED_FACE('',(#6029),#2088,.F.);
#6029 = FACE_BOUND('',#6030,.T.);
#6030 = EDGE_LOOP('',(#6031,#6032,#6033,#6034,#6035,#6036,#6037,#6038));
#6031 = ORIENTED_EDGE('',*,*,#5666,.T.);
#6032 = ORIENTED_EDGE('',*,*,#2072,.T.);
#6033 = ORIENTED_EDGE('',*,*,#5761,.T.);
#6034 = ORIENTED_EDGE('',*,*,#2272,.T.);
#6035 = ORIENTED_EDGE('',*,*,#5986,.T.);
#6036 = ORIENTED_EDGE('',*,*,#2457,.T.);
#6037 = ORIENTED_EDGE('',*,*,#5736,.T.);
#6038 = ORIENTED_EDGE('',*,*,#4488,.T.);
#6039 = ADVANCED_FACE('',(#6040),#787,.T.);
#6040 = FACE_BOUND('',#6041,.T.);
#6041 = EDGE_LOOP('',(#6042,#6063,#6064,#6065,#6066,#6067,#6068,#6069));
#6042 = ORIENTED_EDGE('',*,*,#6043,.F.);
#6043 = EDGE_CURVE('',#2162,#2350,#6044,.T.);
#6044 = SURFACE_CURVE('',#6045,(#6049,#6056),.PCURVE_S1.);
#6045 = LINE('',#6046,#6047);
#6046 = CARTESIAN_POINT('',(-12.06000024892,-1.414619401543E-02,
    6.014995567368));
#6047 = VECTOR('',#6048,1.);
#6048 = DIRECTION('',(1.644402119091E-05,-0.999999999863,
    -1.723405832618E-06));
#6049 = PCURVE('',#787,#6050);
#6050 = DEFINITIONAL_REPRESENTATION('',(#6051),#6055);
#6051 = LINE('',#6052,#6053);
#6052 = CARTESIAN_POINT('',(0.749951411858,-9.009551087241E-02));
#6053 = VECTOR('',#6054,1.);
#6054 = DIRECTION('',(1.644398443683E-05,-0.999999999865));
#6055 = ( GEOMETRIC_REPRESENTATION_CONTEXT(2) 
PARAMETRIC_REPRESENTATION_CONTEXT() REPRESENTATION_CONTEXT('2D SPACE',''
  ) );
#6056 = PCURVE('',#2176,#6057);
#6057 = DEFINITIONAL_REPRESENTATION('',(#6058),#6062);
#6058 = LINE('',#6059,#6060);
#6059 = CARTESIAN_POINT('',(-2.411995622582,9.010368869481E-02));
#6060 = VECTOR('',#6061,1.);
#6061 = DIRECTION('',(1.722372485799E-06,-0.999999999999));
#6062 = ( GEOMETRIC_REPRESENTATION_CONTEXT(2) 
PARAMETRIC_REPRESENTATION_CONTEXT() REPRESENTATION_CONTEXT('2D SPACE',''
  ) );
#6063 = ORIENTED_EDGE('',*,*,#2214,.T.);
#6064 = ORIENTED_EDGE('',*,*,#773,.T.);
#6065 = ORIENTED_EDGE('',*,*,#1840,.T.);
#6066 = ORIENTED_EDGE('',*,*,#5897,.T.);
#6067 = ORIENTED_EDGE('',*,*,#1864,.T.);
#6068 = ORIENTED_EDGE('',*,*,#802,.T.);
#6069 = ORIENTED_EDGE('',*,*,#2373,.T.);
#6070 = ADVANCED_FACE('',(#6071),#2176,.T.);
#6071 = FACE_BOUND('',#6072,.T.);
#6072 = EDGE_LOOP('',(#6073,#6094,#6095,#6096));
#6073 = ORIENTED_EDGE('',*,*,#6074,.F.);
#6074 = EDGE_CURVE('',#2160,#2352,#6075,.T.);
#6075 = SURFACE_CURVE('',#6076,(#6080,#6087),.PCURVE_S1.);
#6076 = LINE('',#6077,#6078);
#6077 = CARTESIAN_POINT('',(-12.060233235,-1.208085895321,1.994958911736
    ));
#6078 = VECTOR('',#6079,1.);
#6079 = DIRECTION('',(1.644431888055E-05,-0.99999999986,
    3.013853317489E-06));
#6080 = PCURVE('',#2176,#6081);
#6081 = DEFINITIONAL_REPRESENTATION('',(#6082),#6086);
#6082 = LINE('',#6083,#6084);
#6083 = CARTESIAN_POINT('',(1.608041039754,-1.103836012772));
#6084 = VECTOR('',#6085,1.);
#6085 = DIRECTION('',(-3.014886673661E-06,-0.999999999995));
#6086 = ( GEOMETRIC_REPRESENTATION_CONTEXT(2) 
PARAMETRIC_REPRESENTATION_CONTEXT() REPRESENTATION_CONTEXT('2D SPACE',''
  ) );
#6087 = PCURVE('',#71,#6088);
#6088 = DEFINITIONAL_REPRESENTATION('',(#6089),#6093);
#6089 = LINE('',#6090,#6091);
#6090 = CARTESIAN_POINT('',(-10.69245861572,1.103655334659));
#6091 = VECTOR('',#6092,1.);
#6092 = DIRECTION('',(1.644431855689E-05,-0.999999999865));
#6093 = ( GEOMETRIC_REPRESENTATION_CONTEXT(2) 
PARAMETRIC_REPRESENTATION_CONTEXT() REPRESENTATION_CONTEXT('2D SPACE',''
  ) );
#6094 = ORIENTED_EDGE('',*,*,#2159,.T.);
#6095 = ORIENTED_EDGE('',*,*,#6043,.T.);
#6096 = ORIENTED_EDGE('',*,*,#2349,.T.);
#6097 = ADVANCED_FACE('',(#6098),#2663,.F.);
#6098 = FACE_BOUND('',#6099,.T.);
#6099 = EDGE_LOOP('',(#6100,#6121,#6122,#6143));
#6100 = ORIENTED_EDGE('',*,*,#6101,.F.);
#6101 = EDGE_CURVE('',#2649,#2812,#6102,.T.);
#6102 = SURFACE_CURVE('',#6103,(#6107,#6114),.PCURVE_S1.);
#6103 = LINE('',#6104,#6105);
#6104 = CARTESIAN_POINT('',(9.044419291045,2.359105225883,1.994945894317
    ));
#6105 = VECTOR('',#6106,1.);
#6106 = DIRECTION('',(1.243102425654E-04,0.999999992269,
    -3.013868410194E-06));
#6107 = PCURVE('',#2663,#6108);
#6108 = DEFINITIONAL_REPRESENTATION('',(#6109),#6113);
#6109 = LINE('',#6110,#6111);
#6110 = CARTESIAN_POINT('',(1.256304121237,-4.672144571797));
#6111 = VECTOR('',#6112,1.);
#6112 = DIRECTION('',(3.032411951294E-06,0.999999999995));
#6113 = ( GEOMETRIC_REPRESENTATION_CONTEXT(2) 
PARAMETRIC_REPRESENTATION_CONTEXT() REPRESENTATION_CONTEXT('2D SPACE',''
  ) );
#6114 = PCURVE('',#71,#6115);
#6115 = DEFINITIONAL_REPRESENTATION('',(#6116),#6120);
#6116 = LINE('',#6117,#6118);
#6117 = CARTESIAN_POINT('',(10.412193910327,4.67084645588));
#6118 = VECTOR('',#6119,1.);
#6119 = DIRECTION('',(1.24310242889E-04,0.999999992273));
#6120 = ( GEOMETRIC_REPRESENTATION_CONTEXT(2) 
PARAMETRIC_REPRESENTATION_CONTEXT() REPRESENTATION_CONTEXT('2D SPACE',''
  ) );
#6121 = ORIENTED_EDGE('',*,*,#2648,.T.);
#6122 = ORIENTED_EDGE('',*,*,#6123,.F.);
#6123 = EDGE_CURVE('',#2810,#2614,#6124,.T.);
#6124 = SURFACE_CURVE('',#6125,(#6129,#6136),.PCURVE_S1.);
#6125 = LINE('',#6126,#6127);
#6126 = CARTESIAN_POINT('',(9.044625298197,7.031296459603,4.507432409431
    ));
#6127 = VECTOR('',#6128,1.);
#6128 = DIRECTION('',(-1.243090325886E-04,-0.999999992261,
    -5.097424902092E-06));
#6129 = PCURVE('',#2663,#6130);
#6130 = DEFINITIONAL_REPRESENTATION('',(#6131),#6135);
#6131 = LINE('',#6132,#6133);
#6132 = CARTESIAN_POINT('',(-1.256182335192,4.669802239142E-05));
#6133 = VECTOR('',#6134,1.);
#6134 = DIRECTION('',(5.078881451239E-06,-0.999999999987));
#6135 = ( GEOMETRIC_REPRESENTATION_CONTEXT(2) 
PARAMETRIC_REPRESENTATION_CONTEXT() REPRESENTATION_CONTEXT('2D SPACE',''
  ) );
#6136 = PCURVE('',#2636,#6137);
#6137 = DEFINITIONAL_REPRESENTATION('',(#6138),#6142);
#6138 = LINE('',#6139,#6140);
#6139 = CARTESIAN_POINT('',(-1.005222768686,7.188017898057E-05));
#6140 = VECTOR('',#6141,1.);
#6141 = DIRECTION('',(-1.243089650049E-04,-0.999999992274));
#6142 = ( GEOMETRIC_REPRESENTATION_CONTEXT(2) 
PARAMETRIC_REPRESENTATION_CONTEXT() REPRESENTATION_CONTEXT('2D SPACE',''
  ) );
#6143 = ORIENTED_EDGE('',*,*,#2809,.T.);
#6144 = ADVANCED_FACE('',(#6145),#2876,.F.);
#6145 = FACE_BOUND('',#6146,.T.);
#6146 = EDGE_LOOP('',(#6147,#6168,#6169,#6190));
#6147 = ORIENTED_EDGE('',*,*,#6148,.F.);
#6148 = EDGE_CURVE('',#4063,#2839,#6149,.T.);
#6149 = SURFACE_CURVE('',#6150,(#6154,#6161),.PCURVE_S1.);
#6150 = LINE('',#6151,#6152);
#6151 = CARTESIAN_POINT('',(10.049932217776,9.041250228882,
    4.507429331721));
#6152 = VECTOR('',#6153,1.);
#6153 = DIRECTION('',(-0.999999999912,0.,1.325626063676E-05));
#6154 = PCURVE('',#2876,#6155);
#6155 = DEFINITIONAL_REPRESENTATION('',(#6156),#6160);
#6156 = LINE('',#6157,#6158);
#6157 = CARTESIAN_POINT('',(-1.256366729916,-6.749612159851E-05));
#6158 = VECTOR('',#6159,1.);
#6159 = DIRECTION('',(-1.325626063676E-05,-0.999999999912));
#6160 = ( GEOMETRIC_REPRESENTATION_CONTEXT(2) 
PARAMETRIC_REPRESENTATION_CONTEXT() REPRESENTATION_CONTEXT('2D SPACE',''
  ) );
#6161 = PCURVE('',#2636,#6162);
#6162 = DEFINITIONAL_REPRESENTATION('',(#6163),#6167);
#6163 = LINE('',#6164,#6165);
#6164 = CARTESIAN_POINT('',(8.415084634071E-05,2.010025649484));
#6165 = VECTOR('',#6166,1.);
#6166 = DIRECTION('',(-1.,2.584939414228E-26));
#6167 = ( GEOMETRIC_REPRESENTATION_CONTEXT(2) 
PARAMETRIC_REPRESENTATION_CONTEXT() REPRESENTATION_CONTEXT('2D SPACE',''
  ) );
#6168 = ORIENTED_EDGE('',*,*,#4062,.T.);
#6169 = ORIENTED_EDGE('',*,*,#6170,.F.);
#6170 = EDGE_CURVE('',#2862,#4036,#6171,.T.);
#6171 = SURFACE_CURVE('',#6172,(#6176,#6183),.PCURVE_S1.);
#6172 = LINE('',#6173,#6174);
#6173 = CARTESIAN_POINT('',(4.341112479859,9.041250228882,1.994926260387
    ));
#6174 = VECTOR('',#6175,1.);
#6175 = DIRECTION('',(1.,0.,-1.073896550898E-07));
#6176 = PCURVE('',#2876,#6177);
#6177 = DEFINITIONAL_REPRESENTATION('',(#6178),#6182);
#6178 = LINE('',#6179,#6180);
#6179 = CARTESIAN_POINT('',(1.256136341418,-5.708887234039));
#6180 = VECTOR('',#6181,1.);
#6181 = DIRECTION('',(1.073896550898E-07,1.));
#6182 = ( GEOMETRIC_REPRESENTATION_CONTEXT(2) 
PARAMETRIC_REPRESENTATION_CONTEXT() REPRESENTATION_CONTEXT('2D SPACE',''
  ) );
#6183 = PCURVE('',#71,#6184);
#6184 = DEFINITIONAL_REPRESENTATION('',(#6185),#6189);
#6185 = LINE('',#6186,#6187);
#6186 = CARTESIAN_POINT('',(5.708887099143,11.352991458909));
#6187 = VECTOR('',#6188,1.);
#6188 = DIRECTION('',(1.,0.));
#6189 = ( GEOMETRIC_REPRESENTATION_CONTEXT(2) 
PARAMETRIC_REPRESENTATION_CONTEXT() REPRESENTATION_CONTEXT('2D SPACE',''
  ) );
#6190 = ORIENTED_EDGE('',*,*,#2861,.T.);
#6191 = ADVANCED_FACE('',(#6192),#2715,.T.);
#6192 = FACE_BOUND('',#6193,.T.);
#6193 = EDGE_LOOP('',(#6194,#6215,#6216,#6237));
#6194 = ORIENTED_EDGE('',*,*,#6195,.F.);
#6195 = EDGE_CURVE('',#2616,#3902,#6196,.T.);
#6196 = SURFACE_CURVE('',#6197,(#6201,#6208),.PCURVE_S1.);
#6197 = LINE('',#6198,#6199);
#6198 = CARTESIAN_POINT('',(10.050307205787,5.021249872234,
    4.507408828476));
#6199 = VECTOR('',#6200,1.);
#6200 = DIRECTION('',(0.999999930286,3.731645969905E-04,
    -1.325435692033E-05));
#6201 = PCURVE('',#2715,#6202);
#6202 = DEFINITIONAL_REPRESENTATION('',(#6203),#6207);
#6203 = LINE('',#6204,#6205);
#6204 = CARTESIAN_POINT('',(-1.256158754272,3.074919111095E-04));
#6205 = VECTOR('',#6206,1.);
#6206 = DIRECTION('',(1.31986557514E-05,0.999999999913));
#6207 = ( GEOMETRIC_REPRESENTATION_CONTEXT(2) 
PARAMETRIC_REPRESENTATION_CONTEXT() REPRESENTATION_CONTEXT('2D SPACE',''
  ) );
#6208 = PCURVE('',#2636,#6209);
#6209 = DEFINITIONAL_REPRESENTATION('',(#6210),#6214);
#6210 = LINE('',#6211,#6212);
#6211 = CARTESIAN_POINT('',(4.591391294026E-04,-2.009974707217));
#6212 = VECTOR('',#6213,1.);
#6213 = DIRECTION('',(0.999999930374,3.731645969953E-04));
#6214 = ( GEOMETRIC_REPRESENTATION_CONTEXT(2) 
PARAMETRIC_REPRESENTATION_CONTEXT() REPRESENTATION_CONTEXT('2D SPACE',''
  ) );
#6215 = ORIENTED_EDGE('',*,*,#2702,.T.);
#6216 = ORIENTED_EDGE('',*,*,#6217,.F.);
#6217 = EDGE_CURVE('',#3900,#2676,#6218,.T.);
#6218 = SURFACE_CURVE('',#6219,(#6223,#6230),.PCURVE_S1.);
#6219 = LINE('',#6220,#6221);
#6220 = CARTESIAN_POINT('',(4.339745165675,5.018743853208,1.994938383785
    ));
#6221 = VECTOR('',#6222,1.);
#6222 = DIRECTION('',(-0.999999930373,-3.731665592586E-04,
    1.085143175444E-07));
#6223 = PCURVE('',#2715,#6224);
#6224 = DEFINITIONAL_REPRESENTATION('',(#6225),#6229);
#6225 = LINE('',#6226,#6227);
#6226 = CARTESIAN_POINT('',(1.256312036494,-5.710254945808));
#6227 = VECTOR('',#6228,1.);
#6228 = DIRECTION('',(-5.281300215314E-08,-1.));
#6229 = ( GEOMETRIC_REPRESENTATION_CONTEXT(2) 
PARAMETRIC_REPRESENTATION_CONTEXT() REPRESENTATION_CONTEXT('2D SPACE',''
  ) );
#6230 = PCURVE('',#71,#6231);
#6231 = DEFINITIONAL_REPRESENTATION('',(#6232),#6236);
#6232 = LINE('',#6233,#6234);
#6233 = CARTESIAN_POINT('',(5.707519784958,7.330485083217));
#6234 = VECTOR('',#6235,1.);
#6235 = DIRECTION('',(-0.999999930373,-3.731665592603E-04));
#6236 = ( GEOMETRIC_REPRESENTATION_CONTEXT(2) 
PARAMETRIC_REPRESENTATION_CONTEXT() REPRESENTATION_CONTEXT('2D SPACE',''
  ) );
#6237 = ORIENTED_EDGE('',*,*,#3899,.T.);
#6238 = ADVANCED_FACE('',(#6239),#566,.T.);
#6239 = FACE_BOUND('',#6240,.T.);
#6240 = EDGE_LOOP('',(#6241,#6242,#6243,#6244,#6245,#6246,#6247,#6248));
#6241 = ORIENTED_EDGE('',*,*,#4931,.T.);
#6242 = ORIENTED_EDGE('',*,*,#2535,.T.);
#6243 = ORIENTED_EDGE('',*,*,#665,.T.);
#6244 = ORIENTED_EDGE('',*,*,#1616,.T.);
#6245 = ORIENTED_EDGE('',*,*,#5829,.T.);
#6246 = ORIENTED_EDGE('',*,*,#2917,.T.);
#6247 = ORIENTED_EDGE('',*,*,#552,.T.);
#6248 = ORIENTED_EDGE('',*,*,#3057,.T.);
#6249 = ADVANCED_FACE('',(#6250),#2769,.F.);
#6250 = FACE_BOUND('',#6251,.T.);
#6251 = EDGE_LOOP('',(#6252,#6253,#6274,#6275));
#6252 = ORIENTED_EDGE('',*,*,#4639,.T.);
#6253 = ORIENTED_EDGE('',*,*,#6254,.F.);
#6254 = EDGE_CURVE('',#2755,#4642,#6255,.T.);
#6255 = SURFACE_CURVE('',#6256,(#6260,#6267),.PCURVE_S1.);
#6256 = LINE('',#6257,#6258);
#6257 = CARTESIAN_POINT('',(4.592362467996,12.05624961853,1.994917146634
    ));
#6258 = VECTOR('',#6259,1.);
#6259 = DIRECTION('',(-1.,0.,1.073896550898E-07));
#6260 = PCURVE('',#2769,#6261);
#6261 = DEFINITIONAL_REPRESENTATION('',(#6262),#6266);
#6262 = LINE('',#6263,#6264);
#6263 = CARTESIAN_POINT('',(-2.009895302583,-5.960137303122));
#6264 = VECTOR('',#6265,1.);
#6265 = DIRECTION('',(1.073896550898E-07,-1.));
#6266 = ( GEOMETRIC_REPRESENTATION_CONTEXT(2) 
PARAMETRIC_REPRESENTATION_CONTEXT() REPRESENTATION_CONTEXT('2D SPACE',''
  ) );
#6267 = PCURVE('',#71,#6268);
#6268 = DEFINITIONAL_REPRESENTATION('',(#6269),#6273);
#6269 = LINE('',#6270,#6271);
#6270 = CARTESIAN_POINT('',(5.96013708728,14.367990848571));
#6271 = VECTOR('',#6272,1.);
#6272 = DIRECTION('',(-1.,0.));
#6273 = ( GEOMETRIC_REPRESENTATION_CONTEXT(2) 
PARAMETRIC_REPRESENTATION_CONTEXT() REPRESENTATION_CONTEXT('2D SPACE',''
  ) );
#6274 = ORIENTED_EDGE('',*,*,#2754,.T.);
#6275 = ORIENTED_EDGE('',*,*,#6276,.F.);
#6276 = EDGE_CURVE('',#4640,#2732,#6277,.T.);
#6277 = SURFACE_CURVE('',#6278,(#6282,#6289),.PCURVE_S1.);
#6278 = LINE('',#6279,#6280);
#6279 = CARTESIAN_POINT('',(10.556803457651,12.05624961853,
    6.014899030771));
#6280 = VECTOR('',#6281,1.);
#6281 = DIRECTION('',(0.999999999231,0.,3.922308713089E-05));
#6282 = PCURVE('',#2769,#6283);
#6283 = DEFINITIONAL_REPRESENTATION('',(#6284),#6288);
#6284 = LINE('',#6285,#6286);
#6285 = CARTESIAN_POINT('',(2.010086581554,4.303686532301E-03));
#6286 = VECTOR('',#6287,1.);
#6287 = DIRECTION('',(3.922308713089E-05,0.999999999231));
#6288 = ( GEOMETRIC_REPRESENTATION_CONTEXT(2) 
PARAMETRIC_REPRESENTATION_CONTEXT() REPRESENTATION_CONTEXT('2D SPACE',''
  ) );
#6289 = PCURVE('',#1008,#6290);
#6290 = DEFINITIONAL_REPRESENTATION('',(#6291),#6295);
#6291 = LINE('',#6292,#6293);
#6292 = CARTESIAN_POINT('',(-4.38252833023E-03,-0.749856444902));
#6293 = VECTOR('',#6294,1.);
#6294 = DIRECTION('',(1.,0.));
#6295 = ( GEOMETRIC_REPRESENTATION_CONTEXT(2) 
PARAMETRIC_REPRESENTATION_CONTEXT() REPRESENTATION_CONTEXT('2D SPACE',''
  ) );
#6296 = ADVANCED_FACE('',(#6297),#3508,.F.);
#6297 = FACE_BOUND('',#6298,.F.);
#6298 = EDGE_LOOP('',(#6299,#6320,#6321,#6322,#6323,#6324));
#6299 = ORIENTED_EDGE('',*,*,#6300,.T.);
#6300 = EDGE_CURVE('',#5467,#5302,#6301,.T.);
#6301 = SURFACE_CURVE('',#6302,(#6306,#6313),.PCURVE_S1.);
#6302 = LINE('',#6303,#6304);
#6303 = CARTESIAN_POINT('',(4.354452001146E-02,15.071030951268,
    -1.513414363057E-02));
#6304 = VECTOR('',#6305,1.);
#6305 = DIRECTION('',(0.999999999994,-2.478106610542E-06,
    -2.553080165448E-06));
#6306 = PCURVE('',#3508,#6307);
#6307 = DEFINITIONAL_REPRESENTATION('',(#6308),#6312);
#6308 = LINE('',#6309,#6310);
#6309 = CARTESIAN_POINT('',(3.909547238021,4.382339027628E-02));
#6310 = VECTOR('',#6311,1.);
#6311 = DIRECTION('',(2.553212823601E-06,0.999999999997));
#6312 = ( GEOMETRIC_REPRESENTATION_CONTEXT(2) 
PARAMETRIC_REPRESENTATION_CONTEXT() REPRESENTATION_CONTEXT('2D SPACE',''
  ) );
#6313 = PCURVE('',#1547,#6314);
#6314 = DEFINITIONAL_REPRESENTATION('',(#6315),#6319);
#6315 = LINE('',#6316,#6317);
#6316 = CARTESIAN_POINT('',(-4.379672627095E-02,14.787867201176));
#6317 = VECTOR('',#6318,1.);
#6318 = DIRECTION('',(0.999999999997,-2.478106610542E-06));
#6319 = ( GEOMETRIC_REPRESENTATION_CONTEXT(2) 
PARAMETRIC_REPRESENTATION_CONTEXT() REPRESENTATION_CONTEXT('2D SPACE',''
  ) );
#6320 = ORIENTED_EDGE('',*,*,#5324,.F.);
#6321 = ORIENTED_EDGE('',*,*,#3485,.F.);
#6322 = ORIENTED_EDGE('',*,*,#5372,.F.);
#6323 = ORIENTED_EDGE('',*,*,#3736,.F.);
#6324 = ORIENTED_EDGE('',*,*,#5466,.F.);
#6325 = ADVANCED_FACE('',(#6326),#3587,.F.);
#6326 = FACE_BOUND('',#6327,.T.);
#6327 = EDGE_LOOP('',(#6328,#6329,#6330,#6331,#6332,#6333));
#6328 = ORIENTED_EDGE('',*,*,#5347,.T.);
#6329 = ORIENTED_EDGE('',*,*,#3571,.T.);
#6330 = ORIENTED_EDGE('',*,*,#5394,.T.);
#6331 = ORIENTED_EDGE('',*,*,#3627,.T.);
#6332 = ORIENTED_EDGE('',*,*,#5443,.T.);
#6333 = ORIENTED_EDGE('',*,*,#6334,.F.);
#6334 = EDGE_CURVE('',#5230,#5419,#6335,.T.);
#6335 = SURFACE_CURVE('',#6336,(#6340,#6347),.PCURVE_S1.);
#6336 = LINE('',#6337,#6338);
#6337 = CARTESIAN_POINT('',(-0.713855248998,13.563856809689,
    1.994913172757));
#6338 = VECTOR('',#6339,1.);
#6339 = DIRECTION('',(-1.,5.068328649494E-07,1.07388127569E-07));
#6340 = PCURVE('',#3587,#6341);
#6341 = DEFINITIONAL_REPRESENTATION('',(#6342),#6346);
#6342 = LINE('',#6343,#6344);
#6343 = CARTESIAN_POINT('',(-1.926380783784,-0.653911530752));
#6344 = VECTOR('',#6345,1.);
#6345 = DIRECTION('',(1.073202395495E-07,-1.));
#6346 = ( GEOMETRIC_REPRESENTATION_CONTEXT(2) 
PARAMETRIC_REPRESENTATION_CONTEXT() REPRESENTATION_CONTEXT('2D SPACE',''
  ) );
#6347 = PCURVE('',#71,#6348);
#6348 = DEFINITIONAL_REPRESENTATION('',(#6349),#6353);
#6349 = LINE('',#6350,#6351);
#6350 = CARTESIAN_POINT('',(0.653919370287,15.875598039736));
#6351 = VECTOR('',#6352,1.);
#6352 = DIRECTION('',(-1.,5.068328649517E-07));
#6353 = ( GEOMETRIC_REPRESENTATION_CONTEXT(2) 
PARAMETRIC_REPRESENTATION_CONTEXT() REPRESENTATION_CONTEXT('2D SPACE',''
  ) );
#6354 = ADVANCED_FACE('',(#6355),#2636,.T.);
#6355 = FACE_BOUND('',#6356,.T.);
#6356 = EDGE_LOOP('',(#6357,#6358,#6359,#6360,#6361,#6362,#6363,#6364));
#6357 = ORIENTED_EDGE('',*,*,#6148,.T.);
#6358 = ORIENTED_EDGE('',*,*,#2838,.T.);
#6359 = ORIENTED_EDGE('',*,*,#6123,.T.);
#6360 = ORIENTED_EDGE('',*,*,#2613,.T.);
#6361 = ORIENTED_EDGE('',*,*,#6195,.T.);
#6362 = ORIENTED_EDGE('',*,*,#3982,.T.);
#6363 = ORIENTED_EDGE('',*,*,#5025,.T.);
#6364 = ORIENTED_EDGE('',*,*,#4084,.T.);
#6365 = ADVANCED_FACE('',(#6366),#124,.T.);
#6366 = FACE_BOUND('',#6367,.T.);
#6367 = EDGE_LOOP('',(#6368,#6369,#6370,#6371,#6372,#6373,#6374,#6375));
#6368 = ORIENTED_EDGE('',*,*,#110,.T.);
#6369 = ORIENTED_EDGE('',*,*,#4162,.T.);
#6370 = ORIENTED_EDGE('',*,*,#5138,.T.);
#6371 = ORIENTED_EDGE('',*,*,#4188,.T.);
#6372 = ORIENTED_EDGE('',*,*,#336,.T.);
#6373 = ORIENTED_EDGE('',*,*,#4308,.T.);
#6374 = ORIENTED_EDGE('',*,*,#5049,.T.);
#6375 = ORIENTED_EDGE('',*,*,#3183,.T.);
#6376 = ADVANCED_FACE('',(#6377),#1547,.F.);
#6377 = FACE_BOUND('',#6378,.T.);
#6378 = EDGE_LOOP('',(#6379,#6380,#6381,#6382,#6383,#6384,#6385,#6386,
    #6387,#6388,#6389,#6390));
#6379 = ORIENTED_EDGE('',*,*,#5873,.T.);
#6380 = ORIENTED_EDGE('',*,*,#1695,.T.);
#6381 = ORIENTED_EDGE('',*,*,#5940,.T.);
#6382 = ORIENTED_EDGE('',*,*,#1533,.T.);
#6383 = ORIENTED_EDGE('',*,*,#5642,.T.);
#6384 = ORIENTED_EDGE('',*,*,#5489,.T.);
#6385 = ORIENTED_EDGE('',*,*,#6300,.T.);
#6386 = ORIENTED_EDGE('',*,*,#5301,.T.);
#6387 = ORIENTED_EDGE('',*,*,#5206,.T.);
#6388 = ORIENTED_EDGE('',*,*,#3336,.T.);
#6389 = ORIENTED_EDGE('',*,*,#5092,.T.);
#6390 = ORIENTED_EDGE('',*,*,#4431,.T.);
#6391 = ADVANCED_FACE('',(#6392),#237,.T.);
#6392 = FACE_BOUND('',#6393,.T.);
#6393 = EDGE_LOOP('',(#6394,#6395,#6396,#6397,#6398,#6399,#6400,#6401));
#6394 = ORIENTED_EDGE('',*,*,#223,.T.);
#6395 = ORIENTED_EDGE('',*,*,#3827,.T.);
#6396 = ORIENTED_EDGE('',*,*,#5589,.T.);
#6397 = ORIENTED_EDGE('',*,*,#1356,.T.);
#6398 = ORIENTED_EDGE('',*,*,#360,.T.);
#6399 = ORIENTED_EDGE('',*,*,#1988,.T.);
#6400 = ORIENTED_EDGE('',*,*,#5535,.T.);
#6401 = ORIENTED_EDGE('',*,*,#4615,.T.);
#6402 = ADVANCED_FACE('',(#6403),#1008,.T.);
#6403 = FACE_BOUND('',#6404,.T.);
#6404 = EDGE_LOOP('',(#6405,#6406,#6407,#6408,#6409,#6410,#6411,#6412));
#6405 = ORIENTED_EDGE('',*,*,#6276,.T.);
#6406 = ORIENTED_EDGE('',*,*,#2731,.T.);
#6407 = ORIENTED_EDGE('',*,*,#994,.T.);
#6408 = ORIENTED_EDGE('',*,*,#3435,.T.);
#6409 = ORIENTED_EDGE('',*,*,#5275,.T.);
#6410 = ORIENTED_EDGE('',*,*,#3208,.T.);
#6411 = ORIENTED_EDGE('',*,*,#1023,.T.);
#6412 = ORIENTED_EDGE('',*,*,#4663,.T.);
#6413 = ADVANCED_FACE('',(#6414,#6472,#6482),#71,.T.);
#6414 = FACE_BOUND('',#6415,.T.);
#6415 = EDGE_LOOP('',(#6416,#6417,#6418,#6419,#6420,#6421,#6422,#6423,
    #6424,#6425,#6426,#6427,#6428,#6429,#6430,#6431,#6432,#6433,#6434,
    #6435,#6436,#6437,#6438,#6439,#6440,#6441,#6442,#6443,#6444,#6445,
    #6446,#6447,#6448,#6449,#6450,#6451,#6452,#6453,#6454,#6455,#6456,
    #6457,#6458,#6459,#6460,#6461,#6462,#6463,#6464,#6465,#6466,#6467,
    #6468,#6469,#6470,#6471));
#6416 = ORIENTED_EDGE('',*,*,#5561,.T.);
#6417 = ORIENTED_EDGE('',*,*,#3849,.T.);
#6418 = ORIENTED_EDGE('',*,*,#173,.T.);
#6419 = ORIENTED_EDGE('',*,*,#4589,.T.);
#6420 = ORIENTED_EDGE('',*,*,#5513,.T.);
#6421 = ORIENTED_EDGE('',*,*,#2010,.T.);
#6422 = ORIENTED_EDGE('',*,*,#417,.T.);
#6423 = ORIENTED_EDGE('',*,*,#1427,.T.);
#6424 = ORIENTED_EDGE('',*,*,#5616,.T.);
#6425 = ORIENTED_EDGE('',*,*,#1489,.T.);
#6426 = ORIENTED_EDGE('',*,*,#5961,.T.);
#6427 = ORIENTED_EDGE('',*,*,#1768,.T.);
#6428 = ORIENTED_EDGE('',*,*,#723,.T.);
#6429 = ORIENTED_EDGE('',*,*,#2188,.T.);
#6430 = ORIENTED_EDGE('',*,*,#6074,.T.);
#6431 = ORIENTED_EDGE('',*,*,#2395,.T.);
#6432 = ORIENTED_EDGE('',*,*,#859,.T.);
#6433 = ORIENTED_EDGE('',*,*,#1930,.T.);
#6434 = ORIENTED_EDGE('',*,*,#5919,.T.);
#6435 = ORIENTED_EDGE('',*,*,#1743,.T.);
#6436 = ORIENTED_EDGE('',*,*,#5807,.T.);
#6437 = ORIENTED_EDGE('',*,*,#1638,.T.);
#6438 = ORIENTED_EDGE('',*,*,#615,.T.);
#6439 = ORIENTED_EDGE('',*,*,#2585,.T.);
#6440 = ORIENTED_EDGE('',*,*,#4977,.T.);
#6441 = ORIENTED_EDGE('',*,*,#4831,.T.);
#6442 = ORIENTED_EDGE('',*,*,#1327,.T.);
#6443 = ORIENTED_EDGE('',*,*,#4858,.T.);
#6444 = ORIENTED_EDGE('',*,*,#1220,.T.);
#6445 = ORIENTED_EDGE('',*,*,#4907,.T.);
#6446 = ORIENTED_EDGE('',*,*,#4953,.T.);
#6447 = ORIENTED_EDGE('',*,*,#3079,.T.);
#6448 = ORIENTED_EDGE('',*,*,#502,.T.);
#6449 = ORIENTED_EDGE('',*,*,#3005,.T.);
#6450 = ORIENTED_EDGE('',*,*,#5852,.T.);
#6451 = ORIENTED_EDGE('',*,*,#4387,.T.);
#6452 = ORIENTED_EDGE('',*,*,#5113,.T.);
#6453 = ORIENTED_EDGE('',*,*,#4330,.T.);
#6454 = ORIENTED_EDGE('',*,*,#286,.T.);
#6455 = ORIENTED_EDGE('',*,*,#4233,.T.);
#6456 = ORIENTED_EDGE('',*,*,#5160,.T.);
#6457 = ORIENTED_EDGE('',*,*,#4108,.T.);
#6458 = ORIENTED_EDGE('',*,*,#55,.T.);
#6459 = ORIENTED_EDGE('',*,*,#3157,.T.);
#6460 = ORIENTED_EDGE('',*,*,#5071,.T.);
#6461 = ORIENTED_EDGE('',*,*,#3387,.T.);
#6462 = ORIENTED_EDGE('',*,*,#5184,.T.);
#6463 = ORIENTED_EDGE('',*,*,#3457,.T.);
#6464 = ORIENTED_EDGE('',*,*,#944,.T.);
#6465 = ORIENTED_EDGE('',*,*,#2781,.T.);
#6466 = ORIENTED_EDGE('',*,*,#6254,.T.);
#6467 = ORIENTED_EDGE('',*,*,#4685,.T.);
#6468 = ORIENTED_EDGE('',*,*,#1080,.T.);
#6469 = ORIENTED_EDGE('',*,*,#3279,.T.);
#6470 = ORIENTED_EDGE('',*,*,#5252,.T.);
#6471 = ORIENTED_EDGE('',*,*,#6334,.T.);
#6472 = FACE_BOUND('',#6473,.T.);
#6473 = EDGE_LOOP('',(#6474,#6475,#6476,#6477,#6478,#6479,#6480,#6481));
#6474 = ORIENTED_EDGE('',*,*,#6008,.T.);
#6475 = ORIENTED_EDGE('',*,*,#2321,.T.);
#6476 = ORIENTED_EDGE('',*,*,#5783,.T.);
#6477 = ORIENTED_EDGE('',*,*,#2131,.T.);
#6478 = ORIENTED_EDGE('',*,*,#5688,.T.);
#6479 = ORIENTED_EDGE('',*,*,#4537,.T.);
#6480 = ORIENTED_EDGE('',*,*,#5714,.T.);
#6481 = ORIENTED_EDGE('',*,*,#2506,.T.);
#6482 = FACE_BOUND('',#6483,.T.);
#6483 = EDGE_LOOP('',(#6484,#6485,#6486,#6487,#6488,#6489,#6490,#6491));
#6484 = ORIENTED_EDGE('',*,*,#6170,.T.);
#6485 = ORIENTED_EDGE('',*,*,#4035,.T.);
#6486 = ORIENTED_EDGE('',*,*,#5003,.T.);
#6487 = ORIENTED_EDGE('',*,*,#3928,.T.);
#6488 = ORIENTED_EDGE('',*,*,#6217,.T.);
#6489 = ORIENTED_EDGE('',*,*,#2675,.T.);
#6490 = ORIENTED_EDGE('',*,*,#6101,.T.);
#6491 = ORIENTED_EDGE('',*,*,#2888,.T.);
#6492 = ( GEOMETRIC_REPRESENTATION_CONTEXT(3) 
GLOBAL_UNCERTAINTY_ASSIGNED_CONTEXT((#6496)) 
GLOBAL_UNIT_ASSIGNED_CONTEXT((#6493,#6494,#6495)) REPRESENTATION_CONTEXT
('Context #1','3D Context with UNIT and UNCERTAINTY') );
#6493 = ( LENGTH_UNIT() NAMED_UNIT(*) SI_UNIT(.MILLI.,.METRE.) );
#6494 = ( NAMED_UNIT(*) PLANE_ANGLE_UNIT() SI_UNIT($,.RADIAN.) );
#6495 = ( NAMED_UNIT(*) SI_UNIT($,.STERADIAN.) SOLID_ANGLE_UNIT() );
#6496 = UNCERTAINTY_MEASURE_WITH_UNIT(LENGTH_MEASURE(2.E-04),#6493,
  'distance_accuracy_value','confusion accuracy');
#6497 = PRODUCT_RELATED_PRODUCT_CATEGORY('part',$,(#7));
ENDSEC;
END-ISO-10303-21;
