ISO-10303-21;
HEADER;
FILE_DESCRIPTION((''),'2;1');
FILE_NAME('tinytouch-xiao-v1-bottom.step','1970-01-01T00:00:00Z',(''),(''),'','','');

FILE_SCHEMA (('AP242_MANAGED_MODEL_BASED_3D_ENGINEERING_MIM_LF { 1 0 10303 442 3 1 4 }'));
ENDSEC;

DATA;
#10=SHAPE_REPRESENTATION_RELATIONSHIP('','',#1957,#11);
#11=ADVANCED_BREP_SHAPE_REPRESENTATION('',(#1955),#3385);
#12=(
BOUNDED_SURFACE()
B_SPLINE_SURFACE(3,2,((#3165,#3166,#3167),(#3168,#3169,#3170),(#3171,#3172,
#3173),(#3174,#3175,#3176)),.UNSPECIFIED.,.F.,.F.,.F.)
B_SPLINE_SURFACE_WITH_KNOTS((4,4),(3,3),(0.00293642785482929,0.00552084515005843),
(0.,1.),.PIECEWISE_BEZIER_KNOTS.)
GEOMETRIC_REPRESENTATION_ITEM()
RATIONAL_B_SPLINE_SURFACE(((1.,0.776420699816656,1.),(1.,0.778473207243484,
1.),(1.,0.780706641859613,1.),(1.,0.783179925288091,1.)))
REPRESENTATION_ITEM('')
SURFACE()
);
#13=(
BOUNDED_SURFACE()
B_SPLINE_SURFACE(3,2,((#3177,#3178,#3179),(#3180,#3181,#3182),(#3183,#3184,
#3185),(#3186,#3187,#3188)),.UNSPECIFIED.,.F.,.F.,.F.)
B_SPLINE_SURFACE_WITH_KNOTS((4,4),(3,3),(0.00297058061120193,0.00555499780487756),
(0.,1.),.PIECEWISE_BEZIER_KNOTS.)
GEOMETRIC_REPRESENTATION_ITEM()
RATIONAL_B_SPLINE_SURFACE(((1.,0.783179925288996,1.),(1.,0.780706641814243,
1.),(1.,0.778473207214622,1.),(1.,0.776420699817183,1.)))
REPRESENTATION_ITEM('')
SURFACE()
);
#14=(
BOUNDED_SURFACE()
B_SPLINE_SURFACE(3,2,((#3192,#3193,#3194),(#3195,#3196,#3197),(#3198,#3199,
#3200),(#3201,#3202,#3203)),.UNSPECIFIED.,.F.,.F.,.F.)
B_SPLINE_SURFACE_WITH_KNOTS((4,4),(3,3),(0.00293642785482929,0.00552084515005843),
(0.,1.),.PIECEWISE_BEZIER_KNOTS.)
GEOMETRIC_REPRESENTATION_ITEM()
RATIONAL_B_SPLINE_SURFACE(((1.,0.776420699816656,1.),(1.,0.778473207243484,
1.),(1.,0.780706641859613,1.),(1.,0.783179925288091,1.)))
REPRESENTATION_ITEM('')
SURFACE()
);
#15=(
BOUNDED_SURFACE()
B_SPLINE_SURFACE(3,2,((#3204,#3205,#3206),(#3207,#3208,#3209),(#3210,#3211,
#3212),(#3213,#3214,#3215)),.UNSPECIFIED.,.F.,.F.,.F.)
B_SPLINE_SURFACE_WITH_KNOTS((4,4),(3,3),(0.00293642785482929,0.00552084515005843),
(0.,1.),.PIECEWISE_BEZIER_KNOTS.)
GEOMETRIC_REPRESENTATION_ITEM()
RATIONAL_B_SPLINE_SURFACE(((1.,0.776420699816655,1.),(1.,0.778473207243484,
1.),(1.,0.780706641859661,1.),(1.,0.783179925288091,1.)))
REPRESENTATION_ITEM('')
SURFACE()
);
#16=CONICAL_SURFACE('',#2031,0.0017,0.0872664625997164);
#17=CONICAL_SURFACE('',#2040,0.0017,0.0872664625997164);
#18=CYLINDRICAL_SURFACE('',#2006,0.0005);
#19=CYLINDRICAL_SURFACE('',#2009,0.000500000000000007);
#20=CYLINDRICAL_SURFACE('',#2012,0.000500000000000006);
#21=CYLINDRICAL_SURFACE('',#2015,0.0005);
#22=CYLINDRICAL_SURFACE('',#2028,0.0037);
#23=CYLINDRICAL_SURFACE('',#2037,0.0037);
#24=CYLINDRICAL_SURFACE('',#2063,0.0005);
#25=CYLINDRICAL_SURFACE('',#2064,0.0005);
#26=CYLINDRICAL_SURFACE('',#2065,0.0005);
#27=CYLINDRICAL_SURFACE('',#2066,0.0005);
#28=CYLINDRICAL_SURFACE('',#2067,0.0005);
#29=CYLINDRICAL_SURFACE('',#2068,0.0005);
#30=CYLINDRICAL_SURFACE('',#2069,0.0005);
#31=CYLINDRICAL_SURFACE('',#2070,0.0005);
#32=CYLINDRICAL_SURFACE('',#2071,0.0005);
#33=CYLINDRICAL_SURFACE('',#2072,0.0005);
#34=CYLINDRICAL_SURFACE('',#2073,0.0005);
#35=CYLINDRICAL_SURFACE('',#2074,0.0005);
#36=CYLINDRICAL_SURFACE('',#2075,0.0005);
#37=CYLINDRICAL_SURFACE('',#2076,0.0005);
#38=CYLINDRICAL_SURFACE('',#2077,0.0005);
#39=CYLINDRICAL_SURFACE('',#2078,0.0005);
#40=CYLINDRICAL_SURFACE('',#2087,0.00175);
#41=CYLINDRICAL_SURFACE('',#2088,0.00175);
#42=CYLINDRICAL_SURFACE('',#2093,0.0005);
#43=CYLINDRICAL_SURFACE('',#2101,0.0005);
#44=CYLINDRICAL_SURFACE('',#2110,0.0005);
#45=CYLINDRICAL_SURFACE('',#2119,0.0005);
#46=CYLINDRICAL_SURFACE('',#2134,0.0005);
#47=CYLINDRICAL_SURFACE('',#2135,0.0005);
#48=CYLINDRICAL_SURFACE('',#2136,0.0005);
#49=CYLINDRICAL_SURFACE('',#2137,0.0005);
#50=CYLINDRICAL_SURFACE('',#2138,0.0005);
#51=CYLINDRICAL_SURFACE('',#2139,0.0005);
#52=CYLINDRICAL_SURFACE('',#2140,0.0005);
#53=CYLINDRICAL_SURFACE('',#2141,0.0005);
#54=CYLINDRICAL_SURFACE('',#2142,0.0005);
#55=CYLINDRICAL_SURFACE('',#2143,0.0005);
#56=CYLINDRICAL_SURFACE('',#2144,0.0005);
#57=CYLINDRICAL_SURFACE('',#2145,0.0005);
#58=CYLINDRICAL_SURFACE('',#2146,0.0005);
#59=CYLINDRICAL_SURFACE('',#2147,0.0005);
#60=CYLINDRICAL_SURFACE('',#2148,0.0005);
#61=CYLINDRICAL_SURFACE('',#2149,0.0005);
#62=ELLIPSE('',#1976,0.000501909918771674,0.0005);
#63=ELLIPSE('',#1979,0.000501909918771674,0.0005);
#64=ELLIPSE('',#2023,0.000501909918771674,0.0005);
#65=ELLIPSE('',#2026,0.000501909918771674,0.0005);
#66=B_SPLINE_CURVE_WITH_KNOTS('',3,(#2753,#2754,#2755,#2756),
 .UNSPECIFIED.,.F.,.F.,(4,4),(0.,0.000669401412291064),.UNSPECIFIED.);
#67=B_SPLINE_CURVE_WITH_KNOTS('',3,(#2760,#2761,#2762,#2763),
 .UNSPECIFIED.,.F.,.F.,(4,4),(0.,0.000669429447679184),.UNSPECIFIED.);
#68=B_SPLINE_CURVE_WITH_KNOTS('',3,(#2775,#2776,#2777,#2778),
 .UNSPECIFIED.,.F.,.F.,(4,4),(0.,0.000669401412291068),.UNSPECIFIED.);
#69=B_SPLINE_CURVE_WITH_KNOTS('',3,(#2782,#2783,#2784,#2785),
 .UNSPECIFIED.,.F.,.F.,(4,4),(0.,0.00066942944767919),.UNSPECIFIED.);
#70=B_SPLINE_CURVE_WITH_KNOTS('',3,(#3009,#3010,#3011,#3012),
 .UNSPECIFIED.,.F.,.F.,(4,4),(0.,0.00251001866936435),.UNSPECIFIED.);
#71=B_SPLINE_CURVE_WITH_KNOTS('',3,(#3020,#3021,#3022,#3023),
 .UNSPECIFIED.,.F.,.F.,(4,4),(0.,0.0025100186699566),.UNSPECIFIED.);
#72=B_SPLINE_CURVE_WITH_KNOTS('',3,(#3029,#3030,#3031,#3032),
 .UNSPECIFIED.,.F.,.F.,(4,4),(0.,0.0025098386636328),.UNSPECIFIED.);
#73=B_SPLINE_CURVE_WITH_KNOTS('',3,(#3036,#3037,#3038,#3039),
 .UNSPECIFIED.,.F.,.F.,(4,4),(0.,0.00250983866029444),.UNSPECIFIED.);
#74=B_SPLINE_CURVE_WITH_KNOTS('',3,(#3043,#3044,#3045,#3046),
 .UNSPECIFIED.,.F.,.F.,(4,4),(0.,0.000680043279113562),.UNSPECIFIED.);
#75=B_SPLINE_CURVE_WITH_KNOTS('',3,(#3047,#3048,#3049,#3050),
 .UNSPECIFIED.,.F.,.F.,(4,4),(0.,0.000680082380912693),.UNSPECIFIED.);
#76=B_SPLINE_CURVE_WITH_KNOTS('',3,(#3056,#3057,#3058,#3059),
 .UNSPECIFIED.,.F.,.F.,(4,4),(0.,0.00251001866936434),.UNSPECIFIED.);
#77=B_SPLINE_CURVE_WITH_KNOTS('',3,(#3071,#3072,#3073,#3074),
 .UNSPECIFIED.,.F.,.F.,(4,4),(0.,0.0025100186699566),.UNSPECIFIED.);
#78=B_SPLINE_CURVE_WITH_KNOTS('',3,(#3079,#3080,#3081,#3082),
 .UNSPECIFIED.,.F.,.F.,(4,4),(0.,0.002509838673478),.UNSPECIFIED.);
#79=B_SPLINE_CURVE_WITH_KNOTS('',3,(#3083,#3084,#3085,#3086),
 .UNSPECIFIED.,.F.,.F.,(4,4),(0.,0.0025098386636328),.UNSPECIFIED.);
#80=B_SPLINE_CURVE_WITH_KNOTS('',3,(#3090,#3091,#3092,#3093),
 .UNSPECIFIED.,.F.,.F.,(4,4),(0.,0.00068004327911356),.UNSPECIFIED.);
#81=B_SPLINE_CURVE_WITH_KNOTS('',3,(#3094,#3095,#3096,#3097),
 .UNSPECIFIED.,.F.,.F.,(4,4),(3.12731722069275E-18,0.000680082380912702),
 .UNSPECIFIED.);
#82=CIRCLE('',#1960,0.0005);
#83=CIRCLE('',#1961,0.0005);
#84=CIRCLE('',#1962,0.0005);
#85=CIRCLE('',#1963,0.0005);
#86=CIRCLE('',#1964,0.0005);
#87=CIRCLE('',#1965,0.0005);
#88=CIRCLE('',#1966,0.0005);
#89=CIRCLE('',#1967,0.0005);
#90=CIRCLE('',#1968,0.0037);
#91=CIRCLE('',#1969,0.0005);
#92=CIRCLE('',#1970,0.0017);
#93=CIRCLE('',#1971,0.0005);
#94=CIRCLE('',#1972,0.0037);
#95=CIRCLE('',#1973,0.0005);
#96=CIRCLE('',#1974,0.0017);
#97=CIRCLE('',#1975,0.0005);
#98=CIRCLE('',#1977,0.0005);
#99=CIRCLE('',#1978,0.0005);
#100=CIRCLE('',#1980,0.0005);
#101=CIRCLE('',#1981,0.0005);
#102=CIRCLE('',#1982,0.0005);
#103=CIRCLE('',#1983,0.0005);
#104=CIRCLE('',#1984,0.0005);
#105=CIRCLE('',#1985,0.0005);
#106=CIRCLE('',#1986,0.0005);
#107=CIRCLE('',#1987,0.0005);
#108=CIRCLE('',#1988,0.0005);
#109=CIRCLE('',#1989,0.000500000000000007);
#110=CIRCLE('',#1990,0.0005);
#111=CIRCLE('',#1991,0.0005);
#112=CIRCLE('',#1992,0.0005);
#113=CIRCLE('',#1993,0.0005);
#114=CIRCLE('',#1994,0.0005);
#115=CIRCLE('',#1995,0.0005);
#116=CIRCLE('',#1996,0.0005);
#117=CIRCLE('',#1997,0.0005);
#118=CIRCLE('',#1998,0.000500000000000006);
#119=CIRCLE('',#1999,0.0005);
#120=CIRCLE('',#2000,0.0005);
#121=CIRCLE('',#2001,0.0005);
#122=CIRCLE('',#2002,0.0005);
#123=CIRCLE('',#2003,0.0005);
#124=CIRCLE('',#2007,0.0005);
#125=CIRCLE('',#2010,0.000500000000000007);
#126=CIRCLE('',#2013,0.000500000000000006);
#127=CIRCLE('',#2016,0.0005);
#128=CIRCLE('',#2024,0.0005);
#129=CIRCLE('',#2025,0.0005);
#130=CIRCLE('',#2029,0.0037);
#131=CIRCLE('',#2032,0.00191872165881481);
#132=CIRCLE('',#2034,0.0005);
#133=CIRCLE('',#2035,0.0005);
#134=CIRCLE('',#2038,0.0037);
#135=CIRCLE('',#2041,0.00191872165881481);
#136=CIRCLE('',#2043,0.0005);
#137=CIRCLE('',#2044,0.0005);
#138=CIRCLE('',#2050,0.0005);
#139=CIRCLE('',#2051,0.0005);
#140=CIRCLE('',#2052,0.0005);
#141=CIRCLE('',#2053,0.0005);
#142=CIRCLE('',#2059,0.0005);
#143=CIRCLE('',#2060,0.0005);
#144=CIRCLE('',#2061,0.0005);
#145=CIRCLE('',#2062,0.0005);
#146=CIRCLE('',#2080,0.00175);
#147=CIRCLE('',#2081,0.00175);
#148=CIRCLE('',#2085,0.00175);
#149=CIRCLE('',#2086,0.00175);
#150=CIRCLE('',#2094,0.0005);
#151=CIRCLE('',#2096,0.0005);
#152=CIRCLE('',#2097,0.0005);
#153=CIRCLE('',#2098,0.0005);
#154=CIRCLE('',#2102,0.0005);
#155=CIRCLE('',#2105,0.0005);
#156=CIRCLE('',#2106,0.0005);
#157=CIRCLE('',#2107,0.0005);
#158=CIRCLE('',#2111,0.0005);
#159=CIRCLE('',#2114,0.0005);
#160=CIRCLE('',#2115,0.0005);
#161=CIRCLE('',#2116,0.0005);
#162=CIRCLE('',#2120,0.0005);
#163=CIRCLE('',#2123,0.0005);
#164=CIRCLE('',#2124,0.0005);
#165=CIRCLE('',#2125,0.0005);
#166=CIRCLE('',#2130,0.0005);
#167=CIRCLE('',#2131,0.0005);
#168=CIRCLE('',#2132,0.0005);
#169=CIRCLE('',#2133,0.0005);
#170=ORIENTED_EDGE('',*,*,#742,.F.);
#171=ORIENTED_EDGE('',*,*,#743,.T.);
#172=ORIENTED_EDGE('',*,*,#744,.T.);
#173=ORIENTED_EDGE('',*,*,#745,.T.);
#174=ORIENTED_EDGE('',*,*,#746,.T.);
#175=ORIENTED_EDGE('',*,*,#747,.T.);
#176=ORIENTED_EDGE('',*,*,#748,.F.);
#177=ORIENTED_EDGE('',*,*,#749,.T.);
#178=ORIENTED_EDGE('',*,*,#750,.F.);
#179=ORIENTED_EDGE('',*,*,#751,.T.);
#180=ORIENTED_EDGE('',*,*,#752,.T.);
#181=ORIENTED_EDGE('',*,*,#753,.T.);
#182=ORIENTED_EDGE('',*,*,#754,.T.);
#183=ORIENTED_EDGE('',*,*,#755,.T.);
#184=ORIENTED_EDGE('',*,*,#756,.T.);
#185=ORIENTED_EDGE('',*,*,#757,.T.);
#186=ORIENTED_EDGE('',*,*,#758,.F.);
#187=ORIENTED_EDGE('',*,*,#759,.T.);
#188=ORIENTED_EDGE('',*,*,#760,.T.);
#189=ORIENTED_EDGE('',*,*,#761,.T.);
#190=ORIENTED_EDGE('',*,*,#762,.T.);
#191=ORIENTED_EDGE('',*,*,#763,.T.);
#192=ORIENTED_EDGE('',*,*,#764,.T.);
#193=ORIENTED_EDGE('',*,*,#765,.T.);
#194=ORIENTED_EDGE('',*,*,#766,.F.);
#195=ORIENTED_EDGE('',*,*,#767,.T.);
#196=ORIENTED_EDGE('',*,*,#768,.T.);
#197=ORIENTED_EDGE('',*,*,#769,.T.);
#198=ORIENTED_EDGE('',*,*,#770,.T.);
#199=ORIENTED_EDGE('',*,*,#771,.T.);
#200=ORIENTED_EDGE('',*,*,#772,.F.);
#201=ORIENTED_EDGE('',*,*,#773,.T.);
#202=ORIENTED_EDGE('',*,*,#774,.T.);
#203=ORIENTED_EDGE('',*,*,#775,.T.);
#204=ORIENTED_EDGE('',*,*,#776,.T.);
#205=ORIENTED_EDGE('',*,*,#777,.T.);
#206=ORIENTED_EDGE('',*,*,#778,.T.);
#207=ORIENTED_EDGE('',*,*,#779,.T.);
#208=ORIENTED_EDGE('',*,*,#780,.F.);
#209=ORIENTED_EDGE('',*,*,#781,.T.);
#210=ORIENTED_EDGE('',*,*,#782,.F.);
#211=ORIENTED_EDGE('',*,*,#783,.T.);
#212=ORIENTED_EDGE('',*,*,#784,.T.);
#213=ORIENTED_EDGE('',*,*,#785,.T.);
#214=ORIENTED_EDGE('',*,*,#786,.F.);
#215=ORIENTED_EDGE('',*,*,#787,.T.);
#216=ORIENTED_EDGE('',*,*,#788,.F.);
#217=ORIENTED_EDGE('',*,*,#789,.T.);
#218=ORIENTED_EDGE('',*,*,#790,.F.);
#219=ORIENTED_EDGE('',*,*,#791,.T.);
#220=ORIENTED_EDGE('',*,*,#792,.F.);
#221=ORIENTED_EDGE('',*,*,#793,.T.);
#222=ORIENTED_EDGE('',*,*,#794,.F.);
#223=ORIENTED_EDGE('',*,*,#795,.T.);
#224=ORIENTED_EDGE('',*,*,#796,.F.);
#225=ORIENTED_EDGE('',*,*,#797,.F.);
#226=ORIENTED_EDGE('',*,*,#798,.T.);
#227=ORIENTED_EDGE('',*,*,#799,.T.);
#228=ORIENTED_EDGE('',*,*,#800,.F.);
#229=ORIENTED_EDGE('',*,*,#801,.T.);
#230=ORIENTED_EDGE('',*,*,#802,.T.);
#231=ORIENTED_EDGE('',*,*,#803,.T.);
#232=ORIENTED_EDGE('',*,*,#804,.F.);
#233=ORIENTED_EDGE('',*,*,#805,.F.);
#234=ORIENTED_EDGE('',*,*,#806,.T.);
#235=ORIENTED_EDGE('',*,*,#807,.T.);
#236=ORIENTED_EDGE('',*,*,#808,.F.);
#237=ORIENTED_EDGE('',*,*,#809,.T.);
#238=ORIENTED_EDGE('',*,*,#810,.T.);
#239=ORIENTED_EDGE('',*,*,#811,.T.);
#240=ORIENTED_EDGE('',*,*,#812,.T.);
#241=ORIENTED_EDGE('',*,*,#813,.T.);
#242=ORIENTED_EDGE('',*,*,#814,.T.);
#243=ORIENTED_EDGE('',*,*,#815,.T.);
#244=ORIENTED_EDGE('',*,*,#816,.T.);
#245=ORIENTED_EDGE('',*,*,#817,.F.);
#246=ORIENTED_EDGE('',*,*,#818,.T.);
#247=ORIENTED_EDGE('',*,*,#819,.T.);
#248=ORIENTED_EDGE('',*,*,#820,.T.);
#249=ORIENTED_EDGE('',*,*,#821,.T.);
#250=ORIENTED_EDGE('',*,*,#822,.T.);
#251=ORIENTED_EDGE('',*,*,#823,.T.);
#252=ORIENTED_EDGE('',*,*,#824,.F.);
#253=ORIENTED_EDGE('',*,*,#825,.F.);
#254=ORIENTED_EDGE('',*,*,#826,.T.);
#255=ORIENTED_EDGE('',*,*,#827,.T.);
#256=ORIENTED_EDGE('',*,*,#828,.T.);
#257=ORIENTED_EDGE('',*,*,#829,.T.);
#258=ORIENTED_EDGE('',*,*,#830,.T.);
#259=ORIENTED_EDGE('',*,*,#831,.T.);
#260=ORIENTED_EDGE('',*,*,#832,.F.);
#261=ORIENTED_EDGE('',*,*,#833,.T.);
#262=ORIENTED_EDGE('',*,*,#802,.F.);
#263=ORIENTED_EDGE('',*,*,#834,.T.);
#264=ORIENTED_EDGE('',*,*,#835,.T.);
#265=ORIENTED_EDGE('',*,*,#836,.F.);
#266=ORIENTED_EDGE('',*,*,#810,.F.);
#267=ORIENTED_EDGE('',*,*,#837,.T.);
#268=ORIENTED_EDGE('',*,*,#838,.T.);
#269=ORIENTED_EDGE('',*,*,#839,.T.);
#270=ORIENTED_EDGE('',*,*,#782,.T.);
#271=ORIENTED_EDGE('',*,*,#840,.T.);
#272=ORIENTED_EDGE('',*,*,#841,.F.);
#273=ORIENTED_EDGE('',*,*,#842,.F.);
#274=ORIENTED_EDGE('',*,*,#790,.T.);
#275=ORIENTED_EDGE('',*,*,#843,.T.);
#276=ORIENTED_EDGE('',*,*,#844,.T.);
#277=ORIENTED_EDGE('',*,*,#845,.F.);
#278=ORIENTED_EDGE('',*,*,#791,.F.);
#279=ORIENTED_EDGE('',*,*,#842,.T.);
#280=ORIENTED_EDGE('',*,*,#800,.T.);
#281=ORIENTED_EDGE('',*,*,#846,.T.);
#282=ORIENTED_EDGE('',*,*,#847,.T.);
#283=ORIENTED_EDGE('',*,*,#848,.T.);
#284=ORIENTED_EDGE('',*,*,#792,.T.);
#285=ORIENTED_EDGE('',*,*,#845,.T.);
#286=ORIENTED_EDGE('',*,*,#849,.F.);
#287=ORIENTED_EDGE('',*,*,#850,.F.);
#288=ORIENTED_EDGE('',*,*,#851,.T.);
#289=ORIENTED_EDGE('',*,*,#834,.F.);
#290=ORIENTED_EDGE('',*,*,#801,.F.);
#291=ORIENTED_EDGE('',*,*,#850,.T.);
#292=ORIENTED_EDGE('',*,*,#820,.F.);
#293=ORIENTED_EDGE('',*,*,#852,.T.);
#294=ORIENTED_EDGE('',*,*,#853,.F.);
#295=ORIENTED_EDGE('',*,*,#854,.T.);
#296=ORIENTED_EDGE('',*,*,#812,.F.);
#297=ORIENTED_EDGE('',*,*,#855,.T.);
#298=ORIENTED_EDGE('',*,*,#856,.T.);
#299=ORIENTED_EDGE('',*,*,#857,.F.);
#300=ORIENTED_EDGE('',*,*,#858,.T.);
#301=ORIENTED_EDGE('',*,*,#859,.F.);
#302=ORIENTED_EDGE('',*,*,#821,.F.);
#303=ORIENTED_EDGE('',*,*,#857,.T.);
#304=ORIENTED_EDGE('',*,*,#830,.F.);
#305=ORIENTED_EDGE('',*,*,#860,.T.);
#306=ORIENTED_EDGE('',*,*,#861,.F.);
#307=ORIENTED_EDGE('',*,*,#862,.T.);
#308=ORIENTED_EDGE('',*,*,#822,.F.);
#309=ORIENTED_EDGE('',*,*,#859,.T.);
#310=ORIENTED_EDGE('',*,*,#863,.T.);
#311=ORIENTED_EDGE('',*,*,#864,.F.);
#312=ORIENTED_EDGE('',*,*,#865,.T.);
#313=ORIENTED_EDGE('',*,*,#840,.F.);
#314=ORIENTED_EDGE('',*,*,#831,.F.);
#315=ORIENTED_EDGE('',*,*,#864,.T.);
#316=ORIENTED_EDGE('',*,*,#841,.T.);
#317=ORIENTED_EDGE('',*,*,#865,.F.);
#318=ORIENTED_EDGE('',*,*,#863,.F.);
#319=ORIENTED_EDGE('',*,*,#858,.F.);
#320=ORIENTED_EDGE('',*,*,#856,.F.);
#321=ORIENTED_EDGE('',*,*,#866,.T.);
#322=ORIENTED_EDGE('',*,*,#867,.F.);
#323=ORIENTED_EDGE('',*,*,#868,.F.);
#324=ORIENTED_EDGE('',*,*,#835,.F.);
#325=ORIENTED_EDGE('',*,*,#851,.F.);
#326=ORIENTED_EDGE('',*,*,#849,.T.);
#327=ORIENTED_EDGE('',*,*,#844,.F.);
#328=ORIENTED_EDGE('',*,*,#869,.T.);
#329=ORIENTED_EDGE('',*,*,#870,.T.);
#330=ORIENTED_EDGE('',*,*,#778,.F.);
#331=ORIENTED_EDGE('',*,*,#871,.T.);
#332=ORIENTED_EDGE('',*,*,#776,.F.);
#333=ORIENTED_EDGE('',*,*,#872,.T.);
#334=ORIENTED_EDGE('',*,*,#873,.T.);
#335=ORIENTED_EDGE('',*,*,#874,.T.);
#336=ORIENTED_EDGE('',*,*,#774,.F.);
#337=ORIENTED_EDGE('',*,*,#875,.T.);
#338=ORIENTED_EDGE('',*,*,#876,.T.);
#339=ORIENTED_EDGE('',*,*,#877,.T.);
#340=ORIENTED_EDGE('',*,*,#878,.F.);
#341=ORIENTED_EDGE('',*,*,#879,.T.);
#342=ORIENTED_EDGE('',*,*,#780,.T.);
#343=ORIENTED_EDGE('',*,*,#880,.T.);
#344=ORIENTED_EDGE('',*,*,#876,.F.);
#345=ORIENTED_EDGE('',*,*,#881,.T.);
#346=ORIENTED_EDGE('',*,*,#878,.T.);
#347=ORIENTED_EDGE('',*,*,#882,.T.);
#348=ORIENTED_EDGE('',*,*,#869,.F.);
#349=ORIENTED_EDGE('',*,*,#883,.T.);
#350=ORIENTED_EDGE('',*,*,#873,.F.);
#351=ORIENTED_EDGE('',*,*,#884,.T.);
#352=ORIENTED_EDGE('',*,*,#768,.F.);
#353=ORIENTED_EDGE('',*,*,#885,.T.);
#354=ORIENTED_EDGE('',*,*,#886,.T.);
#355=ORIENTED_EDGE('',*,*,#887,.T.);
#356=ORIENTED_EDGE('',*,*,#888,.F.);
#357=ORIENTED_EDGE('',*,*,#889,.T.);
#358=ORIENTED_EDGE('',*,*,#766,.T.);
#359=ORIENTED_EDGE('',*,*,#890,.T.);
#360=ORIENTED_EDGE('',*,*,#772,.T.);
#361=ORIENTED_EDGE('',*,*,#891,.T.);
#362=ORIENTED_EDGE('',*,*,#892,.F.);
#363=ORIENTED_EDGE('',*,*,#893,.T.);
#364=ORIENTED_EDGE('',*,*,#770,.F.);
#365=ORIENTED_EDGE('',*,*,#894,.T.);
#366=ORIENTED_EDGE('',*,*,#895,.T.);
#367=ORIENTED_EDGE('',*,*,#896,.T.);
#368=ORIENTED_EDGE('',*,*,#886,.F.);
#369=ORIENTED_EDGE('',*,*,#897,.T.);
#370=ORIENTED_EDGE('',*,*,#888,.T.);
#371=ORIENTED_EDGE('',*,*,#898,.T.);
#372=ORIENTED_EDGE('',*,*,#892,.T.);
#373=ORIENTED_EDGE('',*,*,#899,.T.);
#374=ORIENTED_EDGE('',*,*,#895,.F.);
#375=ORIENTED_EDGE('',*,*,#900,.T.);
#376=ORIENTED_EDGE('',*,*,#760,.F.);
#377=ORIENTED_EDGE('',*,*,#901,.T.);
#378=ORIENTED_EDGE('',*,*,#902,.T.);
#379=ORIENTED_EDGE('',*,*,#903,.T.);
#380=ORIENTED_EDGE('',*,*,#904,.F.);
#381=ORIENTED_EDGE('',*,*,#905,.T.);
#382=ORIENTED_EDGE('',*,*,#758,.T.);
#383=ORIENTED_EDGE('',*,*,#906,.T.);
#384=ORIENTED_EDGE('',*,*,#907,.T.);
#385=ORIENTED_EDGE('',*,*,#908,.T.);
#386=ORIENTED_EDGE('',*,*,#764,.F.);
#387=ORIENTED_EDGE('',*,*,#909,.T.);
#388=ORIENTED_EDGE('',*,*,#910,.T.);
#389=ORIENTED_EDGE('',*,*,#911,.T.);
#390=ORIENTED_EDGE('',*,*,#762,.F.);
#391=ORIENTED_EDGE('',*,*,#912,.T.);
#392=ORIENTED_EDGE('',*,*,#902,.F.);
#393=ORIENTED_EDGE('',*,*,#913,.T.);
#394=ORIENTED_EDGE('',*,*,#904,.T.);
#395=ORIENTED_EDGE('',*,*,#914,.T.);
#396=ORIENTED_EDGE('',*,*,#907,.F.);
#397=ORIENTED_EDGE('',*,*,#915,.T.);
#398=ORIENTED_EDGE('',*,*,#910,.F.);
#399=ORIENTED_EDGE('',*,*,#916,.T.);
#400=ORIENTED_EDGE('',*,*,#754,.F.);
#401=ORIENTED_EDGE('',*,*,#917,.T.);
#402=ORIENTED_EDGE('',*,*,#918,.T.);
#403=ORIENTED_EDGE('',*,*,#919,.T.);
#404=ORIENTED_EDGE('',*,*,#752,.F.);
#405=ORIENTED_EDGE('',*,*,#920,.T.);
#406=ORIENTED_EDGE('',*,*,#921,.T.);
#407=ORIENTED_EDGE('',*,*,#922,.T.);
#408=ORIENTED_EDGE('',*,*,#923,.F.);
#409=ORIENTED_EDGE('',*,*,#924,.T.);
#410=ORIENTED_EDGE('',*,*,#750,.T.);
#411=ORIENTED_EDGE('',*,*,#925,.T.);
#412=ORIENTED_EDGE('',*,*,#926,.T.);
#413=ORIENTED_EDGE('',*,*,#927,.T.);
#414=ORIENTED_EDGE('',*,*,#756,.F.);
#415=ORIENTED_EDGE('',*,*,#928,.T.);
#416=ORIENTED_EDGE('',*,*,#921,.F.);
#417=ORIENTED_EDGE('',*,*,#929,.T.);
#418=ORIENTED_EDGE('',*,*,#923,.T.);
#419=ORIENTED_EDGE('',*,*,#930,.T.);
#420=ORIENTED_EDGE('',*,*,#926,.F.);
#421=ORIENTED_EDGE('',*,*,#931,.T.);
#422=ORIENTED_EDGE('',*,*,#918,.F.);
#423=ORIENTED_EDGE('',*,*,#932,.T.);
#424=ORIENTED_EDGE('',*,*,#933,.T.);
#425=ORIENTED_EDGE('',*,*,#934,.T.);
#426=ORIENTED_EDGE('',*,*,#744,.F.);
#427=ORIENTED_EDGE('',*,*,#935,.T.);
#428=ORIENTED_EDGE('',*,*,#742,.T.);
#429=ORIENTED_EDGE('',*,*,#936,.T.);
#430=ORIENTED_EDGE('',*,*,#937,.F.);
#431=ORIENTED_EDGE('',*,*,#938,.T.);
#432=ORIENTED_EDGE('',*,*,#939,.F.);
#433=ORIENTED_EDGE('',*,*,#940,.T.);
#434=ORIENTED_EDGE('',*,*,#748,.T.);
#435=ORIENTED_EDGE('',*,*,#941,.T.);
#436=ORIENTED_EDGE('',*,*,#942,.T.);
#437=ORIENTED_EDGE('',*,*,#943,.T.);
#438=ORIENTED_EDGE('',*,*,#746,.F.);
#439=ORIENTED_EDGE('',*,*,#944,.T.);
#440=ORIENTED_EDGE('',*,*,#937,.T.);
#441=ORIENTED_EDGE('',*,*,#945,.T.);
#442=ORIENTED_EDGE('',*,*,#939,.T.);
#443=ORIENTED_EDGE('',*,*,#946,.T.);
#444=ORIENTED_EDGE('',*,*,#942,.F.);
#445=ORIENTED_EDGE('',*,*,#947,.T.);
#446=ORIENTED_EDGE('',*,*,#933,.F.);
#447=ORIENTED_EDGE('',*,*,#948,.T.);
#448=ORIENTED_EDGE('',*,*,#945,.F.);
#449=ORIENTED_EDGE('',*,*,#936,.F.);
#450=ORIENTED_EDGE('',*,*,#749,.F.);
#451=ORIENTED_EDGE('',*,*,#940,.F.);
#452=ORIENTED_EDGE('',*,*,#946,.F.);
#453=ORIENTED_EDGE('',*,*,#941,.F.);
#454=ORIENTED_EDGE('',*,*,#747,.F.);
#455=ORIENTED_EDGE('',*,*,#943,.F.);
#456=ORIENTED_EDGE('',*,*,#947,.F.);
#457=ORIENTED_EDGE('',*,*,#944,.F.);
#458=ORIENTED_EDGE('',*,*,#745,.F.);
#459=ORIENTED_EDGE('',*,*,#934,.F.);
#460=ORIENTED_EDGE('',*,*,#948,.F.);
#461=ORIENTED_EDGE('',*,*,#935,.F.);
#462=ORIENTED_EDGE('',*,*,#743,.F.);
#463=ORIENTED_EDGE('',*,*,#938,.F.);
#464=ORIENTED_EDGE('',*,*,#929,.F.);
#465=ORIENTED_EDGE('',*,*,#920,.F.);
#466=ORIENTED_EDGE('',*,*,#751,.F.);
#467=ORIENTED_EDGE('',*,*,#924,.F.);
#468=ORIENTED_EDGE('',*,*,#932,.F.);
#469=ORIENTED_EDGE('',*,*,#917,.F.);
#470=ORIENTED_EDGE('',*,*,#753,.F.);
#471=ORIENTED_EDGE('',*,*,#922,.F.);
#472=ORIENTED_EDGE('',*,*,#930,.F.);
#473=ORIENTED_EDGE('',*,*,#925,.F.);
#474=ORIENTED_EDGE('',*,*,#757,.F.);
#475=ORIENTED_EDGE('',*,*,#927,.F.);
#476=ORIENTED_EDGE('',*,*,#931,.F.);
#477=ORIENTED_EDGE('',*,*,#928,.F.);
#478=ORIENTED_EDGE('',*,*,#755,.F.);
#479=ORIENTED_EDGE('',*,*,#919,.F.);
#480=ORIENTED_EDGE('',*,*,#897,.F.);
#481=ORIENTED_EDGE('',*,*,#885,.F.);
#482=ORIENTED_EDGE('',*,*,#767,.F.);
#483=ORIENTED_EDGE('',*,*,#889,.F.);
#484=ORIENTED_EDGE('',*,*,#900,.F.);
#485=ORIENTED_EDGE('',*,*,#894,.F.);
#486=ORIENTED_EDGE('',*,*,#769,.F.);
#487=ORIENTED_EDGE('',*,*,#887,.F.);
#488=ORIENTED_EDGE('',*,*,#899,.F.);
#489=ORIENTED_EDGE('',*,*,#891,.F.);
#490=ORIENTED_EDGE('',*,*,#771,.F.);
#491=ORIENTED_EDGE('',*,*,#896,.F.);
#492=ORIENTED_EDGE('',*,*,#898,.F.);
#493=ORIENTED_EDGE('',*,*,#890,.F.);
#494=ORIENTED_EDGE('',*,*,#773,.F.);
#495=ORIENTED_EDGE('',*,*,#893,.F.);
#496=ORIENTED_EDGE('',*,*,#913,.F.);
#497=ORIENTED_EDGE('',*,*,#901,.F.);
#498=ORIENTED_EDGE('',*,*,#759,.F.);
#499=ORIENTED_EDGE('',*,*,#905,.F.);
#500=ORIENTED_EDGE('',*,*,#914,.F.);
#501=ORIENTED_EDGE('',*,*,#906,.F.);
#502=ORIENTED_EDGE('',*,*,#765,.F.);
#503=ORIENTED_EDGE('',*,*,#908,.F.);
#504=ORIENTED_EDGE('',*,*,#915,.F.);
#505=ORIENTED_EDGE('',*,*,#909,.F.);
#506=ORIENTED_EDGE('',*,*,#763,.F.);
#507=ORIENTED_EDGE('',*,*,#911,.F.);
#508=ORIENTED_EDGE('',*,*,#916,.F.);
#509=ORIENTED_EDGE('',*,*,#912,.F.);
#510=ORIENTED_EDGE('',*,*,#761,.F.);
#511=ORIENTED_EDGE('',*,*,#903,.F.);
#512=ORIENTED_EDGE('',*,*,#881,.F.);
#513=ORIENTED_EDGE('',*,*,#875,.F.);
#514=ORIENTED_EDGE('',*,*,#781,.F.);
#515=ORIENTED_EDGE('',*,*,#879,.F.);
#516=ORIENTED_EDGE('',*,*,#884,.F.);
#517=ORIENTED_EDGE('',*,*,#872,.F.);
#518=ORIENTED_EDGE('',*,*,#775,.F.);
#519=ORIENTED_EDGE('',*,*,#877,.F.);
#520=ORIENTED_EDGE('',*,*,#882,.F.);
#521=ORIENTED_EDGE('',*,*,#880,.F.);
#522=ORIENTED_EDGE('',*,*,#779,.F.);
#523=ORIENTED_EDGE('',*,*,#870,.F.);
#524=ORIENTED_EDGE('',*,*,#883,.F.);
#525=ORIENTED_EDGE('',*,*,#871,.F.);
#526=ORIENTED_EDGE('',*,*,#777,.F.);
#527=ORIENTED_EDGE('',*,*,#874,.F.);
#528=ORIENTED_EDGE('',*,*,#811,.F.);
#529=ORIENTED_EDGE('',*,*,#949,.F.);
#530=ORIENTED_EDGE('',*,*,#950,.T.);
#531=ORIENTED_EDGE('',*,*,#951,.F.);
#532=ORIENTED_EDGE('',*,*,#952,.F.);
#533=ORIENTED_EDGE('',*,*,#953,.T.);
#534=ORIENTED_EDGE('',*,*,#954,.F.);
#535=ORIENTED_EDGE('',*,*,#949,.T.);
#536=ORIENTED_EDGE('',*,*,#836,.T.);
#537=ORIENTED_EDGE('',*,*,#868,.T.);
#538=ORIENTED_EDGE('',*,*,#955,.F.);
#539=ORIENTED_EDGE('',*,*,#953,.F.);
#540=ORIENTED_EDGE('',*,*,#956,.T.);
#541=ORIENTED_EDGE('',*,*,#957,.T.);
#542=ORIENTED_EDGE('',*,*,#866,.F.);
#543=ORIENTED_EDGE('',*,*,#855,.F.);
#544=ORIENTED_EDGE('',*,*,#958,.F.);
#545=ORIENTED_EDGE('',*,*,#955,.T.);
#546=ORIENTED_EDGE('',*,*,#867,.T.);
#547=ORIENTED_EDGE('',*,*,#957,.F.);
#548=ORIENTED_EDGE('',*,*,#959,.T.);
#549=ORIENTED_EDGE('',*,*,#960,.T.);
#550=ORIENTED_EDGE('',*,*,#950,.F.);
#551=ORIENTED_EDGE('',*,*,#954,.T.);
#552=ORIENTED_EDGE('',*,*,#958,.T.);
#553=ORIENTED_EDGE('',*,*,#961,.F.);
#554=ORIENTED_EDGE('',*,*,#956,.F.);
#555=ORIENTED_EDGE('',*,*,#952,.T.);
#556=ORIENTED_EDGE('',*,*,#962,.T.);
#557=ORIENTED_EDGE('',*,*,#959,.F.);
#558=ORIENTED_EDGE('',*,*,#962,.F.);
#559=ORIENTED_EDGE('',*,*,#951,.T.);
#560=ORIENTED_EDGE('',*,*,#961,.T.);
#561=ORIENTED_EDGE('',*,*,#960,.F.);
#562=ORIENTED_EDGE('',*,*,#796,.T.);
#563=ORIENTED_EDGE('',*,*,#963,.T.);
#564=ORIENTED_EDGE('',*,*,#964,.F.);
#565=ORIENTED_EDGE('',*,*,#965,.T.);
#566=ORIENTED_EDGE('',*,*,#794,.T.);
#567=ORIENTED_EDGE('',*,*,#966,.T.);
#568=ORIENTED_EDGE('',*,*,#967,.F.);
#569=ORIENTED_EDGE('',*,*,#968,.T.);
#570=ORIENTED_EDGE('',*,*,#969,.T.);
#571=ORIENTED_EDGE('',*,*,#970,.T.);
#572=ORIENTED_EDGE('',*,*,#798,.F.);
#573=ORIENTED_EDGE('',*,*,#971,.F.);
#574=ORIENTED_EDGE('',*,*,#797,.T.);
#575=ORIENTED_EDGE('',*,*,#965,.F.);
#576=ORIENTED_EDGE('',*,*,#972,.F.);
#577=ORIENTED_EDGE('',*,*,#971,.T.);
#578=ORIENTED_EDGE('',*,*,#847,.F.);
#579=ORIENTED_EDGE('',*,*,#973,.T.);
#580=ORIENTED_EDGE('',*,*,#969,.F.);
#581=ORIENTED_EDGE('',*,*,#972,.T.);
#582=ORIENTED_EDGE('',*,*,#964,.T.);
#583=ORIENTED_EDGE('',*,*,#974,.T.);
#584=ORIENTED_EDGE('',*,*,#967,.T.);
#585=ORIENTED_EDGE('',*,*,#975,.T.);
#586=ORIENTED_EDGE('',*,*,#808,.T.);
#587=ORIENTED_EDGE('',*,*,#976,.T.);
#588=ORIENTED_EDGE('',*,*,#977,.F.);
#589=ORIENTED_EDGE('',*,*,#978,.T.);
#590=ORIENTED_EDGE('',*,*,#979,.T.);
#591=ORIENTED_EDGE('',*,*,#980,.T.);
#592=ORIENTED_EDGE('',*,*,#806,.F.);
#593=ORIENTED_EDGE('',*,*,#981,.F.);
#594=ORIENTED_EDGE('',*,*,#805,.T.);
#595=ORIENTED_EDGE('',*,*,#982,.F.);
#596=ORIENTED_EDGE('',*,*,#983,.F.);
#597=ORIENTED_EDGE('',*,*,#981,.T.);
#598=ORIENTED_EDGE('',*,*,#804,.T.);
#599=ORIENTED_EDGE('',*,*,#984,.T.);
#600=ORIENTED_EDGE('',*,*,#985,.F.);
#601=ORIENTED_EDGE('',*,*,#982,.T.);
#602=ORIENTED_EDGE('',*,*,#985,.T.);
#603=ORIENTED_EDGE('',*,*,#986,.T.);
#604=ORIENTED_EDGE('',*,*,#832,.T.);
#605=ORIENTED_EDGE('',*,*,#987,.T.);
#606=ORIENTED_EDGE('',*,*,#977,.T.);
#607=ORIENTED_EDGE('',*,*,#988,.T.);
#608=ORIENTED_EDGE('',*,*,#979,.F.);
#609=ORIENTED_EDGE('',*,*,#983,.T.);
#610=ORIENTED_EDGE('',*,*,#989,.T.);
#611=ORIENTED_EDGE('',*,*,#990,.T.);
#612=ORIENTED_EDGE('',*,*,#814,.F.);
#613=ORIENTED_EDGE('',*,*,#991,.T.);
#614=ORIENTED_EDGE('',*,*,#992,.T.);
#615=ORIENTED_EDGE('',*,*,#993,.T.);
#616=ORIENTED_EDGE('',*,*,#818,.F.);
#617=ORIENTED_EDGE('',*,*,#994,.F.);
#618=ORIENTED_EDGE('',*,*,#817,.T.);
#619=ORIENTED_EDGE('',*,*,#995,.F.);
#620=ORIENTED_EDGE('',*,*,#996,.F.);
#621=ORIENTED_EDGE('',*,*,#994,.T.);
#622=ORIENTED_EDGE('',*,*,#816,.F.);
#623=ORIENTED_EDGE('',*,*,#997,.T.);
#624=ORIENTED_EDGE('',*,*,#998,.T.);
#625=ORIENTED_EDGE('',*,*,#995,.T.);
#626=ORIENTED_EDGE('',*,*,#853,.T.);
#627=ORIENTED_EDGE('',*,*,#999,.T.);
#628=ORIENTED_EDGE('',*,*,#992,.F.);
#629=ORIENTED_EDGE('',*,*,#996,.T.);
#630=ORIENTED_EDGE('',*,*,#998,.F.);
#631=ORIENTED_EDGE('',*,*,#1000,.T.);
#632=ORIENTED_EDGE('',*,*,#989,.F.);
#633=ORIENTED_EDGE('',*,*,#1001,.T.);
#634=ORIENTED_EDGE('',*,*,#1002,.T.);
#635=ORIENTED_EDGE('',*,*,#1003,.T.);
#636=ORIENTED_EDGE('',*,*,#828,.F.);
#637=ORIENTED_EDGE('',*,*,#1004,.T.);
#638=ORIENTED_EDGE('',*,*,#1005,.T.);
#639=ORIENTED_EDGE('',*,*,#1006,.T.);
#640=ORIENTED_EDGE('',*,*,#826,.F.);
#641=ORIENTED_EDGE('',*,*,#1007,.F.);
#642=ORIENTED_EDGE('',*,*,#825,.T.);
#643=ORIENTED_EDGE('',*,*,#1008,.F.);
#644=ORIENTED_EDGE('',*,*,#1009,.F.);
#645=ORIENTED_EDGE('',*,*,#1007,.T.);
#646=ORIENTED_EDGE('',*,*,#824,.T.);
#647=ORIENTED_EDGE('',*,*,#1010,.T.);
#648=ORIENTED_EDGE('',*,*,#1011,.F.);
#649=ORIENTED_EDGE('',*,*,#1008,.T.);
#650=ORIENTED_EDGE('',*,*,#861,.T.);
#651=ORIENTED_EDGE('',*,*,#1012,.T.);
#652=ORIENTED_EDGE('',*,*,#1002,.F.);
#653=ORIENTED_EDGE('',*,*,#1013,.T.);
#654=ORIENTED_EDGE('',*,*,#1005,.F.);
#655=ORIENTED_EDGE('',*,*,#1009,.T.);
#656=ORIENTED_EDGE('',*,*,#1011,.T.);
#657=ORIENTED_EDGE('',*,*,#1014,.T.);
#658=ORIENTED_EDGE('',*,*,#1015,.F.);
#659=ORIENTED_EDGE('',*,*,#1016,.T.);
#660=ORIENTED_EDGE('',*,*,#788,.T.);
#661=ORIENTED_EDGE('',*,*,#1017,.T.);
#662=ORIENTED_EDGE('',*,*,#786,.T.);
#663=ORIENTED_EDGE('',*,*,#1018,.T.);
#664=ORIENTED_EDGE('',*,*,#1019,.F.);
#665=ORIENTED_EDGE('',*,*,#1020,.T.);
#666=ORIENTED_EDGE('',*,*,#784,.F.);
#667=ORIENTED_EDGE('',*,*,#1021,.T.);
#668=ORIENTED_EDGE('',*,*,#1022,.T.);
#669=ORIENTED_EDGE('',*,*,#1023,.T.);
#670=ORIENTED_EDGE('',*,*,#1022,.F.);
#671=ORIENTED_EDGE('',*,*,#1024,.T.);
#672=ORIENTED_EDGE('',*,*,#838,.F.);
#673=ORIENTED_EDGE('',*,*,#1025,.T.);
#674=ORIENTED_EDGE('',*,*,#1015,.T.);
#675=ORIENTED_EDGE('',*,*,#1026,.T.);
#676=ORIENTED_EDGE('',*,*,#1019,.T.);
#677=ORIENTED_EDGE('',*,*,#1027,.T.);
#678=ORIENTED_EDGE('',*,*,#1012,.F.);
#679=ORIENTED_EDGE('',*,*,#860,.F.);
#680=ORIENTED_EDGE('',*,*,#829,.F.);
#681=ORIENTED_EDGE('',*,*,#1003,.F.);
#682=ORIENTED_EDGE('',*,*,#1013,.F.);
#683=ORIENTED_EDGE('',*,*,#1004,.F.);
#684=ORIENTED_EDGE('',*,*,#827,.F.);
#685=ORIENTED_EDGE('',*,*,#1006,.F.);
#686=ORIENTED_EDGE('',*,*,#986,.F.);
#687=ORIENTED_EDGE('',*,*,#984,.F.);
#688=ORIENTED_EDGE('',*,*,#803,.F.);
#689=ORIENTED_EDGE('',*,*,#833,.F.);
#690=ORIENTED_EDGE('',*,*,#973,.F.);
#691=ORIENTED_EDGE('',*,*,#846,.F.);
#692=ORIENTED_EDGE('',*,*,#799,.F.);
#693=ORIENTED_EDGE('',*,*,#970,.F.);
#694=ORIENTED_EDGE('',*,*,#1014,.F.);
#695=ORIENTED_EDGE('',*,*,#1010,.F.);
#696=ORIENTED_EDGE('',*,*,#823,.F.);
#697=ORIENTED_EDGE('',*,*,#862,.F.);
#698=ORIENTED_EDGE('',*,*,#999,.F.);
#699=ORIENTED_EDGE('',*,*,#852,.F.);
#700=ORIENTED_EDGE('',*,*,#819,.F.);
#701=ORIENTED_EDGE('',*,*,#993,.F.);
#702=ORIENTED_EDGE('',*,*,#1000,.F.);
#703=ORIENTED_EDGE('',*,*,#997,.F.);
#704=ORIENTED_EDGE('',*,*,#815,.F.);
#705=ORIENTED_EDGE('',*,*,#990,.F.);
#706=ORIENTED_EDGE('',*,*,#1001,.F.);
#707=ORIENTED_EDGE('',*,*,#991,.F.);
#708=ORIENTED_EDGE('',*,*,#813,.F.);
#709=ORIENTED_EDGE('',*,*,#854,.F.);
#710=ORIENTED_EDGE('',*,*,#1024,.F.);
#711=ORIENTED_EDGE('',*,*,#1021,.F.);
#712=ORIENTED_EDGE('',*,*,#783,.F.);
#713=ORIENTED_EDGE('',*,*,#839,.F.);
#714=ORIENTED_EDGE('',*,*,#1027,.F.);
#715=ORIENTED_EDGE('',*,*,#1018,.F.);
#716=ORIENTED_EDGE('',*,*,#785,.F.);
#717=ORIENTED_EDGE('',*,*,#1023,.F.);
#718=ORIENTED_EDGE('',*,*,#1025,.F.);
#719=ORIENTED_EDGE('',*,*,#843,.F.);
#720=ORIENTED_EDGE('',*,*,#789,.F.);
#721=ORIENTED_EDGE('',*,*,#1016,.F.);
#722=ORIENTED_EDGE('',*,*,#1026,.F.);
#723=ORIENTED_EDGE('',*,*,#1017,.F.);
#724=ORIENTED_EDGE('',*,*,#787,.F.);
#725=ORIENTED_EDGE('',*,*,#1020,.F.);
#726=ORIENTED_EDGE('',*,*,#988,.F.);
#727=ORIENTED_EDGE('',*,*,#976,.F.);
#728=ORIENTED_EDGE('',*,*,#807,.F.);
#729=ORIENTED_EDGE('',*,*,#980,.F.);
#730=ORIENTED_EDGE('',*,*,#987,.F.);
#731=ORIENTED_EDGE('',*,*,#837,.F.);
#732=ORIENTED_EDGE('',*,*,#809,.F.);
#733=ORIENTED_EDGE('',*,*,#978,.F.);
#734=ORIENTED_EDGE('',*,*,#975,.F.);
#735=ORIENTED_EDGE('',*,*,#966,.F.);
#736=ORIENTED_EDGE('',*,*,#793,.F.);
#737=ORIENTED_EDGE('',*,*,#848,.F.);
#738=ORIENTED_EDGE('',*,*,#974,.F.);
#739=ORIENTED_EDGE('',*,*,#963,.F.);
#740=ORIENTED_EDGE('',*,*,#795,.F.);
#741=ORIENTED_EDGE('',*,*,#968,.F.);
#742=EDGE_CURVE('',#1028,#1029,#1218,.T.);
#743=EDGE_CURVE('',#1028,#1030,#82,.F.);
#744=EDGE_CURVE('',#1030,#1031,#1219,.T.);
#745=EDGE_CURVE('',#1031,#1032,#83,.F.);
#746=EDGE_CURVE('',#1032,#1033,#1220,.T.);
#747=EDGE_CURVE('',#1033,#1034,#84,.F.);
#748=EDGE_CURVE('',#1035,#1034,#1221,.T.);
#749=EDGE_CURVE('',#1035,#1029,#85,.F.);
#750=EDGE_CURVE('',#1036,#1037,#1222,.T.);
#751=EDGE_CURVE('',#1036,#1038,#86,.F.);
#752=EDGE_CURVE('',#1038,#1039,#1223,.T.);
#753=EDGE_CURVE('',#1039,#1040,#87,.F.);
#754=EDGE_CURVE('',#1040,#1041,#1224,.T.);
#755=EDGE_CURVE('',#1041,#1042,#88,.F.);
#756=EDGE_CURVE('',#1042,#1043,#1225,.T.);
#757=EDGE_CURVE('',#1043,#1037,#89,.F.);
#758=EDGE_CURVE('',#1044,#1045,#90,.T.);
#759=EDGE_CURVE('',#1044,#1046,#91,.F.);
#760=EDGE_CURVE('',#1046,#1047,#1226,.T.);
#761=EDGE_CURVE('',#1047,#1048,#66,.T.);
#762=EDGE_CURVE('',#1048,#1049,#92,.T.);
#763=EDGE_CURVE('',#1049,#1050,#67,.T.);
#764=EDGE_CURVE('',#1050,#1051,#1227,.T.);
#765=EDGE_CURVE('',#1051,#1045,#93,.F.);
#766=EDGE_CURVE('',#1052,#1053,#94,.T.);
#767=EDGE_CURVE('',#1052,#1054,#95,.F.);
#768=EDGE_CURVE('',#1054,#1055,#1228,.T.);
#769=EDGE_CURVE('',#1055,#1056,#68,.T.);
#770=EDGE_CURVE('',#1056,#1057,#96,.T.);
#771=EDGE_CURVE('',#1057,#1058,#69,.T.);
#772=EDGE_CURVE('',#1059,#1058,#1229,.T.);
#773=EDGE_CURVE('',#1059,#1053,#97,.F.);
#774=EDGE_CURVE('',#1060,#1061,#1230,.T.);
#775=EDGE_CURVE('',#1061,#1062,#62,.F.);
#776=EDGE_CURVE('',#1062,#1063,#1231,.T.);
#777=EDGE_CURVE('',#1063,#1064,#98,.F.);
#778=EDGE_CURVE('',#1064,#1065,#1232,.T.);
#779=EDGE_CURVE('',#1065,#1066,#99,.F.);
#780=EDGE_CURVE('',#1067,#1066,#1233,.T.);
#781=EDGE_CURVE('',#1067,#1060,#63,.F.);
#782=EDGE_CURVE('',#1068,#1069,#1234,.T.);
#783=EDGE_CURVE('',#1068,#1070,#100,.F.);
#784=EDGE_CURVE('',#1070,#1071,#1235,.T.);
#785=EDGE_CURVE('',#1071,#1072,#101,.F.);
#786=EDGE_CURVE('',#1073,#1072,#1236,.T.);
#787=EDGE_CURVE('',#1073,#1074,#102,.F.);
#788=EDGE_CURVE('',#1075,#1074,#1237,.T.);
#789=EDGE_CURVE('',#1075,#1076,#103,.F.);
#790=EDGE_CURVE('',#1077,#1076,#1238,.T.);
#791=EDGE_CURVE('',#1077,#1078,#104,.T.);
#792=EDGE_CURVE('',#1079,#1078,#1239,.T.);
#793=EDGE_CURVE('',#1079,#1080,#105,.F.);
#794=EDGE_CURVE('',#1081,#1080,#1240,.T.);
#795=EDGE_CURVE('',#1081,#1082,#106,.F.);
#796=EDGE_CURVE('',#1083,#1082,#1241,.T.);
#797=EDGE_CURVE('',#1084,#1083,#107,.T.);
#798=EDGE_CURVE('',#1084,#1085,#1242,.T.);
#799=EDGE_CURVE('',#1085,#1086,#108,.F.);
#800=EDGE_CURVE('',#1087,#1086,#1243,.T.);
#801=EDGE_CURVE('',#1087,#1088,#109,.T.);
#802=EDGE_CURVE('',#1088,#1089,#1244,.T.);
#803=EDGE_CURVE('',#1089,#1090,#110,.F.);
#804=EDGE_CURVE('',#1091,#1090,#1245,.T.);
#805=EDGE_CURVE('',#1092,#1091,#111,.T.);
#806=EDGE_CURVE('',#1092,#1093,#1246,.T.);
#807=EDGE_CURVE('',#1093,#1094,#112,.F.);
#808=EDGE_CURVE('',#1095,#1094,#1247,.T.);
#809=EDGE_CURVE('',#1095,#1096,#113,.F.);
#810=EDGE_CURVE('',#1096,#1097,#1248,.T.);
#811=EDGE_CURVE('',#1097,#1098,#1249,.T.);
#812=EDGE_CURVE('',#1098,#1099,#1250,.T.);
#813=EDGE_CURVE('',#1099,#1100,#114,.F.);
#814=EDGE_CURVE('',#1100,#1101,#1251,.T.);
#815=EDGE_CURVE('',#1101,#1102,#115,.F.);
#816=EDGE_CURVE('',#1102,#1103,#1252,.T.);
#817=EDGE_CURVE('',#1104,#1103,#116,.T.);
#818=EDGE_CURVE('',#1104,#1105,#1253,.T.);
#819=EDGE_CURVE('',#1105,#1106,#117,.F.);
#820=EDGE_CURVE('',#1106,#1107,#1254,.T.);
#821=EDGE_CURVE('',#1107,#1108,#118,.T.);
#822=EDGE_CURVE('',#1108,#1109,#1255,.T.);
#823=EDGE_CURVE('',#1109,#1110,#119,.F.);
#824=EDGE_CURVE('',#1111,#1110,#1256,.T.);
#825=EDGE_CURVE('',#1112,#1111,#120,.T.);
#826=EDGE_CURVE('',#1112,#1113,#1257,.T.);
#827=EDGE_CURVE('',#1113,#1114,#121,.F.);
#828=EDGE_CURVE('',#1114,#1115,#1258,.T.);
#829=EDGE_CURVE('',#1115,#1116,#122,.F.);
#830=EDGE_CURVE('',#1116,#1117,#1259,.T.);
#831=EDGE_CURVE('',#1117,#1069,#123,.T.);
#832=EDGE_CURVE('',#1118,#1119,#1260,.T.);
#833=EDGE_CURVE('',#1118,#1089,#1261,.T.);
#834=EDGE_CURVE('',#1088,#1120,#1262,.T.);
#835=EDGE_CURVE('',#1120,#1121,#1263,.T.);
#836=EDGE_CURVE('',#1097,#1121,#1264,.T.);
#837=EDGE_CURVE('',#1096,#1119,#1265,.F.);
#838=EDGE_CURVE('',#1122,#1123,#1266,.T.);
#839=EDGE_CURVE('',#1123,#1068,#1267,.T.);
#840=EDGE_CURVE('',#1069,#1124,#1268,.T.);
#841=EDGE_CURVE('',#1125,#1124,#1269,.T.);
#842=EDGE_CURVE('',#1077,#1125,#1270,.T.);
#843=EDGE_CURVE('',#1076,#1122,#1271,.F.);
#844=EDGE_CURVE('',#1125,#1126,#124,.T.);
#845=EDGE_CURVE('',#1078,#1126,#1272,.T.);
#846=EDGE_CURVE('',#1086,#1127,#1273,.F.);
#847=EDGE_CURVE('',#1127,#1128,#1274,.T.);
#848=EDGE_CURVE('',#1128,#1079,#1275,.T.);
#849=EDGE_CURVE('',#1129,#1126,#1276,.T.);
#850=EDGE_CURVE('',#1087,#1129,#1277,.T.);
#851=EDGE_CURVE('',#1129,#1120,#125,.T.);
#852=EDGE_CURVE('',#1106,#1130,#1278,.F.);
#853=EDGE_CURVE('',#1131,#1130,#1279,.T.);
#854=EDGE_CURVE('',#1131,#1099,#1280,.T.);
#855=EDGE_CURVE('',#1098,#1132,#1281,.T.);
#856=EDGE_CURVE('',#1132,#1133,#1282,.T.);
#857=EDGE_CURVE('',#1107,#1133,#1283,.T.);
#858=EDGE_CURVE('',#1133,#1134,#126,.T.);
#859=EDGE_CURVE('',#1108,#1134,#1284,.T.);
#860=EDGE_CURVE('',#1116,#1135,#1285,.F.);
#861=EDGE_CURVE('',#1136,#1135,#1286,.T.);
#862=EDGE_CURVE('',#1136,#1109,#1287,.T.);
#863=EDGE_CURVE('',#1134,#1137,#1288,.T.);
#864=EDGE_CURVE('',#1117,#1137,#1289,.T.);
#865=EDGE_CURVE('',#1137,#1124,#127,.T.);
#866=EDGE_CURVE('',#1132,#1138,#1290,.T.);
#867=EDGE_CURVE('',#1139,#1138,#1291,.T.);
#868=EDGE_CURVE('',#1121,#1139,#1292,.T.);
#869=EDGE_CURVE('',#1140,#1141,#1293,.T.);
#870=EDGE_CURVE('',#1141,#1065,#1294,.T.);
#871=EDGE_CURVE('',#1064,#1140,#1295,.F.);
#872=EDGE_CURVE('',#1062,#1142,#1296,.F.);
#873=EDGE_CURVE('',#1142,#1143,#1297,.T.);
#874=EDGE_CURVE('',#1143,#1063,#1298,.T.);
#875=EDGE_CURVE('',#1060,#1144,#1299,.F.);
#876=EDGE_CURVE('',#1144,#1145,#1300,.T.);
#877=EDGE_CURVE('',#1145,#1061,#1301,.T.);
#878=EDGE_CURVE('',#1146,#1147,#1302,.T.);
#879=EDGE_CURVE('',#1146,#1067,#1303,.T.);
#880=EDGE_CURVE('',#1066,#1147,#1304,.F.);
#881=EDGE_CURVE('',#1144,#1146,#64,.T.);
#882=EDGE_CURVE('',#1147,#1141,#128,.T.);
#883=EDGE_CURVE('',#1140,#1143,#129,.T.);
#884=EDGE_CURVE('',#1142,#1145,#65,.T.);
#885=EDGE_CURVE('',#1054,#1148,#1305,.T.);
#886=EDGE_CURVE('',#1148,#1149,#1306,.T.);
#887=EDGE_CURVE('',#1149,#1055,#70,.T.);
#888=EDGE_CURVE('',#1150,#1151,#130,.T.);
#889=EDGE_CURVE('',#1150,#1052,#1307,.T.);
#890=EDGE_CURVE('',#1053,#1151,#1308,.F.);
#891=EDGE_CURVE('',#1058,#1152,#71,.T.);
#892=EDGE_CURVE('',#1153,#1152,#1309,.T.);
#893=EDGE_CURVE('',#1153,#1059,#1310,.T.);
#894=EDGE_CURVE('',#1056,#1154,#72,.T.);
#895=EDGE_CURVE('',#1154,#1155,#131,.T.);
#896=EDGE_CURVE('',#1155,#1057,#73,.T.);
#897=EDGE_CURVE('',#1148,#1150,#132,.T.);
#898=EDGE_CURVE('',#1151,#1153,#133,.T.);
#899=EDGE_CURVE('',#1152,#1155,#74,.T.);
#900=EDGE_CURVE('',#1154,#1149,#75,.T.);
#901=EDGE_CURVE('',#1046,#1156,#1311,.T.);
#902=EDGE_CURVE('',#1156,#1157,#1312,.T.);
#903=EDGE_CURVE('',#1157,#1047,#76,.T.);
#904=EDGE_CURVE('',#1158,#1159,#134,.T.);
#905=EDGE_CURVE('',#1158,#1044,#1313,.T.);
#906=EDGE_CURVE('',#1045,#1159,#1314,.F.);
#907=EDGE_CURVE('',#1160,#1161,#1315,.T.);
#908=EDGE_CURVE('',#1161,#1051,#1316,.F.);
#909=EDGE_CURVE('',#1050,#1160,#77,.T.);
#910=EDGE_CURVE('',#1162,#1163,#135,.T.);
#911=EDGE_CURVE('',#1163,#1049,#78,.T.);
#912=EDGE_CURVE('',#1048,#1162,#79,.T.);
#913=EDGE_CURVE('',#1156,#1158,#136,.T.);
#914=EDGE_CURVE('',#1159,#1161,#137,.T.);
#915=EDGE_CURVE('',#1160,#1163,#80,.T.);
#916=EDGE_CURVE('',#1162,#1157,#81,.T.);
#917=EDGE_CURVE('',#1040,#1164,#1317,.F.);
#918=EDGE_CURVE('',#1164,#1165,#1318,.T.);
#919=EDGE_CURVE('',#1165,#1041,#1319,.T.);
#920=EDGE_CURVE('',#1038,#1166,#1320,.F.);
#921=EDGE_CURVE('',#1166,#1167,#1321,.T.);
#922=EDGE_CURVE('',#1167,#1039,#1322,.T.);
#923=EDGE_CURVE('',#1168,#1169,#1323,.T.);
#924=EDGE_CURVE('',#1168,#1036,#1324,.T.);
#925=EDGE_CURVE('',#1037,#1169,#1325,.F.);
#926=EDGE_CURVE('',#1170,#1171,#1326,.T.);
#927=EDGE_CURVE('',#1171,#1043,#1327,.T.);
#928=EDGE_CURVE('',#1042,#1170,#1328,.F.);
#929=EDGE_CURVE('',#1166,#1168,#138,.T.);
#930=EDGE_CURVE('',#1169,#1171,#139,.T.);
#931=EDGE_CURVE('',#1170,#1165,#140,.T.);
#932=EDGE_CURVE('',#1164,#1167,#141,.T.);
#933=EDGE_CURVE('',#1172,#1173,#1329,.T.);
#934=EDGE_CURVE('',#1173,#1031,#1330,.T.);
#935=EDGE_CURVE('',#1030,#1172,#1331,.F.);
#936=EDGE_CURVE('',#1029,#1174,#1332,.F.);
#937=EDGE_CURVE('',#1175,#1174,#1333,.T.);
#938=EDGE_CURVE('',#1175,#1028,#1334,.T.);
#939=EDGE_CURVE('',#1176,#1177,#1335,.T.);
#940=EDGE_CURVE('',#1176,#1035,#1336,.T.);
#941=EDGE_CURVE('',#1034,#1177,#1337,.F.);
#942=EDGE_CURVE('',#1178,#1179,#1338,.T.);
#943=EDGE_CURVE('',#1179,#1033,#1339,.T.);
#944=EDGE_CURVE('',#1032,#1178,#1340,.F.);
#945=EDGE_CURVE('',#1174,#1176,#142,.T.);
#946=EDGE_CURVE('',#1177,#1179,#143,.T.);
#947=EDGE_CURVE('',#1178,#1173,#144,.T.);
#948=EDGE_CURVE('',#1172,#1175,#145,.T.);
#949=EDGE_CURVE('',#1180,#1097,#1341,.T.);
#950=EDGE_CURVE('',#1180,#1181,#146,.F.);
#951=EDGE_CURVE('',#1182,#1181,#1342,.T.);
#952=EDGE_CURVE('',#1183,#1182,#147,.T.);
#953=EDGE_CURVE('',#1183,#1098,#1343,.T.);
#954=EDGE_CURVE('',#1180,#1184,#1344,.T.);
#955=EDGE_CURVE('',#1184,#1139,#1345,.T.);
#956=EDGE_CURVE('',#1183,#1185,#1346,.T.);
#957=EDGE_CURVE('',#1185,#1138,#1347,.T.);
#958=EDGE_CURVE('',#1184,#1186,#148,.T.);
#959=EDGE_CURVE('',#1185,#1187,#149,.T.);
#960=EDGE_CURVE('',#1187,#1186,#1348,.T.);
#961=EDGE_CURVE('',#1181,#1186,#1349,.T.);
#962=EDGE_CURVE('',#1182,#1187,#1350,.T.);
#963=EDGE_CURVE('',#1082,#1188,#1351,.F.);
#964=EDGE_CURVE('',#1189,#1188,#1352,.T.);
#965=EDGE_CURVE('',#1189,#1083,#1353,.T.);
#966=EDGE_CURVE('',#1080,#1190,#1354,.F.);
#967=EDGE_CURVE('',#1191,#1190,#1355,.T.);
#968=EDGE_CURVE('',#1191,#1081,#1356,.T.);
#969=EDGE_CURVE('',#1192,#1193,#1357,.T.);
#970=EDGE_CURVE('',#1193,#1085,#1358,.T.);
#971=EDGE_CURVE('',#1192,#1084,#1359,.T.);
#972=EDGE_CURVE('',#1192,#1189,#150,.T.);
#973=EDGE_CURVE('',#1127,#1193,#151,.T.);
#974=EDGE_CURVE('',#1188,#1191,#152,.T.);
#975=EDGE_CURVE('',#1190,#1128,#153,.T.);
#976=EDGE_CURVE('',#1094,#1194,#1360,.F.);
#977=EDGE_CURVE('',#1195,#1194,#1361,.T.);
#978=EDGE_CURVE('',#1195,#1095,#1362,.T.);
#979=EDGE_CURVE('',#1196,#1197,#1363,.T.);
#980=EDGE_CURVE('',#1197,#1093,#1364,.T.);
#981=EDGE_CURVE('',#1196,#1092,#1365,.T.);
#982=EDGE_CURVE('',#1198,#1091,#1366,.T.);
#983=EDGE_CURVE('',#1196,#1198,#154,.T.);
#984=EDGE_CURVE('',#1090,#1199,#1367,.F.);
#985=EDGE_CURVE('',#1198,#1199,#1368,.T.);
#986=EDGE_CURVE('',#1199,#1118,#155,.T.);
#987=EDGE_CURVE('',#1119,#1195,#156,.T.);
#988=EDGE_CURVE('',#1194,#1197,#157,.T.);
#989=EDGE_CURVE('',#1200,#1201,#1369,.T.);
#990=EDGE_CURVE('',#1201,#1101,#1370,.T.);
#991=EDGE_CURVE('',#1100,#1200,#1371,.F.);
#992=EDGE_CURVE('',#1202,#1203,#1372,.T.);
#993=EDGE_CURVE('',#1203,#1105,#1373,.T.);
#994=EDGE_CURVE('',#1202,#1104,#1374,.T.);
#995=EDGE_CURVE('',#1204,#1103,#1375,.T.);
#996=EDGE_CURVE('',#1202,#1204,#158,.T.);
#997=EDGE_CURVE('',#1102,#1205,#1376,.F.);
#998=EDGE_CURVE('',#1205,#1204,#1377,.T.);
#999=EDGE_CURVE('',#1130,#1203,#159,.T.);
#1000=EDGE_CURVE('',#1205,#1201,#160,.T.);
#1001=EDGE_CURVE('',#1200,#1131,#161,.T.);
#1002=EDGE_CURVE('',#1206,#1207,#1378,.T.);
#1003=EDGE_CURVE('',#1207,#1115,#1379,.T.);
#1004=EDGE_CURVE('',#1114,#1206,#1380,.F.);
#1005=EDGE_CURVE('',#1208,#1209,#1381,.T.);
#1006=EDGE_CURVE('',#1209,#1113,#1382,.T.);
#1007=EDGE_CURVE('',#1208,#1112,#1383,.T.);
#1008=EDGE_CURVE('',#1210,#1111,#1384,.T.);
#1009=EDGE_CURVE('',#1208,#1210,#162,.T.);
#1010=EDGE_CURVE('',#1110,#1211,#1385,.F.);
#1011=EDGE_CURVE('',#1210,#1211,#1386,.T.);
#1012=EDGE_CURVE('',#1135,#1207,#163,.T.);
#1013=EDGE_CURVE('',#1206,#1209,#164,.T.);
#1014=EDGE_CURVE('',#1211,#1136,#165,.T.);
#1015=EDGE_CURVE('',#1212,#1213,#1387,.T.);
#1016=EDGE_CURVE('',#1212,#1075,#1388,.T.);
#1017=EDGE_CURVE('',#1074,#1213,#1389,.F.);
#1018=EDGE_CURVE('',#1072,#1214,#1390,.F.);
#1019=EDGE_CURVE('',#1215,#1214,#1391,.T.);
#1020=EDGE_CURVE('',#1215,#1073,#1392,.T.);
#1021=EDGE_CURVE('',#1070,#1216,#1393,.F.);
#1022=EDGE_CURVE('',#1216,#1217,#1394,.T.);
#1023=EDGE_CURVE('',#1217,#1071,#1395,.T.);
#1024=EDGE_CURVE('',#1216,#1123,#166,.T.);
#1025=EDGE_CURVE('',#1122,#1212,#167,.T.);
#1026=EDGE_CURVE('',#1213,#1215,#168,.T.);
#1027=EDGE_CURVE('',#1214,#1217,#169,.T.);
#1028=VERTEX_POINT('',#2715);
#1029=VERTEX_POINT('',#2716);
#1030=VERTEX_POINT('',#2718);
#1031=VERTEX_POINT('',#2720);
#1032=VERTEX_POINT('',#2722);
#1033=VERTEX_POINT('',#2724);
#1034=VERTEX_POINT('',#2726);
#1035=VERTEX_POINT('',#2728);
#1036=VERTEX_POINT('',#2731);
#1037=VERTEX_POINT('',#2732);
#1038=VERTEX_POINT('',#2734);
#1039=VERTEX_POINT('',#2736);
#1040=VERTEX_POINT('',#2738);
#1041=VERTEX_POINT('',#2740);
#1042=VERTEX_POINT('',#2742);
#1043=VERTEX_POINT('',#2744);
#1044=VERTEX_POINT('',#2747);
#1045=VERTEX_POINT('',#2748);
#1046=VERTEX_POINT('',#2750);
#1047=VERTEX_POINT('',#2752);
#1048=VERTEX_POINT('',#2757);
#1049=VERTEX_POINT('',#2759);
#1050=VERTEX_POINT('',#2764);
#1051=VERTEX_POINT('',#2766);
#1052=VERTEX_POINT('',#2769);
#1053=VERTEX_POINT('',#2770);
#1054=VERTEX_POINT('',#2772);
#1055=VERTEX_POINT('',#2774);
#1056=VERTEX_POINT('',#2779);
#1057=VERTEX_POINT('',#2781);
#1058=VERTEX_POINT('',#2786);
#1059=VERTEX_POINT('',#2788);
#1060=VERTEX_POINT('',#2791);
#1061=VERTEX_POINT('',#2792);
#1062=VERTEX_POINT('',#2794);
#1063=VERTEX_POINT('',#2796);
#1064=VERTEX_POINT('',#2798);
#1065=VERTEX_POINT('',#2800);
#1066=VERTEX_POINT('',#2802);
#1067=VERTEX_POINT('',#2804);
#1068=VERTEX_POINT('',#2807);
#1069=VERTEX_POINT('',#2808);
#1070=VERTEX_POINT('',#2810);
#1071=VERTEX_POINT('',#2812);
#1072=VERTEX_POINT('',#2814);
#1073=VERTEX_POINT('',#2816);
#1074=VERTEX_POINT('',#2818);
#1075=VERTEX_POINT('',#2820);
#1076=VERTEX_POINT('',#2822);
#1077=VERTEX_POINT('',#2824);
#1078=VERTEX_POINT('',#2826);
#1079=VERTEX_POINT('',#2828);
#1080=VERTEX_POINT('',#2830);
#1081=VERTEX_POINT('',#2832);
#1082=VERTEX_POINT('',#2834);
#1083=VERTEX_POINT('',#2836);
#1084=VERTEX_POINT('',#2838);
#1085=VERTEX_POINT('',#2840);
#1086=VERTEX_POINT('',#2842);
#1087=VERTEX_POINT('',#2844);
#1088=VERTEX_POINT('',#2846);
#1089=VERTEX_POINT('',#2848);
#1090=VERTEX_POINT('',#2850);
#1091=VERTEX_POINT('',#2852);
#1092=VERTEX_POINT('',#2854);
#1093=VERTEX_POINT('',#2856);
#1094=VERTEX_POINT('',#2858);
#1095=VERTEX_POINT('',#2860);
#1096=VERTEX_POINT('',#2862);
#1097=VERTEX_POINT('',#2864);
#1098=VERTEX_POINT('',#2866);
#1099=VERTEX_POINT('',#2868);
#1100=VERTEX_POINT('',#2870);
#1101=VERTEX_POINT('',#2872);
#1102=VERTEX_POINT('',#2874);
#1103=VERTEX_POINT('',#2876);
#1104=VERTEX_POINT('',#2878);
#1105=VERTEX_POINT('',#2880);
#1106=VERTEX_POINT('',#2882);
#1107=VERTEX_POINT('',#2884);
#1108=VERTEX_POINT('',#2886);
#1109=VERTEX_POINT('',#2888);
#1110=VERTEX_POINT('',#2890);
#1111=VERTEX_POINT('',#2892);
#1112=VERTEX_POINT('',#2894);
#1113=VERTEX_POINT('',#2896);
#1114=VERTEX_POINT('',#2898);
#1115=VERTEX_POINT('',#2900);
#1116=VERTEX_POINT('',#2902);
#1117=VERTEX_POINT('',#2904);
#1118=VERTEX_POINT('',#2908);
#1119=VERTEX_POINT('',#2909);
#1120=VERTEX_POINT('',#2912);
#1121=VERTEX_POINT('',#2914);
#1122=VERTEX_POINT('',#2919);
#1123=VERTEX_POINT('',#2920);
#1124=VERTEX_POINT('',#2923);
#1125=VERTEX_POINT('',#2925);
#1126=VERTEX_POINT('',#2930);
#1127=VERTEX_POINT('',#2934);
#1128=VERTEX_POINT('',#2936);
#1129=VERTEX_POINT('',#2939);
#1130=VERTEX_POINT('',#2945);
#1131=VERTEX_POINT('',#2947);
#1132=VERTEX_POINT('',#2950);
#1133=VERTEX_POINT('',#2952);
#1134=VERTEX_POINT('',#2956);
#1135=VERTEX_POINT('',#2960);
#1136=VERTEX_POINT('',#2962);
#1137=VERTEX_POINT('',#2965);
#1138=VERTEX_POINT('',#2971);
#1139=VERTEX_POINT('',#2973);
#1140=VERTEX_POINT('',#2977);
#1141=VERTEX_POINT('',#2978);
#1142=VERTEX_POINT('',#2983);
#1143=VERTEX_POINT('',#2985);
#1144=VERTEX_POINT('',#2989);
#1145=VERTEX_POINT('',#2991);
#1146=VERTEX_POINT('',#2995);
#1147=VERTEX_POINT('',#2996);
#1148=VERTEX_POINT('',#3006);
#1149=VERTEX_POINT('',#3008);
#1150=VERTEX_POINT('',#3015);
#1151=VERTEX_POINT('',#3016);
#1152=VERTEX_POINT('',#3024);
#1153=VERTEX_POINT('',#3026);
#1154=VERTEX_POINT('',#3033);
#1155=VERTEX_POINT('',#3035);
#1156=VERTEX_POINT('',#3053);
#1157=VERTEX_POINT('',#3055);
#1158=VERTEX_POINT('',#3062);
#1159=VERTEX_POINT('',#3063);
#1160=VERTEX_POINT('',#3068);
#1161=VERTEX_POINT('',#3069);
#1162=VERTEX_POINT('',#3077);
#1163=VERTEX_POINT('',#3078);
#1164=VERTEX_POINT('',#3100);
#1165=VERTEX_POINT('',#3102);
#1166=VERTEX_POINT('',#3106);
#1167=VERTEX_POINT('',#3108);
#1168=VERTEX_POINT('',#3112);
#1169=VERTEX_POINT('',#3113);
#1170=VERTEX_POINT('',#3118);
#1171=VERTEX_POINT('',#3119);
#1172=VERTEX_POINT('',#3129);
#1173=VERTEX_POINT('',#3130);
#1174=VERTEX_POINT('',#3135);
#1175=VERTEX_POINT('',#3137);
#1176=VERTEX_POINT('',#3141);
#1177=VERTEX_POINT('',#3142);
#1178=VERTEX_POINT('',#3147);
#1179=VERTEX_POINT('',#3148);
#1180=VERTEX_POINT('',#3222);
#1181=VERTEX_POINT('',#3224);
#1182=VERTEX_POINT('',#3226);
#1183=VERTEX_POINT('',#3228);
#1184=VERTEX_POINT('',#3232);
#1185=VERTEX_POINT('',#3236);
#1186=VERTEX_POINT('',#3240);
#1187=VERTEX_POINT('',#3242);
#1188=VERTEX_POINT('',#3251);
#1189=VERTEX_POINT('',#3253);
#1190=VERTEX_POINT('',#3257);
#1191=VERTEX_POINT('',#3259);
#1192=VERTEX_POINT('',#3263);
#1193=VERTEX_POINT('',#3264);
#1194=VERTEX_POINT('',#3275);
#1195=VERTEX_POINT('',#3277);
#1196=VERTEX_POINT('',#3281);
#1197=VERTEX_POINT('',#3282);
#1198=VERTEX_POINT('',#3287);
#1199=VERTEX_POINT('',#3291);
#1200=VERTEX_POINT('',#3299);
#1201=VERTEX_POINT('',#3300);
#1202=VERTEX_POINT('',#3305);
#1203=VERTEX_POINT('',#3306);
#1204=VERTEX_POINT('',#3311);
#1205=VERTEX_POINT('',#3315);
#1206=VERTEX_POINT('',#3323);
#1207=VERTEX_POINT('',#3324);
#1208=VERTEX_POINT('',#3329);
#1209=VERTEX_POINT('',#3330);
#1210=VERTEX_POINT('',#3335);
#1211=VERTEX_POINT('',#3339);
#1212=VERTEX_POINT('',#3347);
#1213=VERTEX_POINT('',#3348);
#1214=VERTEX_POINT('',#3353);
#1215=VERTEX_POINT('',#3355);
#1216=VERTEX_POINT('',#3359);
#1217=VERTEX_POINT('',#3361);
#1218=LINE('',#2714,#1396);
#1219=LINE('',#2719,#1397);
#1220=LINE('',#2723,#1398);
#1221=LINE('',#2727,#1399);
#1222=LINE('',#2730,#1400);
#1223=LINE('',#2735,#1401);
#1224=LINE('',#2739,#1402);
#1225=LINE('',#2743,#1403);
#1226=LINE('',#2751,#1404);
#1227=LINE('',#2765,#1405);
#1228=LINE('',#2773,#1406);
#1229=LINE('',#2787,#1407);
#1230=LINE('',#2790,#1408);
#1231=LINE('',#2795,#1409);
#1232=LINE('',#2799,#1410);
#1233=LINE('',#2803,#1411);
#1234=LINE('',#2806,#1412);
#1235=LINE('',#2811,#1413);
#1236=LINE('',#2815,#1414);
#1237=LINE('',#2819,#1415);
#1238=LINE('',#2823,#1416);
#1239=LINE('',#2827,#1417);
#1240=LINE('',#2831,#1418);
#1241=LINE('',#2835,#1419);
#1242=LINE('',#2839,#1420);
#1243=LINE('',#2843,#1421);
#1244=LINE('',#2847,#1422);
#1245=LINE('',#2851,#1423);
#1246=LINE('',#2855,#1424);
#1247=LINE('',#2859,#1425);
#1248=LINE('',#2863,#1426);
#1249=LINE('',#2865,#1427);
#1250=LINE('',#2867,#1428);
#1251=LINE('',#2871,#1429);
#1252=LINE('',#2875,#1430);
#1253=LINE('',#2879,#1431);
#1254=LINE('',#2883,#1432);
#1255=LINE('',#2887,#1433);
#1256=LINE('',#2891,#1434);
#1257=LINE('',#2895,#1435);
#1258=LINE('',#2899,#1436);
#1259=LINE('',#2903,#1437);
#1260=LINE('',#2907,#1438);
#1261=LINE('',#2910,#1439);
#1262=LINE('',#2911,#1440);
#1263=LINE('',#2913,#1441);
#1264=LINE('',#2915,#1442);
#1265=LINE('',#2916,#1443);
#1266=LINE('',#2918,#1444);
#1267=LINE('',#2921,#1445);
#1268=LINE('',#2922,#1446);
#1269=LINE('',#2924,#1447);
#1270=LINE('',#2926,#1448);
#1271=LINE('',#2927,#1449);
#1272=LINE('',#2931,#1450);
#1273=LINE('',#2933,#1451);
#1274=LINE('',#2935,#1452);
#1275=LINE('',#2937,#1453);
#1276=LINE('',#2938,#1454);
#1277=LINE('',#2940,#1455);
#1278=LINE('',#2944,#1456);
#1279=LINE('',#2946,#1457);
#1280=LINE('',#2948,#1458);
#1281=LINE('',#2949,#1459);
#1282=LINE('',#2951,#1460);
#1283=LINE('',#2953,#1461);
#1284=LINE('',#2957,#1462);
#1285=LINE('',#2959,#1463);
#1286=LINE('',#2961,#1464);
#1287=LINE('',#2963,#1465);
#1288=LINE('',#2964,#1466);
#1289=LINE('',#2966,#1467);
#1290=LINE('',#2970,#1468);
#1291=LINE('',#2972,#1469);
#1292=LINE('',#2974,#1470);
#1293=LINE('',#2976,#1471);
#1294=LINE('',#2979,#1472);
#1295=LINE('',#2980,#1473);
#1296=LINE('',#2982,#1474);
#1297=LINE('',#2984,#1475);
#1298=LINE('',#2986,#1476);
#1299=LINE('',#2988,#1477);
#1300=LINE('',#2990,#1478);
#1301=LINE('',#2992,#1479);
#1302=LINE('',#2994,#1480);
#1303=LINE('',#2997,#1481);
#1304=LINE('',#2998,#1482);
#1305=LINE('',#3005,#1483);
#1306=LINE('',#3007,#1484);
#1307=LINE('',#3017,#1485);
#1308=LINE('',#3018,#1486);
#1309=LINE('',#3025,#1487);
#1310=LINE('',#3027,#1488);
#1311=LINE('',#3052,#1489);
#1312=LINE('',#3054,#1490);
#1313=LINE('',#3064,#1491);
#1314=LINE('',#3065,#1492);
#1315=LINE('',#3067,#1493);
#1316=LINE('',#3070,#1494);
#1317=LINE('',#3099,#1495);
#1318=LINE('',#3101,#1496);
#1319=LINE('',#3103,#1497);
#1320=LINE('',#3105,#1498);
#1321=LINE('',#3107,#1499);
#1322=LINE('',#3109,#1500);
#1323=LINE('',#3111,#1501);
#1324=LINE('',#3114,#1502);
#1325=LINE('',#3115,#1503);
#1326=LINE('',#3117,#1504);
#1327=LINE('',#3120,#1505);
#1328=LINE('',#3121,#1506);
#1329=LINE('',#3128,#1507);
#1330=LINE('',#3131,#1508);
#1331=LINE('',#3132,#1509);
#1332=LINE('',#3134,#1510);
#1333=LINE('',#3136,#1511);
#1334=LINE('',#3138,#1512);
#1335=LINE('',#3140,#1513);
#1336=LINE('',#3143,#1514);
#1337=LINE('',#3144,#1515);
#1338=LINE('',#3146,#1516);
#1339=LINE('',#3149,#1517);
#1340=LINE('',#3150,#1518);
#1341=LINE('',#3221,#1519);
#1342=LINE('',#3225,#1520);
#1343=LINE('',#3229,#1521);
#1344=LINE('',#3231,#1522);
#1345=LINE('',#3233,#1523);
#1346=LINE('',#3235,#1524);
#1347=LINE('',#3237,#1525);
#1348=LINE('',#3243,#1526);
#1349=LINE('',#3245,#1527);
#1350=LINE('',#3247,#1528);
#1351=LINE('',#3250,#1529);
#1352=LINE('',#3252,#1530);
#1353=LINE('',#3254,#1531);
#1354=LINE('',#3256,#1532);
#1355=LINE('',#3258,#1533);
#1356=LINE('',#3260,#1534);
#1357=LINE('',#3262,#1535);
#1358=LINE('',#3265,#1536);
#1359=LINE('',#3266,#1537);
#1360=LINE('',#3274,#1538);
#1361=LINE('',#3276,#1539);
#1362=LINE('',#3278,#1540);
#1363=LINE('',#3280,#1541);
#1364=LINE('',#3283,#1542);
#1365=LINE('',#3284,#1543);
#1366=LINE('',#3286,#1544);
#1367=LINE('',#3290,#1545);
#1368=LINE('',#3292,#1546);
#1369=LINE('',#3298,#1547);
#1370=LINE('',#3301,#1548);
#1371=LINE('',#3302,#1549);
#1372=LINE('',#3304,#1550);
#1373=LINE('',#3307,#1551);
#1374=LINE('',#3308,#1552);
#1375=LINE('',#3310,#1553);
#1376=LINE('',#3314,#1554);
#1377=LINE('',#3316,#1555);
#1378=LINE('',#3322,#1556);
#1379=LINE('',#3325,#1557);
#1380=LINE('',#3326,#1558);
#1381=LINE('',#3328,#1559);
#1382=LINE('',#3331,#1560);
#1383=LINE('',#3332,#1561);
#1384=LINE('',#3334,#1562);
#1385=LINE('',#3338,#1563);
#1386=LINE('',#3340,#1564);
#1387=LINE('',#3346,#1565);
#1388=LINE('',#3349,#1566);
#1389=LINE('',#3350,#1567);
#1390=LINE('',#3352,#1568);
#1391=LINE('',#3354,#1569);
#1392=LINE('',#3356,#1570);
#1393=LINE('',#3358,#1571);
#1394=LINE('',#3360,#1572);
#1395=LINE('',#3362,#1573);
#1396=VECTOR('',#2154,1.);
#1397=VECTOR('',#2157,1.);
#1398=VECTOR('',#2160,1.);
#1399=VECTOR('',#2163,1.);
#1400=VECTOR('',#2166,1.);
#1401=VECTOR('',#2169,1.);
#1402=VECTOR('',#2172,1.);
#1403=VECTOR('',#2175,1.);
#1404=VECTOR('',#2182,1.);
#1405=VECTOR('',#2185,1.);
#1406=VECTOR('',#2192,1.);
#1407=VECTOR('',#2195,1.);
#1408=VECTOR('',#2198,1.);
#1409=VECTOR('',#2201,1.);
#1410=VECTOR('',#2204,1.);
#1411=VECTOR('',#2207,1.);
#1412=VECTOR('',#2210,1.);
#1413=VECTOR('',#2213,1.);
#1414=VECTOR('',#2216,1.);
#1415=VECTOR('',#2219,1.);
#1416=VECTOR('',#2222,1.);
#1417=VECTOR('',#2225,1.);
#1418=VECTOR('',#2228,1.);
#1419=VECTOR('',#2231,1.);
#1420=VECTOR('',#2234,1.);
#1421=VECTOR('',#2237,1.);
#1422=VECTOR('',#2240,1.);
#1423=VECTOR('',#2243,1.);
#1424=VECTOR('',#2246,1.);
#1425=VECTOR('',#2249,1.);
#1426=VECTOR('',#2252,1.);
#1427=VECTOR('',#2253,1.);
#1428=VECTOR('',#2254,1.);
#1429=VECTOR('',#2257,1.);
#1430=VECTOR('',#2260,1.);
#1431=VECTOR('',#2263,1.);
#1432=VECTOR('',#2266,1.);
#1433=VECTOR('',#2269,1.);
#1434=VECTOR('',#2272,1.);
#1435=VECTOR('',#2275,1.);
#1436=VECTOR('',#2278,1.);
#1437=VECTOR('',#2281,1.);
#1438=VECTOR('',#2286,1.);
#1439=VECTOR('',#2287,1.);
#1440=VECTOR('',#2288,1.);
#1441=VECTOR('',#2289,1.);
#1442=VECTOR('',#2290,1.);
#1443=VECTOR('',#2291,1.);
#1444=VECTOR('',#2294,1.);
#1445=VECTOR('',#2295,1.);
#1446=VECTOR('',#2296,1.);
#1447=VECTOR('',#2297,1.);
#1448=VECTOR('',#2298,1.);
#1449=VECTOR('',#2299,1.);
#1450=VECTOR('',#2304,1.);
#1451=VECTOR('',#2307,1.);
#1452=VECTOR('',#2308,1.);
#1453=VECTOR('',#2309,1.);
#1454=VECTOR('',#2310,1.);
#1455=VECTOR('',#2311,1.);
#1456=VECTOR('',#2318,1.);
#1457=VECTOR('',#2319,1.);
#1458=VECTOR('',#2320,1.);
#1459=VECTOR('',#2321,1.);
#1460=VECTOR('',#2322,1.);
#1461=VECTOR('',#2323,1.);
#1462=VECTOR('',#2328,1.);
#1463=VECTOR('',#2331,1.);
#1464=VECTOR('',#2332,1.);
#1465=VECTOR('',#2333,1.);
#1466=VECTOR('',#2334,1.);
#1467=VECTOR('',#2335,1.);
#1468=VECTOR('',#2342,1.);
#1469=VECTOR('',#2343,1.);
#1470=VECTOR('',#2344,1.);
#1471=VECTOR('',#2347,1.);
#1472=VECTOR('',#2348,1.);
#1473=VECTOR('',#2349,1.);
#1474=VECTOR('',#2352,1.);
#1475=VECTOR('',#2353,1.);
#1476=VECTOR('',#2354,1.);
#1477=VECTOR('',#2357,1.);
#1478=VECTOR('',#2358,1.);
#1479=VECTOR('',#2359,1.);
#1480=VECTOR('',#2362,1.);
#1481=VECTOR('',#2363,1.);
#1482=VECTOR('',#2364,1.);
#1483=VECTOR('',#2377,1.);
#1484=VECTOR('',#2378,1.);
#1485=VECTOR('',#2383,1.);
#1486=VECTOR('',#2384,1.);
#1487=VECTOR('',#2387,1.);
#1488=VECTOR('',#2388,1.);
#1489=VECTOR('',#2401,1.);
#1490=VECTOR('',#2402,1.);
#1491=VECTOR('',#2407,1.);
#1492=VECTOR('',#2408,1.);
#1493=VECTOR('',#2411,1.);
#1494=VECTOR('',#2412,1.);
#1495=VECTOR('',#2425,1.);
#1496=VECTOR('',#2426,1.);
#1497=VECTOR('',#2427,1.);
#1498=VECTOR('',#2430,1.);
#1499=VECTOR('',#2431,1.);
#1500=VECTOR('',#2432,1.);
#1501=VECTOR('',#2435,1.);
#1502=VECTOR('',#2436,1.);
#1503=VECTOR('',#2437,1.);
#1504=VECTOR('',#2440,1.);
#1505=VECTOR('',#2441,1.);
#1506=VECTOR('',#2442,1.);
#1507=VECTOR('',#2455,1.);
#1508=VECTOR('',#2456,1.);
#1509=VECTOR('',#2457,1.);
#1510=VECTOR('',#2460,1.);
#1511=VECTOR('',#2461,1.);
#1512=VECTOR('',#2462,1.);
#1513=VECTOR('',#2465,1.);
#1514=VECTOR('',#2466,1.);
#1515=VECTOR('',#2467,1.);
#1516=VECTOR('',#2470,1.);
#1517=VECTOR('',#2471,1.);
#1518=VECTOR('',#2472,1.);
#1519=VECTOR('',#2517,1.);
#1520=VECTOR('',#2520,1.);
#1521=VECTOR('',#2523,1.);
#1522=VECTOR('',#2526,1.);
#1523=VECTOR('',#2527,1.);
#1524=VECTOR('',#2530,1.);
#1525=VECTOR('',#2531,1.);
#1526=VECTOR('',#2538,1.);
#1527=VECTOR('',#2541,1.);
#1528=VECTOR('',#2544,1.);
#1529=VECTOR('',#2549,1.);
#1530=VECTOR('',#2550,1.);
#1531=VECTOR('',#2551,1.);
#1532=VECTOR('',#2554,1.);
#1533=VECTOR('',#2555,1.);
#1534=VECTOR('',#2556,1.);
#1535=VECTOR('',#2559,1.);
#1536=VECTOR('',#2560,1.);
#1537=VECTOR('',#2561,1.);
#1538=VECTOR('',#2576,1.);
#1539=VECTOR('',#2577,1.);
#1540=VECTOR('',#2578,1.);
#1541=VECTOR('',#2581,1.);
#1542=VECTOR('',#2582,1.);
#1543=VECTOR('',#2583,1.);
#1544=VECTOR('',#2586,1.);
#1545=VECTOR('',#2591,1.);
#1546=VECTOR('',#2592,1.);
#1547=VECTOR('',#2603,1.);
#1548=VECTOR('',#2604,1.);
#1549=VECTOR('',#2605,1.);
#1550=VECTOR('',#2608,1.);
#1551=VECTOR('',#2609,1.);
#1552=VECTOR('',#2610,1.);
#1553=VECTOR('',#2613,1.);
#1554=VECTOR('',#2618,1.);
#1555=VECTOR('',#2619,1.);
#1556=VECTOR('',#2630,1.);
#1557=VECTOR('',#2631,1.);
#1558=VECTOR('',#2632,1.);
#1559=VECTOR('',#2635,1.);
#1560=VECTOR('',#2636,1.);
#1561=VECTOR('',#2637,1.);
#1562=VECTOR('',#2640,1.);
#1563=VECTOR('',#2645,1.);
#1564=VECTOR('',#2646,1.);
#1565=VECTOR('',#2657,1.);
#1566=VECTOR('',#2658,1.);
#1567=VECTOR('',#2659,1.);
#1568=VECTOR('',#2662,1.);
#1569=VECTOR('',#2663,1.);
#1570=VECTOR('',#2664,1.);
#1571=VECTOR('',#2667,1.);
#1572=VECTOR('',#2668,1.);
#1573=VECTOR('',#2669,1.);
#1574=EDGE_LOOP('',(#170,#171,#172,#173,#174,#175,#176,#177));
#1575=EDGE_LOOP('',(#178,#179,#180,#181,#182,#183,#184,#185));
#1576=EDGE_LOOP('',(#186,#187,#188,#189,#190,#191,#192,#193));
#1577=EDGE_LOOP('',(#194,#195,#196,#197,#198,#199,#200,#201));
#1578=EDGE_LOOP('',(#202,#203,#204,#205,#206,#207,#208,#209));
#1579=EDGE_LOOP('',(#210,#211,#212,#213,#214,#215,#216,#217,#218,#219,#220,
#221,#222,#223,#224,#225,#226,#227,#228,#229,#230,#231,#232,#233,#234,#235,
#236,#237,#238,#239,#240,#241,#242,#243,#244,#245,#246,#247,#248,#249,#250,
#251,#252,#253,#254,#255,#256,#257,#258,#259));
#1580=EDGE_LOOP('',(#260,#261,#262,#263,#264,#265,#266,#267));
#1581=EDGE_LOOP('',(#268,#269,#270,#271,#272,#273,#274,#275));
#1582=EDGE_LOOP('',(#276,#277,#278,#279));
#1583=EDGE_LOOP('',(#280,#281,#282,#283,#284,#285,#286,#287));
#1584=EDGE_LOOP('',(#288,#289,#290,#291));
#1585=EDGE_LOOP('',(#292,#293,#294,#295,#296,#297,#298,#299));
#1586=EDGE_LOOP('',(#300,#301,#302,#303));
#1587=EDGE_LOOP('',(#304,#305,#306,#307,#308,#309,#310,#311));
#1588=EDGE_LOOP('',(#312,#313,#314,#315));
#1589=EDGE_LOOP('',(#316,#317,#318,#319,#320,#321,#322,#323,#324,#325,#326,
#327));
#1590=EDGE_LOOP('',(#328,#329,#330,#331));
#1591=EDGE_LOOP('',(#332,#333,#334,#335));
#1592=EDGE_LOOP('',(#336,#337,#338,#339));
#1593=EDGE_LOOP('',(#340,#341,#342,#343));
#1594=EDGE_LOOP('',(#344,#345,#346,#347,#348,#349,#350,#351));
#1595=EDGE_LOOP('',(#352,#353,#354,#355));
#1596=EDGE_LOOP('',(#356,#357,#358,#359));
#1597=EDGE_LOOP('',(#360,#361,#362,#363));
#1598=EDGE_LOOP('',(#364,#365,#366,#367));
#1599=EDGE_LOOP('',(#368,#369,#370,#371,#372,#373,#374,#375));
#1600=EDGE_LOOP('',(#376,#377,#378,#379));
#1601=EDGE_LOOP('',(#380,#381,#382,#383));
#1602=EDGE_LOOP('',(#384,#385,#386,#387));
#1603=EDGE_LOOP('',(#388,#389,#390,#391));
#1604=EDGE_LOOP('',(#392,#393,#394,#395,#396,#397,#398,#399));
#1605=EDGE_LOOP('',(#400,#401,#402,#403));
#1606=EDGE_LOOP('',(#404,#405,#406,#407));
#1607=EDGE_LOOP('',(#408,#409,#410,#411));
#1608=EDGE_LOOP('',(#412,#413,#414,#415));
#1609=EDGE_LOOP('',(#416,#417,#418,#419,#420,#421,#422,#423));
#1610=EDGE_LOOP('',(#424,#425,#426,#427));
#1611=EDGE_LOOP('',(#428,#429,#430,#431));
#1612=EDGE_LOOP('',(#432,#433,#434,#435));
#1613=EDGE_LOOP('',(#436,#437,#438,#439));
#1614=EDGE_LOOP('',(#440,#441,#442,#443,#444,#445,#446,#447));
#1615=EDGE_LOOP('',(#448,#449,#450,#451));
#1616=EDGE_LOOP('',(#452,#453,#454,#455));
#1617=EDGE_LOOP('',(#456,#457,#458,#459));
#1618=EDGE_LOOP('',(#460,#461,#462,#463));
#1619=EDGE_LOOP('',(#464,#465,#466,#467));
#1620=EDGE_LOOP('',(#468,#469,#470,#471));
#1621=EDGE_LOOP('',(#472,#473,#474,#475));
#1622=EDGE_LOOP('',(#476,#477,#478,#479));
#1623=EDGE_LOOP('',(#480,#481,#482,#483));
#1624=EDGE_LOOP('',(#484,#485,#486,#487));
#1625=EDGE_LOOP('',(#488,#489,#490,#491));
#1626=EDGE_LOOP('',(#492,#493,#494,#495));
#1627=EDGE_LOOP('',(#496,#497,#498,#499));
#1628=EDGE_LOOP('',(#500,#501,#502,#503));
#1629=EDGE_LOOP('',(#504,#505,#506,#507));
#1630=EDGE_LOOP('',(#508,#509,#510,#511));
#1631=EDGE_LOOP('',(#512,#513,#514,#515));
#1632=EDGE_LOOP('',(#516,#517,#518,#519));
#1633=EDGE_LOOP('',(#520,#521,#522,#523));
#1634=EDGE_LOOP('',(#524,#525,#526,#527));
#1635=EDGE_LOOP('',(#528,#529,#530,#531,#532,#533));
#1636=EDGE_LOOP('',(#534,#535,#536,#537,#538));
#1637=EDGE_LOOP('',(#539,#540,#541,#542,#543));
#1638=EDGE_LOOP('',(#544,#545,#546,#547,#548,#549));
#1639=EDGE_LOOP('',(#550,#551,#552,#553));
#1640=EDGE_LOOP('',(#554,#555,#556,#557));
#1641=EDGE_LOOP('',(#558,#559,#560,#561));
#1642=EDGE_LOOP('',(#562,#563,#564,#565));
#1643=EDGE_LOOP('',(#566,#567,#568,#569));
#1644=EDGE_LOOP('',(#570,#571,#572,#573));
#1645=EDGE_LOOP('',(#574,#575,#576,#577));
#1646=EDGE_LOOP('',(#578,#579,#580,#581,#582,#583,#584,#585));
#1647=EDGE_LOOP('',(#586,#587,#588,#589));
#1648=EDGE_LOOP('',(#590,#591,#592,#593));
#1649=EDGE_LOOP('',(#594,#595,#596,#597));
#1650=EDGE_LOOP('',(#598,#599,#600,#601));
#1651=EDGE_LOOP('',(#602,#603,#604,#605,#606,#607,#608,#609));
#1652=EDGE_LOOP('',(#610,#611,#612,#613));
#1653=EDGE_LOOP('',(#614,#615,#616,#617));
#1654=EDGE_LOOP('',(#618,#619,#620,#621));
#1655=EDGE_LOOP('',(#622,#623,#624,#625));
#1656=EDGE_LOOP('',(#626,#627,#628,#629,#630,#631,#632,#633));
#1657=EDGE_LOOP('',(#634,#635,#636,#637));
#1658=EDGE_LOOP('',(#638,#639,#640,#641));
#1659=EDGE_LOOP('',(#642,#643,#644,#645));
#1660=EDGE_LOOP('',(#646,#647,#648,#649));
#1661=EDGE_LOOP('',(#650,#651,#652,#653,#654,#655,#656,#657));
#1662=EDGE_LOOP('',(#658,#659,#660,#661));
#1663=EDGE_LOOP('',(#662,#663,#664,#665));
#1664=EDGE_LOOP('',(#666,#667,#668,#669));
#1665=EDGE_LOOP('',(#670,#671,#672,#673,#674,#675,#676,#677));
#1666=EDGE_LOOP('',(#678,#679,#680,#681));
#1667=EDGE_LOOP('',(#682,#683,#684,#685));
#1668=EDGE_LOOP('',(#686,#687,#688,#689));
#1669=EDGE_LOOP('',(#690,#691,#692,#693));
#1670=EDGE_LOOP('',(#694,#695,#696,#697));
#1671=EDGE_LOOP('',(#698,#699,#700,#701));
#1672=EDGE_LOOP('',(#702,#703,#704,#705));
#1673=EDGE_LOOP('',(#706,#707,#708,#709));
#1674=EDGE_LOOP('',(#710,#711,#712,#713));
#1675=EDGE_LOOP('',(#714,#715,#716,#717));
#1676=EDGE_LOOP('',(#718,#719,#720,#721));
#1677=EDGE_LOOP('',(#722,#723,#724,#725));
#1678=EDGE_LOOP('',(#726,#727,#728,#729));
#1679=EDGE_LOOP('',(#730,#731,#732,#733));
#1680=EDGE_LOOP('',(#734,#735,#736,#737));
#1681=EDGE_LOOP('',(#738,#739,#740,#741));
#1682=FACE_BOUND('',#1574,.T.);
#1683=FACE_BOUND('',#1575,.T.);
#1684=FACE_BOUND('',#1576,.T.);
#1685=FACE_BOUND('',#1577,.T.);
#1686=FACE_BOUND('',#1578,.T.);
#1687=FACE_BOUND('',#1579,.T.);
#1688=FACE_BOUND('',#1580,.T.);
#1689=FACE_BOUND('',#1581,.T.);
#1690=FACE_BOUND('',#1582,.T.);
#1691=FACE_BOUND('',#1583,.T.);
#1692=FACE_BOUND('',#1584,.T.);
#1693=FACE_BOUND('',#1585,.T.);
#1694=FACE_BOUND('',#1586,.T.);
#1695=FACE_BOUND('',#1587,.T.);
#1696=FACE_BOUND('',#1588,.T.);
#1697=FACE_BOUND('',#1589,.T.);
#1698=FACE_BOUND('',#1590,.T.);
#1699=FACE_BOUND('',#1591,.T.);
#1700=FACE_BOUND('',#1592,.T.);
#1701=FACE_BOUND('',#1593,.T.);
#1702=FACE_BOUND('',#1594,.T.);
#1703=FACE_BOUND('',#1595,.T.);
#1704=FACE_BOUND('',#1596,.T.);
#1705=FACE_BOUND('',#1597,.T.);
#1706=FACE_BOUND('',#1598,.T.);
#1707=FACE_BOUND('',#1599,.T.);
#1708=FACE_BOUND('',#1600,.T.);
#1709=FACE_BOUND('',#1601,.T.);
#1710=FACE_BOUND('',#1602,.T.);
#1711=FACE_BOUND('',#1603,.T.);
#1712=FACE_BOUND('',#1604,.T.);
#1713=FACE_BOUND('',#1605,.T.);
#1714=FACE_BOUND('',#1606,.T.);
#1715=FACE_BOUND('',#1607,.T.);
#1716=FACE_BOUND('',#1608,.T.);
#1717=FACE_BOUND('',#1609,.T.);
#1718=FACE_BOUND('',#1610,.T.);
#1719=FACE_BOUND('',#1611,.T.);
#1720=FACE_BOUND('',#1612,.T.);
#1721=FACE_BOUND('',#1613,.T.);
#1722=FACE_BOUND('',#1614,.T.);
#1723=FACE_BOUND('',#1615,.T.);
#1724=FACE_BOUND('',#1616,.T.);
#1725=FACE_BOUND('',#1617,.T.);
#1726=FACE_BOUND('',#1618,.T.);
#1727=FACE_BOUND('',#1619,.T.);
#1728=FACE_BOUND('',#1620,.T.);
#1729=FACE_BOUND('',#1621,.T.);
#1730=FACE_BOUND('',#1622,.T.);
#1731=FACE_BOUND('',#1623,.T.);
#1732=FACE_BOUND('',#1624,.T.);
#1733=FACE_BOUND('',#1625,.T.);
#1734=FACE_BOUND('',#1626,.T.);
#1735=FACE_BOUND('',#1627,.T.);
#1736=FACE_BOUND('',#1628,.T.);
#1737=FACE_BOUND('',#1629,.T.);
#1738=FACE_BOUND('',#1630,.T.);
#1739=FACE_BOUND('',#1631,.T.);
#1740=FACE_BOUND('',#1632,.T.);
#1741=FACE_BOUND('',#1633,.T.);
#1742=FACE_BOUND('',#1634,.T.);
#1743=FACE_BOUND('',#1635,.T.);
#1744=FACE_BOUND('',#1636,.T.);
#1745=FACE_BOUND('',#1637,.T.);
#1746=FACE_BOUND('',#1638,.T.);
#1747=FACE_BOUND('',#1639,.T.);
#1748=FACE_BOUND('',#1640,.T.);
#1749=FACE_BOUND('',#1641,.T.);
#1750=FACE_BOUND('',#1642,.T.);
#1751=FACE_BOUND('',#1643,.T.);
#1752=FACE_BOUND('',#1644,.T.);
#1753=FACE_BOUND('',#1645,.T.);
#1754=FACE_BOUND('',#1646,.T.);
#1755=FACE_BOUND('',#1647,.T.);
#1756=FACE_BOUND('',#1648,.T.);
#1757=FACE_BOUND('',#1649,.T.);
#1758=FACE_BOUND('',#1650,.T.);
#1759=FACE_BOUND('',#1651,.T.);
#1760=FACE_BOUND('',#1652,.T.);
#1761=FACE_BOUND('',#1653,.T.);
#1762=FACE_BOUND('',#1654,.T.);
#1763=FACE_BOUND('',#1655,.T.);
#1764=FACE_BOUND('',#1656,.T.);
#1765=FACE_BOUND('',#1657,.T.);
#1766=FACE_BOUND('',#1658,.T.);
#1767=FACE_BOUND('',#1659,.T.);
#1768=FACE_BOUND('',#1660,.T.);
#1769=FACE_BOUND('',#1661,.T.);
#1770=FACE_BOUND('',#1662,.T.);
#1771=FACE_BOUND('',#1663,.T.);
#1772=FACE_BOUND('',#1664,.T.);
#1773=FACE_BOUND('',#1665,.T.);
#1774=FACE_BOUND('',#1666,.T.);
#1775=FACE_BOUND('',#1667,.T.);
#1776=FACE_BOUND('',#1668,.T.);
#1777=FACE_BOUND('',#1669,.T.);
#1778=FACE_BOUND('',#1670,.T.);
#1779=FACE_BOUND('',#1671,.T.);
#1780=FACE_BOUND('',#1672,.T.);
#1781=FACE_BOUND('',#1673,.T.);
#1782=FACE_BOUND('',#1674,.T.);
#1783=FACE_BOUND('',#1675,.T.);
#1784=FACE_BOUND('',#1676,.T.);
#1785=FACE_BOUND('',#1677,.T.);
#1786=FACE_BOUND('',#1678,.T.);
#1787=FACE_BOUND('',#1679,.T.);
#1788=FACE_BOUND('',#1680,.T.);
#1789=FACE_BOUND('',#1681,.T.);
#1790=PLANE('',#1959);
#1791=PLANE('',#2004);
#1792=PLANE('',#2005);
#1793=PLANE('',#2008);
#1794=PLANE('',#2011);
#1795=PLANE('',#2014);
#1796=PLANE('',#2017);
#1797=PLANE('',#2018);
#1798=PLANE('',#2019);
#1799=PLANE('',#2020);
#1800=PLANE('',#2021);
#1801=PLANE('',#2022);
#1802=PLANE('',#2027);
#1803=PLANE('',#2030);
#1804=PLANE('',#2033);
#1805=PLANE('',#2036);
#1806=PLANE('',#2039);
#1807=PLANE('',#2042);
#1808=PLANE('',#2045);
#1809=PLANE('',#2046);
#1810=PLANE('',#2047);
#1811=PLANE('',#2048);
#1812=PLANE('',#2049);
#1813=PLANE('',#2054);
#1814=PLANE('',#2055);
#1815=PLANE('',#2056);
#1816=PLANE('',#2057);
#1817=PLANE('',#2058);
#1818=PLANE('',#2079);
#1819=PLANE('',#2082);
#1820=PLANE('',#2083);
#1821=PLANE('',#2084);
#1822=PLANE('',#2089);
#1823=PLANE('',#2090);
#1824=PLANE('',#2091);
#1825=PLANE('',#2092);
#1826=PLANE('',#2095);
#1827=PLANE('',#2099);
#1828=PLANE('',#2100);
#1829=PLANE('',#2103);
#1830=PLANE('',#2104);
#1831=PLANE('',#2108);
#1832=PLANE('',#2109);
#1833=PLANE('',#2112);
#1834=PLANE('',#2113);
#1835=PLANE('',#2117);
#1836=PLANE('',#2118);
#1837=PLANE('',#2121);
#1838=PLANE('',#2122);
#1839=PLANE('',#2126);
#1840=PLANE('',#2127);
#1841=PLANE('',#2128);
#1842=PLANE('',#2129);
#1843=ADVANCED_FACE('',(#1682,#1683,#1684,#1685,#1686,#1687),#1790,.T.);
#1844=ADVANCED_FACE('',(#1688),#1791,.F.);
#1845=ADVANCED_FACE('',(#1689),#1792,.T.);
#1846=ADVANCED_FACE('',(#1690),#18,.T.);
#1847=ADVANCED_FACE('',(#1691),#1793,.T.);
#1848=ADVANCED_FACE('',(#1692),#19,.T.);
#1849=ADVANCED_FACE('',(#1693),#1794,.F.);
#1850=ADVANCED_FACE('',(#1694),#20,.T.);
#1851=ADVANCED_FACE('',(#1695),#1795,.F.);
#1852=ADVANCED_FACE('',(#1696),#21,.T.);
#1853=ADVANCED_FACE('',(#1697),#1796,.F.);
#1854=ADVANCED_FACE('',(#1698),#1797,.T.);
#1855=ADVANCED_FACE('',(#1699),#1798,.T.);
#1856=ADVANCED_FACE('',(#1700),#1799,.T.);
#1857=ADVANCED_FACE('',(#1701),#1800,.F.);
#1858=ADVANCED_FACE('',(#1702),#1801,.T.);
#1859=ADVANCED_FACE('',(#1703),#1802,.T.);
#1860=ADVANCED_FACE('',(#1704),#22,.T.);
#1861=ADVANCED_FACE('',(#1705),#1803,.F.);
#1862=ADVANCED_FACE('',(#1706),#16,.F.);
#1863=ADVANCED_FACE('',(#1707),#1804,.T.);
#1864=ADVANCED_FACE('',(#1708),#1805,.T.);
#1865=ADVANCED_FACE('',(#1709),#23,.T.);
#1866=ADVANCED_FACE('',(#1710),#1806,.T.);
#1867=ADVANCED_FACE('',(#1711),#17,.F.);
#1868=ADVANCED_FACE('',(#1712),#1807,.T.);
#1869=ADVANCED_FACE('',(#1713),#1808,.T.);
#1870=ADVANCED_FACE('',(#1714),#1809,.T.);
#1871=ADVANCED_FACE('',(#1715),#1810,.F.);
#1872=ADVANCED_FACE('',(#1716),#1811,.T.);
#1873=ADVANCED_FACE('',(#1717),#1812,.T.);
#1874=ADVANCED_FACE('',(#1718),#1813,.T.);
#1875=ADVANCED_FACE('',(#1719),#1814,.F.);
#1876=ADVANCED_FACE('',(#1720),#1815,.F.);
#1877=ADVANCED_FACE('',(#1721),#1816,.T.);
#1878=ADVANCED_FACE('',(#1722),#1817,.T.);
#1879=ADVANCED_FACE('',(#1723),#24,.T.);
#1880=ADVANCED_FACE('',(#1724),#25,.T.);
#1881=ADVANCED_FACE('',(#1725),#26,.T.);
#1882=ADVANCED_FACE('',(#1726),#27,.T.);
#1883=ADVANCED_FACE('',(#1727),#28,.T.);
#1884=ADVANCED_FACE('',(#1728),#29,.T.);
#1885=ADVANCED_FACE('',(#1729),#30,.T.);
#1886=ADVANCED_FACE('',(#1730),#31,.T.);
#1887=ADVANCED_FACE('',(#1731),#32,.T.);
#1888=ADVANCED_FACE('',(#1732),#12,.T.);
#1889=ADVANCED_FACE('',(#1733),#13,.T.);
#1890=ADVANCED_FACE('',(#1734),#33,.T.);
#1891=ADVANCED_FACE('',(#1735),#34,.T.);
#1892=ADVANCED_FACE('',(#1736),#35,.T.);
#1893=ADVANCED_FACE('',(#1737),#14,.T.);
#1894=ADVANCED_FACE('',(#1738),#15,.T.);
#1895=ADVANCED_FACE('',(#1739),#36,.T.);
#1896=ADVANCED_FACE('',(#1740),#37,.T.);
#1897=ADVANCED_FACE('',(#1741),#38,.T.);
#1898=ADVANCED_FACE('',(#1742),#39,.T.);
#1899=ADVANCED_FACE('',(#1743),#1818,.T.);
#1900=ADVANCED_FACE('',(#1744),#1819,.T.);
#1901=ADVANCED_FACE('',(#1745),#1820,.F.);
#1902=ADVANCED_FACE('',(#1746),#1821,.T.);
#1903=ADVANCED_FACE('',(#1747),#40,.F.);
#1904=ADVANCED_FACE('',(#1748),#41,.F.);
#1905=ADVANCED_FACE('',(#1749),#1822,.T.);
#1906=ADVANCED_FACE('',(#1750),#1823,.F.);
#1907=ADVANCED_FACE('',(#1751),#1824,.F.);
#1908=ADVANCED_FACE('',(#1752),#1825,.T.);
#1909=ADVANCED_FACE('',(#1753),#42,.T.);
#1910=ADVANCED_FACE('',(#1754),#1826,.T.);
#1911=ADVANCED_FACE('',(#1755),#1827,.F.);
#1912=ADVANCED_FACE('',(#1756),#1828,.T.);
#1913=ADVANCED_FACE('',(#1757),#43,.T.);
#1914=ADVANCED_FACE('',(#1758),#1829,.F.);
#1915=ADVANCED_FACE('',(#1759),#1830,.T.);
#1916=ADVANCED_FACE('',(#1760),#1831,.T.);
#1917=ADVANCED_FACE('',(#1761),#1832,.T.);
#1918=ADVANCED_FACE('',(#1762),#44,.T.);
#1919=ADVANCED_FACE('',(#1763),#1833,.T.);
#1920=ADVANCED_FACE('',(#1764),#1834,.T.);
#1921=ADVANCED_FACE('',(#1765),#1835,.T.);
#1922=ADVANCED_FACE('',(#1766),#1836,.T.);
#1923=ADVANCED_FACE('',(#1767),#45,.T.);
#1924=ADVANCED_FACE('',(#1768),#1837,.F.);
#1925=ADVANCED_FACE('',(#1769),#1838,.T.);
#1926=ADVANCED_FACE('',(#1770),#1839,.F.);
#1927=ADVANCED_FACE('',(#1771),#1840,.F.);
#1928=ADVANCED_FACE('',(#1772),#1841,.T.);
#1929=ADVANCED_FACE('',(#1773),#1842,.T.);
#1930=ADVANCED_FACE('',(#1774),#46,.T.);
#1931=ADVANCED_FACE('',(#1775),#47,.T.);
#1932=ADVANCED_FACE('',(#1776),#48,.T.);
#1933=ADVANCED_FACE('',(#1777),#49,.T.);
#1934=ADVANCED_FACE('',(#1778),#50,.T.);
#1935=ADVANCED_FACE('',(#1779),#51,.T.);
#1936=ADVANCED_FACE('',(#1780),#52,.T.);
#1937=ADVANCED_FACE('',(#1781),#53,.T.);
#1938=ADVANCED_FACE('',(#1782),#54,.T.);
#1939=ADVANCED_FACE('',(#1783),#55,.T.);
#1940=ADVANCED_FACE('',(#1784),#56,.T.);
#1941=ADVANCED_FACE('',(#1785),#57,.T.);
#1942=ADVANCED_FACE('',(#1786),#58,.T.);
#1943=ADVANCED_FACE('',(#1787),#59,.T.);
#1944=ADVANCED_FACE('',(#1788),#60,.T.);
#1945=ADVANCED_FACE('',(#1789),#61,.T.);
#1946=CLOSED_SHELL('',(#1843,#1844,#1845,#1846,#1847,#1848,#1849,#1850,
#1851,#1852,#1853,#1854,#1855,#1856,#1857,#1858,#1859,#1860,#1861,#1862,
#1863,#1864,#1865,#1866,#1867,#1868,#1869,#1870,#1871,#1872,#1873,#1874,
#1875,#1876,#1877,#1878,#1879,#1880,#1881,#1882,#1883,#1884,#1885,#1886,
#1887,#1888,#1889,#1890,#1891,#1892,#1893,#1894,#1895,#1896,#1897,#1898,
#1899,#1900,#1901,#1902,#1903,#1904,#1905,#1906,#1907,#1908,#1909,#1910,
#1911,#1912,#1913,#1914,#1915,#1916,#1917,#1918,#1919,#1920,#1921,#1922,
#1923,#1924,#1925,#1926,#1927,#1928,#1929,#1930,#1931,#1932,#1933,#1934,
#1935,#1936,#1937,#1938,#1939,#1940,#1941,#1942,#1943,#1944,#1945));
#1947=STYLED_ITEM('',(#1948),#1955);
#1948=PRESENTATION_STYLE_ASSIGNMENT((#1949));
#1949=SURFACE_STYLE_USAGE(.BOTH.,#1950);
#1950=SURFACE_SIDE_STYLE('',(#1951));
#1951=SURFACE_STYLE_FILL_AREA(#1952);
#1952=FILL_AREA_STYLE('',(#1953));
#1953=FILL_AREA_STYLE_COLOUR('',#1954);
#1954=COLOUR_RGB('',0.615686274509804,0.811764705882353,0.929411764705882);
#1955=MANIFOLD_SOLID_BREP('tinytouch-xiao-v1-bottom',#1946);
#1956=SHAPE_DEFINITION_REPRESENTATION(#3390,#1957);
#1957=SHAPE_REPRESENTATION('tinytouch-xiao-v1-bottom',(#1958),#3385);
#1958=AXIS2_PLACEMENT_3D('',#2712,#2150,#2151);
#1959=AXIS2_PLACEMENT_3D('',#2713,#2152,#2153);
#1960=AXIS2_PLACEMENT_3D('',#2717,#2155,#2156);
#1961=AXIS2_PLACEMENT_3D('',#2721,#2158,#2159);
#1962=AXIS2_PLACEMENT_3D('',#2725,#2161,#2162);
#1963=AXIS2_PLACEMENT_3D('',#2729,#2164,#2165);
#1964=AXIS2_PLACEMENT_3D('',#2733,#2167,#2168);
#1965=AXIS2_PLACEMENT_3D('',#2737,#2170,#2171);
#1966=AXIS2_PLACEMENT_3D('',#2741,#2173,#2174);
#1967=AXIS2_PLACEMENT_3D('',#2745,#2176,#2177);
#1968=AXIS2_PLACEMENT_3D('',#2746,#2178,#2179);
#1969=AXIS2_PLACEMENT_3D('',#2749,#2180,#2181);
#1970=AXIS2_PLACEMENT_3D('',#2758,#2183,#2184);
#1971=AXIS2_PLACEMENT_3D('',#2767,#2186,#2187);
#1972=AXIS2_PLACEMENT_3D('',#2768,#2188,#2189);
#1973=AXIS2_PLACEMENT_3D('',#2771,#2190,#2191);
#1974=AXIS2_PLACEMENT_3D('',#2780,#2193,#2194);
#1975=AXIS2_PLACEMENT_3D('',#2789,#2196,#2197);
#1976=AXIS2_PLACEMENT_3D('',#2793,#2199,#2200);
#1977=AXIS2_PLACEMENT_3D('',#2797,#2202,#2203);
#1978=AXIS2_PLACEMENT_3D('',#2801,#2205,#2206);
#1979=AXIS2_PLACEMENT_3D('',#2805,#2208,#2209);
#1980=AXIS2_PLACEMENT_3D('',#2809,#2211,#2212);
#1981=AXIS2_PLACEMENT_3D('',#2813,#2214,#2215);
#1982=AXIS2_PLACEMENT_3D('',#2817,#2217,#2218);
#1983=AXIS2_PLACEMENT_3D('',#2821,#2220,#2221);
#1984=AXIS2_PLACEMENT_3D('',#2825,#2223,#2224);
#1985=AXIS2_PLACEMENT_3D('',#2829,#2226,#2227);
#1986=AXIS2_PLACEMENT_3D('',#2833,#2229,#2230);
#1987=AXIS2_PLACEMENT_3D('',#2837,#2232,#2233);
#1988=AXIS2_PLACEMENT_3D('',#2841,#2235,#2236);
#1989=AXIS2_PLACEMENT_3D('',#2845,#2238,#2239);
#1990=AXIS2_PLACEMENT_3D('',#2849,#2241,#2242);
#1991=AXIS2_PLACEMENT_3D('',#2853,#2244,#2245);
#1992=AXIS2_PLACEMENT_3D('',#2857,#2247,#2248);
#1993=AXIS2_PLACEMENT_3D('',#2861,#2250,#2251);
#1994=AXIS2_PLACEMENT_3D('',#2869,#2255,#2256);
#1995=AXIS2_PLACEMENT_3D('',#2873,#2258,#2259);
#1996=AXIS2_PLACEMENT_3D('',#2877,#2261,#2262);
#1997=AXIS2_PLACEMENT_3D('',#2881,#2264,#2265);
#1998=AXIS2_PLACEMENT_3D('',#2885,#2267,#2268);
#1999=AXIS2_PLACEMENT_3D('',#2889,#2270,#2271);
#2000=AXIS2_PLACEMENT_3D('',#2893,#2273,#2274);
#2001=AXIS2_PLACEMENT_3D('',#2897,#2276,#2277);
#2002=AXIS2_PLACEMENT_3D('',#2901,#2279,#2280);
#2003=AXIS2_PLACEMENT_3D('',#2905,#2282,#2283);
#2004=AXIS2_PLACEMENT_3D('',#2906,#2284,#2285);
#2005=AXIS2_PLACEMENT_3D('',#2917,#2292,#2293);
#2006=AXIS2_PLACEMENT_3D('',#2928,#2300,#2301);
#2007=AXIS2_PLACEMENT_3D('',#2929,#2302,#2303);
#2008=AXIS2_PLACEMENT_3D('',#2932,#2305,#2306);
#2009=AXIS2_PLACEMENT_3D('',#2941,#2312,#2313);
#2010=AXIS2_PLACEMENT_3D('',#2942,#2314,#2315);
#2011=AXIS2_PLACEMENT_3D('',#2943,#2316,#2317);
#2012=AXIS2_PLACEMENT_3D('',#2954,#2324,#2325);
#2013=AXIS2_PLACEMENT_3D('',#2955,#2326,#2327);
#2014=AXIS2_PLACEMENT_3D('',#2958,#2329,#2330);
#2015=AXIS2_PLACEMENT_3D('',#2967,#2336,#2337);
#2016=AXIS2_PLACEMENT_3D('',#2968,#2338,#2339);
#2017=AXIS2_PLACEMENT_3D('',#2969,#2340,#2341);
#2018=AXIS2_PLACEMENT_3D('',#2975,#2345,#2346);
#2019=AXIS2_PLACEMENT_3D('',#2981,#2350,#2351);
#2020=AXIS2_PLACEMENT_3D('',#2987,#2355,#2356);
#2021=AXIS2_PLACEMENT_3D('',#2993,#2360,#2361);
#2022=AXIS2_PLACEMENT_3D('',#2999,#2365,#2366);
#2023=AXIS2_PLACEMENT_3D('',#3000,#2367,#2368);
#2024=AXIS2_PLACEMENT_3D('',#3001,#2369,#2370);
#2025=AXIS2_PLACEMENT_3D('',#3002,#2371,#2372);
#2026=AXIS2_PLACEMENT_3D('',#3003,#2373,#2374);
#2027=AXIS2_PLACEMENT_3D('',#3004,#2375,#2376);
#2028=AXIS2_PLACEMENT_3D('',#3013,#2379,#2380);
#2029=AXIS2_PLACEMENT_3D('',#3014,#2381,#2382);
#2030=AXIS2_PLACEMENT_3D('',#3019,#2385,#2386);
#2031=AXIS2_PLACEMENT_3D('',#3028,#2389,#2390);
#2032=AXIS2_PLACEMENT_3D('',#3034,#2391,#2392);
#2033=AXIS2_PLACEMENT_3D('',#3040,#2393,#2394);
#2034=AXIS2_PLACEMENT_3D('',#3041,#2395,#2396);
#2035=AXIS2_PLACEMENT_3D('',#3042,#2397,#2398);
#2036=AXIS2_PLACEMENT_3D('',#3051,#2399,#2400);
#2037=AXIS2_PLACEMENT_3D('',#3060,#2403,#2404);
#2038=AXIS2_PLACEMENT_3D('',#3061,#2405,#2406);
#2039=AXIS2_PLACEMENT_3D('',#3066,#2409,#2410);
#2040=AXIS2_PLACEMENT_3D('',#3075,#2413,#2414);
#2041=AXIS2_PLACEMENT_3D('',#3076,#2415,#2416);
#2042=AXIS2_PLACEMENT_3D('',#3087,#2417,#2418);
#2043=AXIS2_PLACEMENT_3D('',#3088,#2419,#2420);
#2044=AXIS2_PLACEMENT_3D('',#3089,#2421,#2422);
#2045=AXIS2_PLACEMENT_3D('',#3098,#2423,#2424);
#2046=AXIS2_PLACEMENT_3D('',#3104,#2428,#2429);
#2047=AXIS2_PLACEMENT_3D('',#3110,#2433,#2434);
#2048=AXIS2_PLACEMENT_3D('',#3116,#2438,#2439);
#2049=AXIS2_PLACEMENT_3D('',#3122,#2443,#2444);
#2050=AXIS2_PLACEMENT_3D('',#3123,#2445,#2446);
#2051=AXIS2_PLACEMENT_3D('',#3124,#2447,#2448);
#2052=AXIS2_PLACEMENT_3D('',#3125,#2449,#2450);
#2053=AXIS2_PLACEMENT_3D('',#3126,#2451,#2452);
#2054=AXIS2_PLACEMENT_3D('',#3127,#2453,#2454);
#2055=AXIS2_PLACEMENT_3D('',#3133,#2458,#2459);
#2056=AXIS2_PLACEMENT_3D('',#3139,#2463,#2464);
#2057=AXIS2_PLACEMENT_3D('',#3145,#2468,#2469);
#2058=AXIS2_PLACEMENT_3D('',#3151,#2473,#2474);
#2059=AXIS2_PLACEMENT_3D('',#3152,#2475,#2476);
#2060=AXIS2_PLACEMENT_3D('',#3153,#2477,#2478);
#2061=AXIS2_PLACEMENT_3D('',#3154,#2479,#2480);
#2062=AXIS2_PLACEMENT_3D('',#3155,#2481,#2482);
#2063=AXIS2_PLACEMENT_3D('',#3156,#2483,#2484);
#2064=AXIS2_PLACEMENT_3D('',#3157,#2485,#2486);
#2065=AXIS2_PLACEMENT_3D('',#3158,#2487,#2488);
#2066=AXIS2_PLACEMENT_3D('',#3159,#2489,#2490);
#2067=AXIS2_PLACEMENT_3D('',#3160,#2491,#2492);
#2068=AXIS2_PLACEMENT_3D('',#3161,#2493,#2494);
#2069=AXIS2_PLACEMENT_3D('',#3162,#2495,#2496);
#2070=AXIS2_PLACEMENT_3D('',#3163,#2497,#2498);
#2071=AXIS2_PLACEMENT_3D('',#3164,#2499,#2500);
#2072=AXIS2_PLACEMENT_3D('',#3189,#2501,#2502);
#2073=AXIS2_PLACEMENT_3D('',#3190,#2503,#2504);
#2074=AXIS2_PLACEMENT_3D('',#3191,#2505,#2506);
#2075=AXIS2_PLACEMENT_3D('',#3216,#2507,#2508);
#2076=AXIS2_PLACEMENT_3D('',#3217,#2509,#2510);
#2077=AXIS2_PLACEMENT_3D('',#3218,#2511,#2512);
#2078=AXIS2_PLACEMENT_3D('',#3219,#2513,#2514);
#2079=AXIS2_PLACEMENT_3D('',#3220,#2515,#2516);
#2080=AXIS2_PLACEMENT_3D('',#3223,#2518,#2519);
#2081=AXIS2_PLACEMENT_3D('',#3227,#2521,#2522);
#2082=AXIS2_PLACEMENT_3D('',#3230,#2524,#2525);
#2083=AXIS2_PLACEMENT_3D('',#3234,#2528,#2529);
#2084=AXIS2_PLACEMENT_3D('',#3238,#2532,#2533);
#2085=AXIS2_PLACEMENT_3D('',#3239,#2534,#2535);
#2086=AXIS2_PLACEMENT_3D('',#3241,#2536,#2537);
#2087=AXIS2_PLACEMENT_3D('',#3244,#2539,#2540);
#2088=AXIS2_PLACEMENT_3D('',#3246,#2542,#2543);
#2089=AXIS2_PLACEMENT_3D('',#3248,#2545,#2546);
#2090=AXIS2_PLACEMENT_3D('',#3249,#2547,#2548);
#2091=AXIS2_PLACEMENT_3D('',#3255,#2552,#2553);
#2092=AXIS2_PLACEMENT_3D('',#3261,#2557,#2558);
#2093=AXIS2_PLACEMENT_3D('',#3267,#2562,#2563);
#2094=AXIS2_PLACEMENT_3D('',#3268,#2564,#2565);
#2095=AXIS2_PLACEMENT_3D('',#3269,#2566,#2567);
#2096=AXIS2_PLACEMENT_3D('',#3270,#2568,#2569);
#2097=AXIS2_PLACEMENT_3D('',#3271,#2570,#2571);
#2098=AXIS2_PLACEMENT_3D('',#3272,#2572,#2573);
#2099=AXIS2_PLACEMENT_3D('',#3273,#2574,#2575);
#2100=AXIS2_PLACEMENT_3D('',#3279,#2579,#2580);
#2101=AXIS2_PLACEMENT_3D('',#3285,#2584,#2585);
#2102=AXIS2_PLACEMENT_3D('',#3288,#2587,#2588);
#2103=AXIS2_PLACEMENT_3D('',#3289,#2589,#2590);
#2104=AXIS2_PLACEMENT_3D('',#3293,#2593,#2594);
#2105=AXIS2_PLACEMENT_3D('',#3294,#2595,#2596);
#2106=AXIS2_PLACEMENT_3D('',#3295,#2597,#2598);
#2107=AXIS2_PLACEMENT_3D('',#3296,#2599,#2600);
#2108=AXIS2_PLACEMENT_3D('',#3297,#2601,#2602);
#2109=AXIS2_PLACEMENT_3D('',#3303,#2606,#2607);
#2110=AXIS2_PLACEMENT_3D('',#3309,#2611,#2612);
#2111=AXIS2_PLACEMENT_3D('',#3312,#2614,#2615);
#2112=AXIS2_PLACEMENT_3D('',#3313,#2616,#2617);
#2113=AXIS2_PLACEMENT_3D('',#3317,#2620,#2621);
#2114=AXIS2_PLACEMENT_3D('',#3318,#2622,#2623);
#2115=AXIS2_PLACEMENT_3D('',#3319,#2624,#2625);
#2116=AXIS2_PLACEMENT_3D('',#3320,#2626,#2627);
#2117=AXIS2_PLACEMENT_3D('',#3321,#2628,#2629);
#2118=AXIS2_PLACEMENT_3D('',#3327,#2633,#2634);
#2119=AXIS2_PLACEMENT_3D('',#3333,#2638,#2639);
#2120=AXIS2_PLACEMENT_3D('',#3336,#2641,#2642);
#2121=AXIS2_PLACEMENT_3D('',#3337,#2643,#2644);
#2122=AXIS2_PLACEMENT_3D('',#3341,#2647,#2648);
#2123=AXIS2_PLACEMENT_3D('',#3342,#2649,#2650);
#2124=AXIS2_PLACEMENT_3D('',#3343,#2651,#2652);
#2125=AXIS2_PLACEMENT_3D('',#3344,#2653,#2654);
#2126=AXIS2_PLACEMENT_3D('',#3345,#2655,#2656);
#2127=AXIS2_PLACEMENT_3D('',#3351,#2660,#2661);
#2128=AXIS2_PLACEMENT_3D('',#3357,#2665,#2666);
#2129=AXIS2_PLACEMENT_3D('',#3363,#2670,#2671);
#2130=AXIS2_PLACEMENT_3D('',#3364,#2672,#2673);
#2131=AXIS2_PLACEMENT_3D('',#3365,#2674,#2675);
#2132=AXIS2_PLACEMENT_3D('',#3366,#2676,#2677);
#2133=AXIS2_PLACEMENT_3D('',#3367,#2678,#2679);
#2134=AXIS2_PLACEMENT_3D('',#3368,#2680,#2681);
#2135=AXIS2_PLACEMENT_3D('',#3369,#2682,#2683);
#2136=AXIS2_PLACEMENT_3D('',#3370,#2684,#2685);
#2137=AXIS2_PLACEMENT_3D('',#3371,#2686,#2687);
#2138=AXIS2_PLACEMENT_3D('',#3372,#2688,#2689);
#2139=AXIS2_PLACEMENT_3D('',#3373,#2690,#2691);
#2140=AXIS2_PLACEMENT_3D('',#3374,#2692,#2693);
#2141=AXIS2_PLACEMENT_3D('',#3375,#2694,#2695);
#2142=AXIS2_PLACEMENT_3D('',#3376,#2696,#2697);
#2143=AXIS2_PLACEMENT_3D('',#3377,#2698,#2699);
#2144=AXIS2_PLACEMENT_3D('',#3378,#2700,#2701);
#2145=AXIS2_PLACEMENT_3D('',#3379,#2702,#2703);
#2146=AXIS2_PLACEMENT_3D('',#3380,#2704,#2705);
#2147=AXIS2_PLACEMENT_3D('',#3381,#2706,#2707);
#2148=AXIS2_PLACEMENT_3D('',#3382,#2708,#2709);
#2149=AXIS2_PLACEMENT_3D('',#3383,#2710,#2711);
#2150=DIRECTION('',(0.,0.,1.));
#2151=DIRECTION('',(1.,0.,0.));
#2152=DIRECTION('',(0.,1.,0.));
#2153=DIRECTION('',(1.,0.,0.));
#2154=DIRECTION('',(0.,0.,1.));
#2155=DIRECTION('',(0.,1.,0.));
#2156=DIRECTION('',(1.,0.,0.));
#2157=DIRECTION('',(1.,0.,0.));
#2158=DIRECTION('',(0.,1.,0.));
#2159=DIRECTION('',(1.,0.,0.));
#2160=DIRECTION('',(0.,0.,1.));
#2161=DIRECTION('',(0.,1.,0.));
#2162=DIRECTION('',(1.,0.,0.));
#2163=DIRECTION('',(1.,0.,0.));
#2164=DIRECTION('',(0.,1.,0.));
#2165=DIRECTION('',(1.,0.,0.));
#2166=DIRECTION('',(0.,0.,1.));
#2167=DIRECTION('',(0.,1.,0.));
#2168=DIRECTION('',(1.,0.,0.));
#2169=DIRECTION('',(1.,0.,0.));
#2170=DIRECTION('',(0.,1.,0.));
#2171=DIRECTION('',(1.,0.,0.));
#2172=DIRECTION('',(0.,0.,1.));
#2173=DIRECTION('',(0.,1.,0.));
#2174=DIRECTION('',(1.,0.,0.));
#2175=DIRECTION('',(-1.,0.,0.));
#2176=DIRECTION('',(0.,1.,0.));
#2177=DIRECTION('',(1.,0.,0.));
#2178=DIRECTION('',(0.,1.,0.));
#2179=DIRECTION('',(1.,0.,0.));
#2180=DIRECTION('',(0.,1.,0.));
#2181=DIRECTION('',(1.,0.,0.));
#2182=DIRECTION('',(-8.67361737988405E-16,0.,-1.));
#2183=DIRECTION('',(0.,1.,0.));
#2184=DIRECTION('',(1.,0.,0.));
#2185=DIRECTION('',(1.,0.,8.67361737988404E-16));
#2186=DIRECTION('',(0.,1.,0.));
#2187=DIRECTION('',(1.,0.,0.));
#2188=DIRECTION('',(0.,1.,0.));
#2189=DIRECTION('',(1.,0.,0.));
#2190=DIRECTION('',(0.,1.,0.));
#2191=DIRECTION('',(1.,0.,0.));
#2192=DIRECTION('',(1.,0.,0.));
#2193=DIRECTION('',(0.,1.,0.));
#2194=DIRECTION('',(1.,0.,0.));
#2195=DIRECTION('',(4.33680868994202E-16,0.,-1.));
#2196=DIRECTION('',(0.,1.,0.));
#2197=DIRECTION('',(1.,0.,0.));
#2198=DIRECTION('',(1.,0.,0.));
#2199=DIRECTION('',(0.,1.,0.));
#2200=DIRECTION('',(-2.16840434497101E-16,0.,-1.));
#2201=DIRECTION('',(2.16840434497101E-16,0.,1.));
#2202=DIRECTION('',(0.,1.,0.));
#2203=DIRECTION('',(1.,0.,0.));
#2204=DIRECTION('',(-1.,0.,0.));
#2205=DIRECTION('',(0.,1.,0.));
#2206=DIRECTION('',(1.,0.,0.));
#2207=DIRECTION('',(4.33680868994202E-16,0.,1.));
#2208=DIRECTION('',(0.,1.,0.));
#2209=DIRECTION('',(4.33680868994202E-16,0.,1.));
#2210=DIRECTION('',(-1.,0.,1.33440267382831E-16));
#2211=DIRECTION('',(0.,1.,0.));
#2212=DIRECTION('',(1.,0.,0.));
#2213=DIRECTION('',(0.,0.,-1.));
#2214=DIRECTION('',(0.,1.,0.));
#2215=DIRECTION('',(1.,0.,0.));
#2216=DIRECTION('',(-1.,0.,0.));
#2217=DIRECTION('',(0.,1.,0.));
#2218=DIRECTION('',(1.,0.,0.));
#2219=DIRECTION('',(0.,0.,-1.));
#2220=DIRECTION('',(0.,1.,0.));
#2221=DIRECTION('',(1.,0.,0.));
#2222=DIRECTION('',(-1.,0.,1.33440267382831E-16));
#2223=DIRECTION('',(0.,1.,0.));
#2224=DIRECTION('',(1.,0.,0.));
#2225=DIRECTION('',(2.66880534765662E-16,0.,1.));
#2226=DIRECTION('',(0.,1.,0.));
#2227=DIRECTION('',(1.,0.,0.));
#2228=DIRECTION('',(1.,0.,0.));
#2229=DIRECTION('',(0.,1.,0.));
#2230=DIRECTION('',(1.,0.,0.));
#2231=DIRECTION('',(2.60208521396521E-16,0.,1.));
#2232=DIRECTION('',(0.,1.,0.));
#2233=DIRECTION('',(1.,0.,0.));
#2234=DIRECTION('',(1.,0.,0.));
#2235=DIRECTION('',(0.,1.,0.));
#2236=DIRECTION('',(1.,0.,0.));
#2237=DIRECTION('',(2.66880534765662E-16,0.,1.));
#2238=DIRECTION('',(0.,1.,0.));
#2239=DIRECTION('',(1.,0.,0.));
#2240=DIRECTION('',(-1.,0.,6.67201336914157E-17));
#2241=DIRECTION('',(0.,1.,0.));
#2242=DIRECTION('',(1.,0.,0.));
#2243=DIRECTION('',(0.,0.,-1.));
#2244=DIRECTION('',(0.,1.,0.));
#2245=DIRECTION('',(1.,0.,0.));
#2246=DIRECTION('',(-1.,0.,0.));
#2247=DIRECTION('',(0.,1.,0.));
#2248=DIRECTION('',(1.,0.,0.));
#2249=DIRECTION('',(-1.15648231731787E-15,0.,1.));
#2250=DIRECTION('',(0.,1.,0.));
#2251=DIRECTION('',(1.,0.,0.));
#2252=DIRECTION('',(-1.,0.,6.67201336914157E-17));
#2253=DIRECTION('',(-1.,0.,6.67201336914157E-17));
#2254=DIRECTION('',(-1.,0.,6.67201336914157E-17));
#2255=DIRECTION('',(0.,1.,0.));
#2256=DIRECTION('',(1.,0.,0.));
#2257=DIRECTION('',(0.,0.,1.));
#2258=DIRECTION('',(0.,1.,0.));
#2259=DIRECTION('',(1.,0.,0.));
#2260=DIRECTION('',(-1.,0.,0.));
#2261=DIRECTION('',(0.,1.,0.));
#2262=DIRECTION('',(1.,0.,0.));
#2263=DIRECTION('',(0.,0.,-1.));
#2264=DIRECTION('',(0.,1.,0.));
#2265=DIRECTION('',(1.,0.,0.));
#2266=DIRECTION('',(-1.,0.,6.67201336914157E-17));
#2267=DIRECTION('',(0.,1.,0.));
#2268=DIRECTION('',(1.,0.,0.));
#2269=DIRECTION('',(2.66880534765662E-16,0.,1.));
#2270=DIRECTION('',(0.,1.,0.));
#2271=DIRECTION('',(1.,0.,0.));
#2272=DIRECTION('',(-1.,0.,0.));
#2273=DIRECTION('',(0.,1.,0.));
#2274=DIRECTION('',(1.,0.,0.));
#2275=DIRECTION('',(4.95635278850516E-16,0.,1.));
#2276=DIRECTION('',(0.,1.,0.));
#2277=DIRECTION('',(1.,0.,0.));
#2278=DIRECTION('',(-1.,0.,0.));
#2279=DIRECTION('',(0.,1.,0.));
#2280=DIRECTION('',(1.,0.,0.));
#2281=DIRECTION('',(2.66880534765662E-16,0.,1.));
#2282=DIRECTION('',(0.,1.,0.));
#2283=DIRECTION('',(1.,0.,0.));
#2284=DIRECTION('',(6.67201336914157E-17,0.,1.));
#2285=DIRECTION('',(1.,0.,-6.67201336914157E-17));
#2286=DIRECTION('',(-1.,0.,6.67201336914157E-17));
#2287=DIRECTION('',(0.,-1.,0.));
#2288=DIRECTION('',(0.,-1.,0.));
#2289=DIRECTION('',(-1.,0.,6.67201336914157E-17));
#2290=DIRECTION('',(0.,-1.,0.));
#2291=DIRECTION('',(0.,-1.,0.));
#2292=DIRECTION('',(1.33440267382831E-16,0.,1.));
#2293=DIRECTION('',(1.,0.,-1.33440267382831E-16));
#2294=DIRECTION('',(-1.,0.,1.33440267382831E-16));
#2295=DIRECTION('',(0.,-1.,0.));
#2296=DIRECTION('',(0.,-1.,0.));
#2297=DIRECTION('',(-1.,0.,1.33440267382831E-16));
#2298=DIRECTION('',(0.,-1.,0.));
#2299=DIRECTION('',(0.,-1.,0.));
#2300=DIRECTION('',(0.,-1.,0.));
#2301=DIRECTION('',(-1.,0.,0.));
#2302=DIRECTION('',(0.,1.,0.));
#2303=DIRECTION('',(1.,0.,0.));
#2304=DIRECTION('',(0.,-1.,0.));
#2305=DIRECTION('',(1.,0.,-2.66880534765662E-16));
#2306=DIRECTION('',(-2.66880534765662E-16,0.,-1.));
#2307=DIRECTION('',(0.,-1.,0.));
#2308=DIRECTION('',(2.66880534765662E-16,0.,1.));
#2309=DIRECTION('',(0.,-1.,0.));
#2310=DIRECTION('',(2.66880534765662E-16,0.,1.));
#2311=DIRECTION('',(0.,-1.,0.));
#2312=DIRECTION('',(0.,-1.,0.));
#2313=DIRECTION('',(-1.,0.,0.));
#2314=DIRECTION('',(0.,1.,0.));
#2315=DIRECTION('',(1.,0.,0.));
#2316=DIRECTION('',(6.67201336914157E-17,0.,1.));
#2317=DIRECTION('',(1.,0.,-6.67201336914157E-17));
#2318=DIRECTION('',(0.,-1.,0.));
#2319=DIRECTION('',(-1.,0.,6.67201336914157E-17));
#2320=DIRECTION('',(0.,-1.,0.));
#2321=DIRECTION('',(-2.040851148208E-15,-1.,1.36165861452717E-31));
#2322=DIRECTION('',(-1.,0.,6.67201336914157E-17));
#2323=DIRECTION('',(0.,-1.,0.));
#2324=DIRECTION('',(0.,-1.,0.));
#2325=DIRECTION('',(-1.,0.,0.));
#2326=DIRECTION('',(0.,1.,0.));
#2327=DIRECTION('',(1.,0.,0.));
#2328=DIRECTION('',(0.,-1.,0.));
#2329=DIRECTION('',(1.,0.,-2.66880534765662E-16));
#2330=DIRECTION('',(-2.66880534765662E-16,0.,-1.));
#2331=DIRECTION('',(0.,-1.,0.));
#2332=DIRECTION('',(2.66880534765662E-16,0.,1.));
#2333=DIRECTION('',(0.,-1.,0.));
#2334=DIRECTION('',(2.66880534765662E-16,0.,1.));
#2335=DIRECTION('',(0.,-1.,0.));
#2336=DIRECTION('',(0.,-1.,0.));
#2337=DIRECTION('',(-1.,0.,0.));
#2338=DIRECTION('',(0.,1.,0.));
#2339=DIRECTION('',(1.,0.,0.));
#2340=DIRECTION('',(0.,1.,0.));
#2341=DIRECTION('',(1.,0.,0.));
#2342=DIRECTION('',(-6.67201336914157E-17,0.,-1.));
#2343=DIRECTION('',(-1.,0.,6.67201336914157E-17));
#2344=DIRECTION('',(-6.67201336914157E-17,0.,-1.));
#2345=DIRECTION('',(0.,0.,1.));
#2346=DIRECTION('',(0.,-1.,0.));
#2347=DIRECTION('',(-1.,0.,0.));
#2348=DIRECTION('',(0.,-1.,0.));
#2349=DIRECTION('',(0.,-1.,0.));
#2350=DIRECTION('',(1.,0.,-2.16840434497101E-16));
#2351=DIRECTION('',(-2.16840434497101E-16,0.,-1.));
#2352=DIRECTION('',(-1.88988891263197E-17,-0.996194698091746,-0.0871557427476582));
#2353=DIRECTION('',(2.16840434497101E-16,0.,1.));
#2354=DIRECTION('',(0.,-1.,0.));
#2355=DIRECTION('',(0.,0.0871557427476582,-0.996194698091746));
#2356=DIRECTION('',(0.,0.996194698091746,0.0871557427476582));
#2357=DIRECTION('',(-3.77977782526395E-17,-0.996194698091746,-0.0871557427476582));
#2358=DIRECTION('',(1.,0.,0.));
#2359=DIRECTION('',(-1.88988891263197E-17,-0.996194698091746,-0.0871557427476582));
#2360=DIRECTION('',(1.,0.,-4.33680868994202E-16));
#2361=DIRECTION('',(-4.33680868994202E-16,0.,-1.));
#2362=DIRECTION('',(4.33680868994202E-16,0.,1.));
#2363=DIRECTION('',(-3.77977782526395E-17,-0.996194698091746,-0.0871557427476582));
#2364=DIRECTION('',(0.,-1.,0.));
#2365=DIRECTION('',(0.,1.,0.));
#2366=DIRECTION('',(1.,0.,0.));
#2367=DIRECTION('',(0.,1.,0.));
#2368=DIRECTION('',(4.33680868994202E-16,0.,1.));
#2369=DIRECTION('',(0.,1.,0.));
#2370=DIRECTION('',(1.,0.,0.));
#2371=DIRECTION('',(0.,1.,0.));
#2372=DIRECTION('',(1.,0.,0.));
#2373=DIRECTION('',(0.,1.,0.));
#2374=DIRECTION('',(-2.16840434497101E-16,0.,-1.));
#2375=DIRECTION('',(0.,0.,-1.));
#2376=DIRECTION('',(0.,1.,0.));
#2377=DIRECTION('',(0.,1.,0.));
#2378=DIRECTION('',(1.,0.,0.));
#2379=DIRECTION('',(0.,-1.,0.));
#2380=DIRECTION('',(-1.,0.,0.));
#2381=DIRECTION('',(0.,1.,0.));
#2382=DIRECTION('',(1.,0.,0.));
#2383=DIRECTION('',(0.,-1.,0.));
#2384=DIRECTION('',(0.,-1.,0.));
#2385=DIRECTION('',(-1.,0.,-4.33680868994202E-16));
#2386=DIRECTION('',(-4.33680868994202E-16,0.,1.));
#2387=DIRECTION('',(4.33680868994202E-16,0.,-1.));
#2388=DIRECTION('',(0.,-1.,0.));
#2389=DIRECTION('',(0.,1.,0.));
#2390=DIRECTION('',(1.,0.,0.));
#2391=DIRECTION('',(0.,1.,0.));
#2392=DIRECTION('',(1.,0.,0.));
#2393=DIRECTION('',(0.,1.,0.));
#2394=DIRECTION('',(1.,0.,0.));
#2395=DIRECTION('',(0.,1.,0.));
#2396=DIRECTION('',(1.,0.,0.));
#2397=DIRECTION('',(0.,1.,0.));
#2398=DIRECTION('',(1.,0.,0.));
#2399=DIRECTION('',(-1.,0.,8.67361737988405E-16));
#2400=DIRECTION('',(8.67361737988405E-16,0.,1.));
#2401=DIRECTION('',(0.,1.,0.));
#2402=DIRECTION('',(-8.67361737988405E-16,0.,-1.));
#2403=DIRECTION('',(0.,-1.,0.));
#2404=DIRECTION('',(-1.,0.,0.));
#2405=DIRECTION('',(0.,1.,0.));
#2406=DIRECTION('',(1.,0.,0.));
#2407=DIRECTION('',(0.,-1.,0.));
#2408=DIRECTION('',(0.,-1.,0.));
#2409=DIRECTION('',(8.67361737988404E-16,0.,-1.));
#2410=DIRECTION('',(-1.,0.,-8.67361737988404E-16));
#2411=DIRECTION('',(1.,0.,8.67361737988404E-16));
#2412=DIRECTION('',(0.,1.,0.));
#2413=DIRECTION('',(0.,1.,0.));
#2414=DIRECTION('',(1.,0.,0.));
#2415=DIRECTION('',(0.,1.,0.));
#2416=DIRECTION('',(1.,0.,0.));
#2417=DIRECTION('',(0.,1.,0.));
#2418=DIRECTION('',(1.,0.,0.));
#2419=DIRECTION('',(0.,1.,0.));
#2420=DIRECTION('',(1.,0.,0.));
#2421=DIRECTION('',(0.,1.,0.));
#2422=DIRECTION('',(1.,0.,0.));
#2423=DIRECTION('',(1.,0.,0.));
#2424=DIRECTION('',(0.,-1.,0.));
#2425=DIRECTION('',(0.,-1.,0.));
#2426=DIRECTION('',(0.,0.,1.));
#2427=DIRECTION('',(0.,-1.,0.));
#2428=DIRECTION('',(0.,0.,-1.));
#2429=DIRECTION('',(0.,1.,0.));
#2430=DIRECTION('',(0.,-1.,0.));
#2431=DIRECTION('',(1.,0.,0.));
#2432=DIRECTION('',(0.,-1.,0.));
#2433=DIRECTION('',(1.,0.,0.));
#2434=DIRECTION('',(0.,-1.,0.));
#2435=DIRECTION('',(0.,0.,1.));
#2436=DIRECTION('',(0.,-1.,0.));
#2437=DIRECTION('',(0.,-1.,0.));
#2438=DIRECTION('',(0.,0.,1.));
#2439=DIRECTION('',(0.,-1.,0.));
#2440=DIRECTION('',(-1.,0.,0.));
#2441=DIRECTION('',(0.,-1.,0.));
#2442=DIRECTION('',(0.,-1.,0.));
#2443=DIRECTION('',(0.,1.,0.));
#2444=DIRECTION('',(1.,0.,0.));
#2445=DIRECTION('',(0.,1.,0.));
#2446=DIRECTION('',(1.,0.,0.));
#2447=DIRECTION('',(0.,1.,0.));
#2448=DIRECTION('',(1.,0.,0.));
#2449=DIRECTION('',(0.,1.,0.));
#2450=DIRECTION('',(1.,0.,0.));
#2451=DIRECTION('',(0.,1.,0.));
#2452=DIRECTION('',(1.,0.,0.));
#2453=DIRECTION('',(0.,0.,-1.));
#2454=DIRECTION('',(0.,1.,0.));
#2455=DIRECTION('',(1.,0.,0.));
#2456=DIRECTION('',(0.,-1.,0.));
#2457=DIRECTION('',(0.,-1.,0.));
#2458=DIRECTION('',(1.,0.,0.));
#2459=DIRECTION('',(0.,-1.,0.));
#2460=DIRECTION('',(0.,-1.,0.));
#2461=DIRECTION('',(0.,0.,1.));
#2462=DIRECTION('',(0.,-1.,0.));
#2463=DIRECTION('',(0.,0.,-1.));
#2464=DIRECTION('',(0.,1.,0.));
#2465=DIRECTION('',(1.,0.,0.));
#2466=DIRECTION('',(0.,-1.,0.));
#2467=DIRECTION('',(0.,-1.,0.));
#2468=DIRECTION('',(1.,0.,0.));
#2469=DIRECTION('',(0.,-1.,0.));
#2470=DIRECTION('',(0.,0.,1.));
#2471=DIRECTION('',(0.,-1.,0.));
#2472=DIRECTION('',(0.,-1.,0.));
#2473=DIRECTION('',(0.,1.,0.));
#2474=DIRECTION('',(1.,0.,0.));
#2475=DIRECTION('',(0.,1.,0.));
#2476=DIRECTION('',(1.,0.,0.));
#2477=DIRECTION('',(0.,1.,0.));
#2478=DIRECTION('',(1.,0.,0.));
#2479=DIRECTION('',(0.,1.,0.));
#2480=DIRECTION('',(1.,0.,0.));
#2481=DIRECTION('',(0.,1.,0.));
#2482=DIRECTION('',(1.,0.,0.));
#2483=DIRECTION('',(0.,-1.,0.));
#2484=DIRECTION('',(-1.,0.,0.));
#2485=DIRECTION('',(0.,1.,0.));
#2486=DIRECTION('',(1.,0.,0.));
#2487=DIRECTION('',(0.,-1.,0.));
#2488=DIRECTION('',(-1.,0.,0.));
#2489=DIRECTION('',(0.,1.,0.));
#2490=DIRECTION('',(1.,0.,0.));
#2491=DIRECTION('',(0.,1.,0.));
#2492=DIRECTION('',(1.,0.,0.));
#2493=DIRECTION('',(0.,-1.,0.));
#2494=DIRECTION('',(-1.,0.,0.));
#2495=DIRECTION('',(0.,1.,0.));
#2496=DIRECTION('',(1.,0.,0.));
#2497=DIRECTION('',(0.,-1.,0.));
#2498=DIRECTION('',(-1.,0.,0.));
#2499=DIRECTION('',(0.,-1.,0.));
#2500=DIRECTION('',(-1.,0.,0.));
#2501=DIRECTION('',(0.,-1.,0.));
#2502=DIRECTION('',(-1.,0.,0.));
#2503=DIRECTION('',(0.,-1.,0.));
#2504=DIRECTION('',(-1.,0.,0.));
#2505=DIRECTION('',(0.,-1.,0.));
#2506=DIRECTION('',(-1.,0.,0.));
#2507=DIRECTION('',(3.77977782526395E-17,0.996194698091746,0.0871557427476582));
#2508=DIRECTION('',(0.,-0.0871557427476582,0.996194698091746));
#2509=DIRECTION('',(-1.88988891263197E-17,-0.996194698091746,-0.0871557427476582));
#2510=DIRECTION('',(0.,0.0871557427476582,-0.996194698091746));
#2511=DIRECTION('',(0.,1.,0.));
#2512=DIRECTION('',(1.,0.,0.));
#2513=DIRECTION('',(0.,-1.,0.));
#2514=DIRECTION('',(-1.,0.,0.));
#2515=DIRECTION('',(6.67201336914157E-17,0.,1.));
#2516=DIRECTION('',(1.,0.,-6.67201336914157E-17));
#2517=DIRECTION('',(0.,-1.,0.));
#2518=DIRECTION('',(6.67201336914157E-17,0.,1.));
#2519=DIRECTION('',(1.,0.,-6.67201336914157E-17));
#2520=DIRECTION('',(1.,-1.3468349968764E-16,-6.67201336914157E-17));
#2521=DIRECTION('',(6.67201336914157E-17,0.,1.));
#2522=DIRECTION('',(1.,0.,-6.67201336914157E-17));
#2523=DIRECTION('',(-2.040851148208E-15,-1.,1.36165861452717E-31));
#2524=DIRECTION('',(1.,0.,-6.67201336914157E-17));
#2525=DIRECTION('',(-6.67201336914157E-17,0.,-1.));
#2526=DIRECTION('',(-6.67201336914157E-17,0.,-1.));
#2527=DIRECTION('',(0.,-1.,0.));
#2528=DIRECTION('',(1.,-2.040851148208E-15,-6.67201336914157E-17));
#2529=DIRECTION('',(-2.040851148208E-15,-1.,0.));
#2530=DIRECTION('',(-6.67201336914157E-17,0.,-1.));
#2531=DIRECTION('',(-2.040851148208E-15,-1.,1.36165861452717E-31));
#2532=DIRECTION('',(-6.67201336914157E-17,0.,-1.));
#2533=DIRECTION('',(-1.,0.,6.67201336914157E-17));
#2534=DIRECTION('',(-6.67201336914157E-17,0.,-1.));
#2535=DIRECTION('',(-1.,0.,6.67201336914157E-17));
#2536=DIRECTION('',(6.67201336914157E-17,0.,1.));
#2537=DIRECTION('',(-1.,0.,6.67201336914157E-17));
#2538=DIRECTION('',(1.,-1.3468349968764E-16,-6.67201336914157E-17));
#2539=DIRECTION('',(-6.67201336914157E-17,0.,-1.));
#2540=DIRECTION('',(-1.,0.,6.67201336914157E-17));
#2541=DIRECTION('',(-6.67201336914157E-17,0.,-1.));
#2542=DIRECTION('',(-6.67201336914157E-17,0.,-1.));
#2543=DIRECTION('',(-1.,0.,6.67201336914157E-17));
#2544=DIRECTION('',(-6.67201336914157E-17,0.,-1.));
#2545=DIRECTION('',(1.3468349968764E-16,1.,-8.9861011051871E-33));
#2546=DIRECTION('',(1.,-1.3468349968764E-16,0.));
#2547=DIRECTION('',(1.,0.,-2.60208521396521E-16));
#2548=DIRECTION('',(-2.60208521396521E-16,0.,-1.));
#2549=DIRECTION('',(0.,-1.,0.));
#2550=DIRECTION('',(2.60208521396521E-16,0.,1.));
#2551=DIRECTION('',(0.,-1.,0.));
#2552=DIRECTION('',(0.,0.,-1.));
#2553=DIRECTION('',(0.,1.,0.));
#2554=DIRECTION('',(0.,-1.,0.));
#2555=DIRECTION('',(1.,0.,0.));
#2556=DIRECTION('',(0.,-1.,0.));
#2557=DIRECTION('',(0.,0.,-1.));
#2558=DIRECTION('',(0.,1.,0.));
#2559=DIRECTION('',(1.,0.,0.));
#2560=DIRECTION('',(0.,-1.,0.));
#2561=DIRECTION('',(0.,-1.,0.));
#2562=DIRECTION('',(0.,-1.,0.));
#2563=DIRECTION('',(-1.,0.,0.));
#2564=DIRECTION('',(0.,1.,0.));
#2565=DIRECTION('',(1.,0.,0.));
#2566=DIRECTION('',(0.,1.,0.));
#2567=DIRECTION('',(1.,0.,0.));
#2568=DIRECTION('',(0.,1.,0.));
#2569=DIRECTION('',(1.,0.,0.));
#2570=DIRECTION('',(0.,1.,0.));
#2571=DIRECTION('',(1.,0.,0.));
#2572=DIRECTION('',(0.,1.,0.));
#2573=DIRECTION('',(1.,0.,0.));
#2574=DIRECTION('',(1.,0.,1.15648231731787E-15));
#2575=DIRECTION('',(1.15648231731787E-15,0.,-1.));
#2576=DIRECTION('',(0.,-1.,0.));
#2577=DIRECTION('',(-1.15648231731787E-15,0.,1.));
#2578=DIRECTION('',(0.,-1.,0.));
#2579=DIRECTION('',(0.,0.,1.));
#2580=DIRECTION('',(0.,-1.,0.));
#2581=DIRECTION('',(-1.,0.,0.));
#2582=DIRECTION('',(0.,-1.,0.));
#2583=DIRECTION('',(0.,-1.,0.));
#2584=DIRECTION('',(0.,-1.,0.));
#2585=DIRECTION('',(-1.,0.,0.));
#2586=DIRECTION('',(0.,-1.,0.));
#2587=DIRECTION('',(0.,1.,0.));
#2588=DIRECTION('',(1.,0.,0.));
#2589=DIRECTION('',(-1.,0.,0.));
#2590=DIRECTION('',(0.,1.,0.));
#2591=DIRECTION('',(0.,-1.,0.));
#2592=DIRECTION('',(0.,0.,-1.));
#2593=DIRECTION('',(0.,1.,0.));
#2594=DIRECTION('',(1.,0.,0.));
#2595=DIRECTION('',(0.,1.,0.));
#2596=DIRECTION('',(1.,0.,0.));
#2597=DIRECTION('',(0.,1.,0.));
#2598=DIRECTION('',(1.,0.,0.));
#2599=DIRECTION('',(0.,1.,0.));
#2600=DIRECTION('',(1.,0.,0.));
#2601=DIRECTION('',(1.,0.,0.));
#2602=DIRECTION('',(0.,-1.,0.));
#2603=DIRECTION('',(0.,0.,1.));
#2604=DIRECTION('',(0.,-1.,0.));
#2605=DIRECTION('',(0.,-1.,0.));
#2606=DIRECTION('',(-1.,0.,0.));
#2607=DIRECTION('',(0.,1.,0.));
#2608=DIRECTION('',(0.,0.,-1.));
#2609=DIRECTION('',(0.,-1.,0.));
#2610=DIRECTION('',(0.,-1.,0.));
#2611=DIRECTION('',(0.,-1.,0.));
#2612=DIRECTION('',(-1.,0.,0.));
#2613=DIRECTION('',(0.,-1.,0.));
#2614=DIRECTION('',(0.,1.,0.));
#2615=DIRECTION('',(1.,0.,0.));
#2616=DIRECTION('',(0.,0.,1.));
#2617=DIRECTION('',(0.,-1.,0.));
#2618=DIRECTION('',(0.,-1.,0.));
#2619=DIRECTION('',(-1.,0.,0.));
#2620=DIRECTION('',(0.,1.,0.));
#2621=DIRECTION('',(1.,0.,0.));
#2622=DIRECTION('',(0.,1.,0.));
#2623=DIRECTION('',(1.,0.,0.));
#2624=DIRECTION('',(0.,1.,0.));
#2625=DIRECTION('',(1.,0.,0.));
#2626=DIRECTION('',(0.,1.,0.));
#2627=DIRECTION('',(1.,0.,0.));
#2628=DIRECTION('',(0.,0.,1.));
#2629=DIRECTION('',(0.,-1.,0.));
#2630=DIRECTION('',(-1.,0.,0.));
#2631=DIRECTION('',(0.,-1.,0.));
#2632=DIRECTION('',(0.,-1.,0.));
#2633=DIRECTION('',(1.,0.,-4.95635278850516E-16));
#2634=DIRECTION('',(-4.95635278850516E-16,0.,-1.));
#2635=DIRECTION('',(4.95635278850516E-16,0.,1.));
#2636=DIRECTION('',(0.,-1.,0.));
#2637=DIRECTION('',(0.,-1.,0.));
#2638=DIRECTION('',(0.,-1.,0.));
#2639=DIRECTION('',(-1.,0.,0.));
#2640=DIRECTION('',(0.,-1.,0.));
#2641=DIRECTION('',(0.,1.,0.));
#2642=DIRECTION('',(1.,0.,0.));
#2643=DIRECTION('',(0.,0.,1.));
#2644=DIRECTION('',(0.,-1.,0.));
#2645=DIRECTION('',(0.,-1.,0.));
#2646=DIRECTION('',(-1.,0.,0.));
#2647=DIRECTION('',(0.,1.,0.));
#2648=DIRECTION('',(1.,0.,0.));
#2649=DIRECTION('',(0.,1.,0.));
#2650=DIRECTION('',(1.,0.,0.));
#2651=DIRECTION('',(0.,1.,0.));
#2652=DIRECTION('',(1.,0.,0.));
#2653=DIRECTION('',(0.,1.,0.));
#2654=DIRECTION('',(1.,0.,0.));
#2655=DIRECTION('',(-1.,0.,0.));
#2656=DIRECTION('',(0.,1.,0.));
#2657=DIRECTION('',(0.,0.,-1.));
#2658=DIRECTION('',(0.,-1.,0.));
#2659=DIRECTION('',(0.,-1.,0.));
#2660=DIRECTION('',(0.,0.,1.));
#2661=DIRECTION('',(0.,-1.,0.));
#2662=DIRECTION('',(0.,-1.,0.));
#2663=DIRECTION('',(-1.,0.,0.));
#2664=DIRECTION('',(0.,-1.,0.));
#2665=DIRECTION('',(-1.,0.,0.));
#2666=DIRECTION('',(0.,1.,0.));
#2667=DIRECTION('',(0.,-1.,0.));
#2668=DIRECTION('',(0.,0.,-1.));
#2669=DIRECTION('',(0.,-1.,0.));
#2670=DIRECTION('',(0.,1.,0.));
#2671=DIRECTION('',(1.,0.,0.));
#2672=DIRECTION('',(0.,1.,0.));
#2673=DIRECTION('',(1.,0.,0.));
#2674=DIRECTION('',(0.,1.,0.));
#2675=DIRECTION('',(1.,0.,0.));
#2676=DIRECTION('',(0.,1.,0.));
#2677=DIRECTION('',(1.,0.,0.));
#2678=DIRECTION('',(0.,1.,0.));
#2679=DIRECTION('',(1.,0.,0.));
#2680=DIRECTION('',(0.,1.,0.));
#2681=DIRECTION('',(1.,0.,0.));
#2682=DIRECTION('',(0.,-1.,0.));
#2683=DIRECTION('',(-1.,0.,0.));
#2684=DIRECTION('',(0.,-1.,0.));
#2685=DIRECTION('',(-1.,0.,0.));
#2686=DIRECTION('',(0.,-1.,0.));
#2687=DIRECTION('',(-1.,0.,0.));
#2688=DIRECTION('',(0.,-1.,0.));
#2689=DIRECTION('',(-1.,0.,0.));
#2690=DIRECTION('',(0.,1.,0.));
#2691=DIRECTION('',(1.,0.,0.));
#2692=DIRECTION('',(0.,-1.,0.));
#2693=DIRECTION('',(-1.,0.,0.));
#2694=DIRECTION('',(0.,1.,0.));
#2695=DIRECTION('',(1.,0.,0.));
#2696=DIRECTION('',(0.,-1.,0.));
#2697=DIRECTION('',(-1.,0.,0.));
#2698=DIRECTION('',(0.,1.,0.));
#2699=DIRECTION('',(1.,0.,0.));
#2700=DIRECTION('',(0.,1.,0.));
#2701=DIRECTION('',(1.,0.,0.));
#2702=DIRECTION('',(0.,-1.,0.));
#2703=DIRECTION('',(-1.,0.,0.));
#2704=DIRECTION('',(0.,1.,0.));
#2705=DIRECTION('',(1.,0.,0.));
#2706=DIRECTION('',(0.,-1.,0.));
#2707=DIRECTION('',(-1.,0.,0.));
#2708=DIRECTION('',(0.,1.,0.));
#2709=DIRECTION('',(1.,0.,0.));
#2710=DIRECTION('',(0.,-1.,0.));
#2711=DIRECTION('',(-1.,0.,0.));
#2712=CARTESIAN_POINT('',(0.,0.,0.));
#2713=CARTESIAN_POINT('',(0.,0.002,0.));
#2714=CARTESIAN_POINT('',(0.009,0.002,-0.007));
#2715=CARTESIAN_POINT('',(0.009,0.002,-0.0085));
#2716=CARTESIAN_POINT('',(0.009,0.002,-0.0055));
#2717=CARTESIAN_POINT('',(0.0095,0.002,-0.0085));
#2718=CARTESIAN_POINT('',(0.0095,0.002,-0.009));
#2719=CARTESIAN_POINT('',(0.01,0.002,-0.009));
#2720=CARTESIAN_POINT('',(0.0105,0.002,-0.009));
#2721=CARTESIAN_POINT('',(0.0105,0.002,-0.0085));
#2722=CARTESIAN_POINT('',(0.011,0.002,-0.0085));
#2723=CARTESIAN_POINT('',(0.011,0.002,-0.007));
#2724=CARTESIAN_POINT('',(0.011,0.002,-0.0055));
#2725=CARTESIAN_POINT('',(0.0105,0.002,-0.0055));
#2726=CARTESIAN_POINT('',(0.0105,0.002,-0.005));
#2727=CARTESIAN_POINT('',(0.01,0.002,-0.005));
#2728=CARTESIAN_POINT('',(0.0095,0.002,-0.005));
#2729=CARTESIAN_POINT('',(0.0095,0.002,-0.0055));
#2730=CARTESIAN_POINT('',(-0.011,0.002,-0.007));
#2731=CARTESIAN_POINT('',(-0.011,0.002,-0.0085));
#2732=CARTESIAN_POINT('',(-0.011,0.002,-0.0055));
#2733=CARTESIAN_POINT('',(-0.0105,0.002,-0.0085));
#2734=CARTESIAN_POINT('',(-0.0105,0.002,-0.009));
#2735=CARTESIAN_POINT('',(-0.01,0.002,-0.009));
#2736=CARTESIAN_POINT('',(-0.0095,0.002,-0.009));
#2737=CARTESIAN_POINT('',(-0.0095,0.002,-0.0085));
#2738=CARTESIAN_POINT('',(-0.009,0.002,-0.0085));
#2739=CARTESIAN_POINT('',(-0.009,0.002,-0.007));
#2740=CARTESIAN_POINT('',(-0.009,0.002,-0.0055));
#2741=CARTESIAN_POINT('',(-0.0095,0.002,-0.0055));
#2742=CARTESIAN_POINT('',(-0.0095,0.002,-0.005));
#2743=CARTESIAN_POINT('',(-0.01,0.002,-0.005));
#2744=CARTESIAN_POINT('',(-0.0105,0.002,-0.005));
#2745=CARTESIAN_POINT('',(-0.0105,0.002,-0.0055));
#2746=CARTESIAN_POINT('',(0.0073,0.002,0.006));
#2747=CARTESIAN_POINT('',(0.007878125,0.002,0.00965455489552079));
#2748=CARTESIAN_POINT('',(0.0109545548955208,0.002,0.006578125));
#2749=CARTESIAN_POINT('',(0.0078,0.002,0.00916069612585581));
#2750=CARTESIAN_POINT('',(0.0073,0.002,0.00916069612585581));
#2751=CARTESIAN_POINT('',(0.0073,0.002,0.0087));
#2752=CARTESIAN_POINT('',(0.0073,0.002,0.0081443897244636));
#2753=CARTESIAN_POINT('',(0.0073,0.002,0.0081443897244636));
#2754=CARTESIAN_POINT('',(0.0073,0.002,0.00791804844209832));
#2755=CARTESIAN_POINT('',(0.00746626615540712,0.002,0.00770692622990404));
#2756=CARTESIAN_POINT('',(0.00768669806884074,0.002,0.00765543486841217));
#2757=CARTESIAN_POINT('',(0.00768669806884074,0.002,0.00765543486841217));
#2758=CARTESIAN_POINT('',(0.0073,0.002,0.006));
#2759=CARTESIAN_POINT('',(0.00895543486841217,0.002,0.00638669806884074));
#2760=CARTESIAN_POINT('',(0.00895543486841217,0.002,0.00638669806884074));
#2761=CARTESIAN_POINT('',(0.00900692602003617,0.002,0.00616626705384084));
#2762=CARTESIAN_POINT('',(0.00921804942315845,0.002,0.006));
#2763=CARTESIAN_POINT('',(0.0094443897244636,0.002,0.006));
#2764=CARTESIAN_POINT('',(0.0094443897244636,0.002,0.006));
#2765=CARTESIAN_POINT('',(0.01,0.002,0.006));
#2766=CARTESIAN_POINT('',(0.0104606961258558,0.002,0.006));
#2767=CARTESIAN_POINT('',(0.0104606961258558,0.002,0.0065));
#2768=CARTESIAN_POINT('',(-0.0073,0.002,0.006));
#2769=CARTESIAN_POINT('',(-0.0109545548955208,0.002,0.006578125));
#2770=CARTESIAN_POINT('',(-0.007878125,0.002,0.00965455489552079));
#2771=CARTESIAN_POINT('',(-0.0104606961258558,0.002,0.0065));
#2772=CARTESIAN_POINT('',(-0.0104606961258558,0.002,0.006));
#2773=CARTESIAN_POINT('',(-0.01,0.002,0.006));
#2774=CARTESIAN_POINT('',(-0.0094443897244636,0.002,0.006));
#2775=CARTESIAN_POINT('',(-0.0094443897244636,0.002,0.006));
#2776=CARTESIAN_POINT('',(-0.00921804844209832,0.002,0.006));
#2777=CARTESIAN_POINT('',(-0.00900692622990405,0.002,0.00616626615540712));
#2778=CARTESIAN_POINT('',(-0.00895543486841218,0.002,0.00638669806884074));
#2779=CARTESIAN_POINT('',(-0.00895543486841218,0.002,0.00638669806884074));
#2780=CARTESIAN_POINT('',(-0.0073,0.002,0.006));
#2781=CARTESIAN_POINT('',(-0.00768669806884075,0.002,0.00765543486841217));
#2782=CARTESIAN_POINT('',(-0.00768669806884075,0.002,0.00765543486841217));
#2783=CARTESIAN_POINT('',(-0.00746626705384085,0.002,0.00770692602003617));
#2784=CARTESIAN_POINT('',(-0.0073,0.002,0.00791804942315845));
#2785=CARTESIAN_POINT('',(-0.0073,0.002,0.0081443897244636));
#2786=CARTESIAN_POINT('',(-0.0073,0.002,0.0081443897244636));
#2787=CARTESIAN_POINT('',(-0.0073,0.002,0.0087));
#2788=CARTESIAN_POINT('',(-0.0073,0.002,0.00916069612585582));
#2789=CARTESIAN_POINT('',(-0.0078,0.002,0.00916069612585582));
#2790=CARTESIAN_POINT('',(-3.46944695195361E-18,0.002,0.0077));
#2791=CARTESIAN_POINT('',(-0.00160906106612003,0.002,0.0077));
#2792=CARTESIAN_POINT('',(0.00160906106612003,0.002,0.0077));
#2793=CARTESIAN_POINT('',(0.00160906106612003,0.002,0.00820190991877167));
#2794=CARTESIAN_POINT('',(0.00210906106612003,0.002,0.00820190991877167));
#2795=CARTESIAN_POINT('',(0.00210906106612003,0.002,0.0087));
#2796=CARTESIAN_POINT('',(0.00210906106612003,0.002,0.0092));
#2797=CARTESIAN_POINT('',(0.00160906106612003,0.002,0.0092));
#2798=CARTESIAN_POINT('',(0.00160906106612003,0.002,0.0097));
#2799=CARTESIAN_POINT('',(-0.00105453053306001,0.002,0.0097));
#2800=CARTESIAN_POINT('',(-0.00160906106612003,0.002,0.0097));
#2801=CARTESIAN_POINT('',(-0.00160906106612003,0.002,0.0092));
#2802=CARTESIAN_POINT('',(-0.00210906106612003,0.002,0.0092));
#2803=CARTESIAN_POINT('',(-0.00210906106612003,0.002,0.0087));
#2804=CARTESIAN_POINT('',(-0.00210906106612003,0.002,0.00820190991877167));
#2805=CARTESIAN_POINT('',(-0.00160906106612003,0.002,0.00820190991877167));
#2806=CARTESIAN_POINT('',(-1.7347234759768E-18,0.002,0.0135));
#2807=CARTESIAN_POINT('',(-0.0045,0.002,0.0135));
#2808=CARTESIAN_POINT('',(-0.013,0.002,0.0135));
#2809=CARTESIAN_POINT('',(-0.0045,0.002,0.013));
#2810=CARTESIAN_POINT('',(-0.005,0.002,0.013));
#2811=CARTESIAN_POINT('',(-0.005,0.002,0.01275));
#2812=CARTESIAN_POINT('',(-0.005,0.002,0.0125));
#2813=CARTESIAN_POINT('',(-0.0045,0.002,0.0125));
#2814=CARTESIAN_POINT('',(-0.0045,0.002,0.012));
#2815=CARTESIAN_POINT('',(2.60208521396521E-18,0.002,0.012));
#2816=CARTESIAN_POINT('',(0.0045,0.002,0.012));
#2817=CARTESIAN_POINT('',(0.0045,0.002,0.0125));
#2818=CARTESIAN_POINT('',(0.005,0.002,0.0125));
#2819=CARTESIAN_POINT('',(0.005,0.002,0.01275));
#2820=CARTESIAN_POINT('',(0.005,0.002,0.013));
#2821=CARTESIAN_POINT('',(0.0045,0.002,0.013));
#2822=CARTESIAN_POINT('',(0.0045,0.002,0.0135));
#2823=CARTESIAN_POINT('',(-1.7347234759768E-18,0.002,0.0135));
#2824=CARTESIAN_POINT('',(0.013,0.002,0.0135));
#2825=CARTESIAN_POINT('',(0.013,0.002,0.013));
#2826=CARTESIAN_POINT('',(0.0135,0.002,0.013));
#2827=CARTESIAN_POINT('',(0.0135,0.002,0.));
#2828=CARTESIAN_POINT('',(0.0135,0.002,0.0115));
#2829=CARTESIAN_POINT('',(0.013,0.002,0.0115));
#2830=CARTESIAN_POINT('',(0.013,0.002,0.012));
#2831=CARTESIAN_POINT('',(0.01275,0.002,0.012));
#2832=CARTESIAN_POINT('',(0.0125,0.002,0.012));
#2833=CARTESIAN_POINT('',(0.0125,0.002,0.0115));
#2834=CARTESIAN_POINT('',(0.012,0.002,0.0115));
#2835=CARTESIAN_POINT('',(0.012,0.002,-0.0015));
#2836=CARTESIAN_POINT('',(0.012,0.002,-0.0115));
#2837=CARTESIAN_POINT('',(0.0125,0.002,-0.0115));
#2838=CARTESIAN_POINT('',(0.0125,0.002,-0.012));
#2839=CARTESIAN_POINT('',(0.013,0.002,-0.012));
#2840=CARTESIAN_POINT('',(0.013,0.002,-0.012));
#2841=CARTESIAN_POINT('',(0.013,0.002,-0.0115));
#2842=CARTESIAN_POINT('',(0.0135,0.002,-0.0115));
#2843=CARTESIAN_POINT('',(0.0135,0.002,0.));
#2844=CARTESIAN_POINT('',(0.0135,0.002,-0.013));
#2845=CARTESIAN_POINT('',(0.013,0.002,-0.013));
#2846=CARTESIAN_POINT('',(0.013,0.002,-0.0135));
#2847=CARTESIAN_POINT('',(-8.67361737988404E-18,0.002,-0.0135));
#2848=CARTESIAN_POINT('',(0.0115,0.002,-0.0135));
#2849=CARTESIAN_POINT('',(0.0115,0.002,-0.013));
#2850=CARTESIAN_POINT('',(0.012,0.002,-0.013));
#2851=CARTESIAN_POINT('',(0.012,0.002,-0.013));
#2852=CARTESIAN_POINT('',(0.012,0.002,-0.0125));
#2853=CARTESIAN_POINT('',(0.0115,0.002,-0.0125));
#2854=CARTESIAN_POINT('',(0.0115,0.002,-0.012));
#2855=CARTESIAN_POINT('',(0.01025,0.002,-0.012));
#2856=CARTESIAN_POINT('',(0.0095,0.002,-0.012));
#2857=CARTESIAN_POINT('',(0.0095,0.002,-0.0125));
#2858=CARTESIAN_POINT('',(0.009,0.002,-0.0125));
#2859=CARTESIAN_POINT('',(0.009,0.002,-0.01275));
#2860=CARTESIAN_POINT('',(0.009,0.002,-0.013));
#2861=CARTESIAN_POINT('',(0.0095,0.002,-0.013));
#2862=CARTESIAN_POINT('',(0.0095,0.002,-0.0135));
#2863=CARTESIAN_POINT('',(-8.67361737988404E-18,0.002,-0.0135));
#2864=CARTESIAN_POINT('',(0.00497,0.002,-0.0135));
#2865=CARTESIAN_POINT('',(-8.67361737988404E-18,0.002,-0.0135));
#2866=CARTESIAN_POINT('',(-0.00497,0.002,-0.0135));
#2867=CARTESIAN_POINT('',(-8.67361737988404E-18,0.002,-0.0135));
#2868=CARTESIAN_POINT('',(-0.0095,0.002,-0.0135));
#2869=CARTESIAN_POINT('',(-0.0095,0.002,-0.013));
#2870=CARTESIAN_POINT('',(-0.009,0.002,-0.013));
#2871=CARTESIAN_POINT('',(-0.009,0.002,-0.01275));
#2872=CARTESIAN_POINT('',(-0.009,0.002,-0.0125));
#2873=CARTESIAN_POINT('',(-0.0095,0.002,-0.0125));
#2874=CARTESIAN_POINT('',(-0.0095,0.002,-0.012));
#2875=CARTESIAN_POINT('',(-0.01025,0.002,-0.012));
#2876=CARTESIAN_POINT('',(-0.0115,0.002,-0.012));
#2877=CARTESIAN_POINT('',(-0.0115,0.002,-0.0125));
#2878=CARTESIAN_POINT('',(-0.012,0.002,-0.0125));
#2879=CARTESIAN_POINT('',(-0.012,0.002,-0.013));
#2880=CARTESIAN_POINT('',(-0.012,0.002,-0.013));
#2881=CARTESIAN_POINT('',(-0.0115,0.002,-0.013));
#2882=CARTESIAN_POINT('',(-0.0115,0.002,-0.0135));
#2883=CARTESIAN_POINT('',(-8.67361737988404E-18,0.002,-0.0135));
#2884=CARTESIAN_POINT('',(-0.013,0.002,-0.0135));
#2885=CARTESIAN_POINT('',(-0.013,0.002,-0.013));
#2886=CARTESIAN_POINT('',(-0.0135,0.002,-0.013));
#2887=CARTESIAN_POINT('',(-0.0135,0.002,4.33680868994202E-18));
#2888=CARTESIAN_POINT('',(-0.0135,0.002,-0.0115));
#2889=CARTESIAN_POINT('',(-0.013,0.002,-0.0115));
#2890=CARTESIAN_POINT('',(-0.013,0.002,-0.012));
#2891=CARTESIAN_POINT('',(-0.013,0.002,-0.012));
#2892=CARTESIAN_POINT('',(-0.0125,0.002,-0.012));
#2893=CARTESIAN_POINT('',(-0.0125,0.002,-0.0115));
#2894=CARTESIAN_POINT('',(-0.012,0.002,-0.0115));
#2895=CARTESIAN_POINT('',(-0.012,0.002,0.01025));
#2896=CARTESIAN_POINT('',(-0.012,0.002,0.0115));
#2897=CARTESIAN_POINT('',(-0.0125,0.002,0.0115));
#2898=CARTESIAN_POINT('',(-0.0125,0.002,0.012));
#2899=CARTESIAN_POINT('',(-0.01275,0.002,0.012));
#2900=CARTESIAN_POINT('',(-0.013,0.002,0.012));
#2901=CARTESIAN_POINT('',(-0.013,0.002,0.0115));
#2902=CARTESIAN_POINT('',(-0.0135,0.002,0.0115));
#2903=CARTESIAN_POINT('',(-0.0135,0.002,4.33680868994202E-18));
#2904=CARTESIAN_POINT('',(-0.0135,0.002,0.013));
#2905=CARTESIAN_POINT('',(-0.013,0.002,0.013));
#2906=CARTESIAN_POINT('',(-8.67361737988404E-18,0.002,-0.0135));
#2907=CARTESIAN_POINT('',(-8.67361737988404E-18,0.006,-0.0135));
#2908=CARTESIAN_POINT('',(0.0115,0.006,-0.0135));
#2909=CARTESIAN_POINT('',(0.0095,0.006,-0.0135));
#2910=CARTESIAN_POINT('',(0.0115,0.002,-0.0135));
#2911=CARTESIAN_POINT('',(0.013,0.002,-0.0135));
#2912=CARTESIAN_POINT('',(0.013,0.,-0.0135));
#2913=CARTESIAN_POINT('',(-8.67361737988404E-18,0.,-0.0135));
#2914=CARTESIAN_POINT('',(0.00497,0.,-0.0135));
#2915=CARTESIAN_POINT('',(0.00497,0.00255,-0.0135));
#2916=CARTESIAN_POINT('',(0.0095,0.002,-0.0135));
#2917=CARTESIAN_POINT('',(-1.7347234759768E-18,0.002,0.0135));
#2918=CARTESIAN_POINT('',(-1.7347234759768E-18,0.006,0.0135));
#2919=CARTESIAN_POINT('',(0.0045,0.006,0.0135));
#2920=CARTESIAN_POINT('',(-0.0045,0.006,0.0135));
#2921=CARTESIAN_POINT('',(-0.0045,0.002,0.0135));
#2922=CARTESIAN_POINT('',(-0.013,0.002,0.0135));
#2923=CARTESIAN_POINT('',(-0.013,0.,0.0135));
#2924=CARTESIAN_POINT('',(-1.7347234759768E-18,0.,0.0135));
#2925=CARTESIAN_POINT('',(0.013,0.,0.0135));
#2926=CARTESIAN_POINT('',(0.013,0.002,0.0135));
#2927=CARTESIAN_POINT('',(0.0045,0.006,0.0135));
#2928=CARTESIAN_POINT('',(0.013,0.002,0.013));
#2929=CARTESIAN_POINT('',(0.013,0.,0.013));
#2930=CARTESIAN_POINT('',(0.0135,0.,0.013));
#2931=CARTESIAN_POINT('',(0.0135,0.002,0.013));
#2932=CARTESIAN_POINT('',(0.0135,0.002,0.));
#2933=CARTESIAN_POINT('',(0.0135,0.002,-0.0115));
#2934=CARTESIAN_POINT('',(0.0135,0.006,-0.0115));
#2935=CARTESIAN_POINT('',(0.0135,0.006,0.));
#2936=CARTESIAN_POINT('',(0.0135,0.006,0.0115));
#2937=CARTESIAN_POINT('',(0.0135,0.002,0.0115));
#2938=CARTESIAN_POINT('',(0.0135,0.,0.));
#2939=CARTESIAN_POINT('',(0.0135,0.,-0.013));
#2940=CARTESIAN_POINT('',(0.0135,0.002,-0.013));
#2941=CARTESIAN_POINT('',(0.013,0.002,-0.013));
#2942=CARTESIAN_POINT('',(0.013,0.,-0.013));
#2943=CARTESIAN_POINT('',(-8.67361737988404E-18,0.002,-0.0135));
#2944=CARTESIAN_POINT('',(-0.0115,0.006,-0.0135));
#2945=CARTESIAN_POINT('',(-0.0115,0.006,-0.0135));
#2946=CARTESIAN_POINT('',(-8.67361737988404E-18,0.006,-0.0135));
#2947=CARTESIAN_POINT('',(-0.0095,0.006,-0.0135));
#2948=CARTESIAN_POINT('',(-0.0095,0.002,-0.0135));
#2949=CARTESIAN_POINT('',(-0.00497,0.00255,-0.0135));
#2950=CARTESIAN_POINT('',(-0.00497,0.,-0.0135));
#2951=CARTESIAN_POINT('',(-8.67361737988404E-18,0.,-0.0135));
#2952=CARTESIAN_POINT('',(-0.013,0.,-0.0135));
#2953=CARTESIAN_POINT('',(-0.013,0.002,-0.0135));
#2954=CARTESIAN_POINT('',(-0.013,0.002,-0.013));
#2955=CARTESIAN_POINT('',(-0.013,0.,-0.013));
#2956=CARTESIAN_POINT('',(-0.0135,0.,-0.013));
#2957=CARTESIAN_POINT('',(-0.0135,0.002,-0.013));
#2958=CARTESIAN_POINT('',(-0.0135,0.002,4.33680868994202E-18));
#2959=CARTESIAN_POINT('',(-0.0135,0.006,0.0115));
#2960=CARTESIAN_POINT('',(-0.0135,0.006,0.0115));
#2961=CARTESIAN_POINT('',(-0.0135,0.006,4.33680868994202E-18));
#2962=CARTESIAN_POINT('',(-0.0135,0.006,-0.0115));
#2963=CARTESIAN_POINT('',(-0.0135,0.002,-0.0115));
#2964=CARTESIAN_POINT('',(-0.0135,0.,4.33680868994202E-18));
#2965=CARTESIAN_POINT('',(-0.0135,0.,0.013));
#2966=CARTESIAN_POINT('',(-0.0135,0.002,0.013));
#2967=CARTESIAN_POINT('',(-0.013,0.002,0.013));
#2968=CARTESIAN_POINT('',(-0.013,0.,0.013));
#2969=CARTESIAN_POINT('',(0.,0.,0.));
#2970=CARTESIAN_POINT('',(-0.00497,0.,-0.013498));
#2971=CARTESIAN_POINT('',(-0.00497,0.,-0.015));
#2972=CARTESIAN_POINT('',(-1.7347234759768E-18,0.,-0.015));
#2973=CARTESIAN_POINT('',(0.00497,0.,-0.015));
#2974=CARTESIAN_POINT('',(0.00497,0.,-0.013498));
#2975=CARTESIAN_POINT('',(-0.00105453053306001,0.0045,0.0097));
#2976=CARTESIAN_POINT('',(-0.00105453053306001,0.0045,0.0097));
#2977=CARTESIAN_POINT('',(0.00160906106612003,0.0045,0.0097));
#2978=CARTESIAN_POINT('',(-0.00160906106612003,0.0045,0.0097));
#2979=CARTESIAN_POINT('',(-0.00160906106612003,0.002,0.0097));
#2980=CARTESIAN_POINT('',(0.00160906106612003,0.0045,0.0097));
#2981=CARTESIAN_POINT('',(0.00210906106612003,0.0045,0.0087));
#2982=CARTESIAN_POINT('',(0.00210906106612003,0.0045242559087249,0.00842275369462343));
#2983=CARTESIAN_POINT('',(0.00210906106612003,0.0045,0.00842063157758648));
#2984=CARTESIAN_POINT('',(0.00210906106612003,0.0045,0.0087));
#2985=CARTESIAN_POINT('',(0.00210906106612003,0.0045,0.0092));
#2986=CARTESIAN_POINT('',(0.00210906106612003,0.0045,0.0092));
#2987=CARTESIAN_POINT('',(-3.46944695195361E-18,0.002,0.0077));
#2988=CARTESIAN_POINT('',(-0.00160906106612003,0.0045,0.00791872165881481));
#2989=CARTESIAN_POINT('',(-0.00160906106612003,0.0045,0.00791872165881481));
#2990=CARTESIAN_POINT('',(-3.46944695195361E-18,0.0045,0.00791872165881481));
#2991=CARTESIAN_POINT('',(0.00160906106612003,0.0045,0.00791872165881481));
#2992=CARTESIAN_POINT('',(0.00160906106612003,0.002,0.0077));
#2993=CARTESIAN_POINT('',(-0.00210906106612003,0.0045,0.0087));
#2994=CARTESIAN_POINT('',(-0.00210906106612003,0.0045,0.0087));
#2995=CARTESIAN_POINT('',(-0.00210906106612003,0.0045,0.00842063157758648));
#2996=CARTESIAN_POINT('',(-0.00210906106612003,0.0045,0.0092));
#2997=CARTESIAN_POINT('',(-0.00210906106612003,0.00195642212862617,0.00819809734904587));
#2998=CARTESIAN_POINT('',(-0.00210906106612003,0.0045,0.0092));
#2999=CARTESIAN_POINT('',(-3.46944695195361E-18,0.0045,3.46944695195361E-18));
#3000=CARTESIAN_POINT('',(-0.00160906106612003,0.0045,0.00842063157758648));
#3001=CARTESIAN_POINT('',(-0.00160906106612003,0.0045,0.0092));
#3002=CARTESIAN_POINT('',(0.00160906106612003,0.0045,0.0092));
#3003=CARTESIAN_POINT('',(0.00160906106612003,0.0045,0.00842063157758648));
#3004=CARTESIAN_POINT('',(-0.01,0.0045,0.006));
#3005=CARTESIAN_POINT('',(-0.0104606961258558,0.0045,0.006));
#3006=CARTESIAN_POINT('',(-0.0104606961258558,0.0045,0.006));
#3007=CARTESIAN_POINT('',(-0.01,0.0045,0.006));
#3008=CARTESIAN_POINT('',(-0.00966842927578783,0.0045,0.006));
#3009=CARTESIAN_POINT('',(-0.00966842927578783,0.0045,0.006));
#3010=CARTESIAN_POINT('',(-0.00959391379863346,0.00366665193621968,0.006));
#3011=CARTESIAN_POINT('',(-0.00951925111467789,0.00283331706449763,0.006));
#3012=CARTESIAN_POINT('',(-0.0094443897244636,0.002,0.006));
#3013=CARTESIAN_POINT('',(-0.0073,0.0045,0.006));
#3014=CARTESIAN_POINT('',(-0.0073,0.0045,0.006));
#3015=CARTESIAN_POINT('',(-0.0109545548955208,0.0045,0.006578125));
#3016=CARTESIAN_POINT('',(-0.007878125,0.0045,0.00965455489552079));
#3017=CARTESIAN_POINT('',(-0.0109545548955208,0.0045,0.006578125));
#3018=CARTESIAN_POINT('',(-0.007878125,0.0045,0.00965455489552079));
#3019=CARTESIAN_POINT('',(-0.0073,0.0045,0.0087));
#3020=CARTESIAN_POINT('',(-0.0073,0.002,0.0081443897244636));
#3021=CARTESIAN_POINT('',(-0.0073,0.00283331706060643,0.00821925111432833));
#3022=CARTESIAN_POINT('',(-0.0073,0.00366665193908409,0.00829391379888957));
#3023=CARTESIAN_POINT('',(-0.0073,0.0045,0.00836842927578782));
#3024=CARTESIAN_POINT('',(-0.0073,0.0045,0.00836842927578782));
#3025=CARTESIAN_POINT('',(-0.0073,0.0045,0.0087));
#3026=CARTESIAN_POINT('',(-0.0073,0.0045,0.00916069612585582));
#3027=CARTESIAN_POINT('',(-0.0073,0.0045,0.00916069612585582));
#3028=CARTESIAN_POINT('',(-0.0073,0.002,0.006));
#3029=CARTESIAN_POINT('',(-0.00895543486841218,0.002,0.00638669806884074));
#3030=CARTESIAN_POINT('',(-0.00902942628889824,0.00283332604926407,0.0063904560719046));
#3031=CARTESIAN_POINT('',(-0.00910334856818261,0.00366665985626299,0.00639384323460408));
#3032=CARTESIAN_POINT('',(-0.00917721123354208,0.0045,0.0063969518719801));
#3033=CARTESIAN_POINT('',(-0.00917721123354208,0.0045,0.0063969518719801));
#3034=CARTESIAN_POINT('',(-0.0073,0.0045,0.006));
#3035=CARTESIAN_POINT('',(-0.00769695187198011,0.0045,0.00787721123354207));
#3036=CARTESIAN_POINT('',(-0.00769695187198011,0.0045,0.00787721123354207));
#3037=CARTESIAN_POINT('',(-0.00769384323462042,0.00366665986064032,0.00780334856857059));
#3038=CARTESIAN_POINT('',(-0.0076904560718788,0.00283332604354152,0.00772942628839012));
#3039=CARTESIAN_POINT('',(-0.00768669806884075,0.002,0.00765543486841217));
#3040=CARTESIAN_POINT('',(-3.46944695195361E-18,0.0045,3.46944695195361E-18));
#3041=CARTESIAN_POINT('',(-0.0104606961258558,0.0045,0.0065));
#3042=CARTESIAN_POINT('',(-0.0078,0.0045,0.00916069612585582));
#3043=CARTESIAN_POINT('',(-0.0073,0.0045,0.00836842927578782));
#3044=CARTESIAN_POINT('',(-0.0073,0.0045,0.00813848966581087));
#3045=CARTESIAN_POINT('',(-0.00747196148209489,0.0045,0.00792478731600241));
#3046=CARTESIAN_POINT('',(-0.00769695187198012,0.0045,0.00787721123354207));
#3047=CARTESIAN_POINT('',(-0.00917721123354208,0.0045,0.0063969518719801));
#3048=CARTESIAN_POINT('',(-0.00922478761407551,0.0045,0.00617196007248783));
#3049=CARTESIAN_POINT('',(-0.00943848789376522,0.0045,0.006));
#3050=CARTESIAN_POINT('',(-0.00966842927578783,0.0045,0.006));
#3051=CARTESIAN_POINT('',(0.0073,0.0045,0.0087));
#3052=CARTESIAN_POINT('',(0.0073,0.0045,0.00916069612585581));
#3053=CARTESIAN_POINT('',(0.0073,0.0045,0.00916069612585581));
#3054=CARTESIAN_POINT('',(0.0073,0.0045,0.0087));
#3055=CARTESIAN_POINT('',(0.0073,0.0045,0.00836842927578782));
#3056=CARTESIAN_POINT('',(0.0073,0.0045,0.00836842927578782));
#3057=CARTESIAN_POINT('',(0.0073,0.00366665193621968,0.00829391379863345));
#3058=CARTESIAN_POINT('',(0.0073,0.00283331706449763,0.00821925111467789));
#3059=CARTESIAN_POINT('',(0.0073,0.002,0.0081443897244636));
#3060=CARTESIAN_POINT('',(0.0073,0.0045,0.006));
#3061=CARTESIAN_POINT('',(0.0073,0.0045,0.006));
#3062=CARTESIAN_POINT('',(0.007878125,0.0045,0.00965455489552079));
#3063=CARTESIAN_POINT('',(0.0109545548955208,0.0045,0.006578125));
#3064=CARTESIAN_POINT('',(0.007878125,0.0045,0.00965455489552079));
#3065=CARTESIAN_POINT('',(0.0109545548955208,0.0045,0.006578125));
#3066=CARTESIAN_POINT('',(0.01,0.0045,0.006));
#3067=CARTESIAN_POINT('',(0.01,0.0045,0.006));
#3068=CARTESIAN_POINT('',(0.00966842927578782,0.0045,0.006));
#3069=CARTESIAN_POINT('',(0.0104606961258558,0.0045,0.006));
#3070=CARTESIAN_POINT('',(0.0104606961258558,0.002,0.006));
#3071=CARTESIAN_POINT('',(0.0094443897244636,0.002,0.006));
#3072=CARTESIAN_POINT('',(0.00951925111432833,0.00283331706060644,0.006));
#3073=CARTESIAN_POINT('',(0.00959391379888957,0.00366665193908409,0.006));
#3074=CARTESIAN_POINT('',(0.00966842927578782,0.0045,0.006));
#3075=CARTESIAN_POINT('',(0.0073,0.002,0.006));
#3076=CARTESIAN_POINT('',(0.0073,0.0045,0.006));
#3077=CARTESIAN_POINT('',(0.0076969518719801,0.0045,0.00787721123354207));
#3078=CARTESIAN_POINT('',(0.00917721123354207,0.0045,0.0063969518719801));
#3079=CARTESIAN_POINT('',(0.00917721123354207,0.0045,0.0063969518719801));
#3080=CARTESIAN_POINT('',(0.0091033485681826,0.00366665985626299,0.00639384323460408));
#3081=CARTESIAN_POINT('',(0.00902942628889823,0.00283332604926407,0.0063904560719046));
#3082=CARTESIAN_POINT('',(0.00895543486841217,0.002,0.00638669806884074));
#3083=CARTESIAN_POINT('',(0.00768669806884074,0.002,0.00765543486841217));
#3084=CARTESIAN_POINT('',(0.0076904560719046,0.00283332604926407,0.00772942628889823));
#3085=CARTESIAN_POINT('',(0.00769384323460409,0.00366665985626299,0.0078033485681826));
#3086=CARTESIAN_POINT('',(0.00769695187198011,0.0045,0.00787721123354207));
#3087=CARTESIAN_POINT('',(-3.46944695195361E-18,0.0045,3.46944695195361E-18));
#3088=CARTESIAN_POINT('',(0.0078,0.0045,0.00916069612585581));
#3089=CARTESIAN_POINT('',(0.0104606961258558,0.0045,0.0065));
#3090=CARTESIAN_POINT('',(0.00966842927578782,0.0045,0.006));
#3091=CARTESIAN_POINT('',(0.00943848966581087,0.0045,0.006));
#3092=CARTESIAN_POINT('',(0.00922478731600241,0.0045,0.00617196148209488));
#3093=CARTESIAN_POINT('',(0.00917721123354207,0.0045,0.00639695187198011));
#3094=CARTESIAN_POINT('',(0.0076969518719801,0.0045,0.00787721123354206));
#3095=CARTESIAN_POINT('',(0.00747196007248783,0.0045,0.00792478761407549));
#3096=CARTESIAN_POINT('',(0.0073,0.0045,0.00813848789376521));
#3097=CARTESIAN_POINT('',(0.0073,0.0045,0.00836842927578782));
#3098=CARTESIAN_POINT('',(-0.009,0.0045,-0.007));
#3099=CARTESIAN_POINT('',(-0.009,0.0045,-0.0085));
#3100=CARTESIAN_POINT('',(-0.009,0.0045,-0.0085));
#3101=CARTESIAN_POINT('',(-0.009,0.0045,-0.007));
#3102=CARTESIAN_POINT('',(-0.009,0.0045,-0.0055));
#3103=CARTESIAN_POINT('',(-0.009,0.0045,-0.0055));
#3104=CARTESIAN_POINT('',(-0.01,0.0045,-0.009));
#3105=CARTESIAN_POINT('',(-0.0105,0.0045,-0.009));
#3106=CARTESIAN_POINT('',(-0.0105,0.0045,-0.009));
#3107=CARTESIAN_POINT('',(-0.01,0.0045,-0.009));
#3108=CARTESIAN_POINT('',(-0.0095,0.0045,-0.009));
#3109=CARTESIAN_POINT('',(-0.0095,0.0045,-0.009));
#3110=CARTESIAN_POINT('',(-0.011,0.0045,-0.007));
#3111=CARTESIAN_POINT('',(-0.011,0.0045,-0.007));
#3112=CARTESIAN_POINT('',(-0.011,0.0045,-0.0085));
#3113=CARTESIAN_POINT('',(-0.011,0.0045,-0.0055));
#3114=CARTESIAN_POINT('',(-0.011,0.002,-0.0085));
#3115=CARTESIAN_POINT('',(-0.011,0.0045,-0.0055));
#3116=CARTESIAN_POINT('',(-0.01,0.0045,-0.005));
#3117=CARTESIAN_POINT('',(-0.01,0.0045,-0.005));
#3118=CARTESIAN_POINT('',(-0.0095,0.0045,-0.005));
#3119=CARTESIAN_POINT('',(-0.0105,0.0045,-0.005));
#3120=CARTESIAN_POINT('',(-0.0105,0.002,-0.005));
#3121=CARTESIAN_POINT('',(-0.0095,0.0045,-0.005));
#3122=CARTESIAN_POINT('',(-3.46944695195361E-18,0.0045,3.46944695195361E-18));
#3123=CARTESIAN_POINT('',(-0.0105,0.0045,-0.0085));
#3124=CARTESIAN_POINT('',(-0.0105,0.0045,-0.0055));
#3125=CARTESIAN_POINT('',(-0.0095,0.0045,-0.0055));
#3126=CARTESIAN_POINT('',(-0.0095,0.0045,-0.0085));
#3127=CARTESIAN_POINT('',(0.01,0.0045,-0.009));
#3128=CARTESIAN_POINT('',(0.01,0.0045,-0.009));
#3129=CARTESIAN_POINT('',(0.0095,0.0045,-0.009));
#3130=CARTESIAN_POINT('',(0.0105,0.0045,-0.009));
#3131=CARTESIAN_POINT('',(0.0105,0.0045,-0.009));
#3132=CARTESIAN_POINT('',(0.0095,0.0045,-0.009));
#3133=CARTESIAN_POINT('',(0.009,0.0045,-0.007));
#3134=CARTESIAN_POINT('',(0.009,0.0045,-0.0055));
#3135=CARTESIAN_POINT('',(0.009,0.0045,-0.0055));
#3136=CARTESIAN_POINT('',(0.009,0.0045,-0.007));
#3137=CARTESIAN_POINT('',(0.009,0.0045,-0.0085));
#3138=CARTESIAN_POINT('',(0.009,0.002,-0.0085));
#3139=CARTESIAN_POINT('',(0.01,0.0045,-0.005));
#3140=CARTESIAN_POINT('',(0.01,0.0045,-0.005));
#3141=CARTESIAN_POINT('',(0.0095,0.0045,-0.005));
#3142=CARTESIAN_POINT('',(0.0105,0.0045,-0.005));
#3143=CARTESIAN_POINT('',(0.0095,0.0045,-0.005));
#3144=CARTESIAN_POINT('',(0.0105,0.0045,-0.005));
#3145=CARTESIAN_POINT('',(0.011,0.0045,-0.007));
#3146=CARTESIAN_POINT('',(0.011,0.0045,-0.007));
#3147=CARTESIAN_POINT('',(0.011,0.0045,-0.0085));
#3148=CARTESIAN_POINT('',(0.011,0.0045,-0.0055));
#3149=CARTESIAN_POINT('',(0.011,0.002,-0.0055));
#3150=CARTESIAN_POINT('',(0.011,0.0045,-0.0085));
#3151=CARTESIAN_POINT('',(-3.46944695195361E-18,0.0045,3.46944695195361E-18));
#3152=CARTESIAN_POINT('',(0.0095,0.0045,-0.0055));
#3153=CARTESIAN_POINT('',(0.0105,0.0045,-0.0055));
#3154=CARTESIAN_POINT('',(0.0105,0.0045,-0.0085));
#3155=CARTESIAN_POINT('',(0.0095,0.0045,-0.0085));
#3156=CARTESIAN_POINT('',(0.0095,0.0045,-0.0055));
#3157=CARTESIAN_POINT('',(0.0105,0.0045,-0.0055));
#3158=CARTESIAN_POINT('',(0.0105,0.0045,-0.0085));
#3159=CARTESIAN_POINT('',(0.0095,0.0045,-0.0085));
#3160=CARTESIAN_POINT('',(-0.0105,0.0045,-0.0085));
#3161=CARTESIAN_POINT('',(-0.0095,0.0045,-0.0085));
#3162=CARTESIAN_POINT('',(-0.0105,0.0045,-0.0055));
#3163=CARTESIAN_POINT('',(-0.0095,0.0045,-0.0055));
#3164=CARTESIAN_POINT('',(-0.0104606961258558,0.0045,0.0065));
#3165=CARTESIAN_POINT('',(-0.00918242635190754,0.00455883961473874,0.00639717089689621));
#3166=CARTESIAN_POINT('',(-0.00926556031054772,0.0045514062088108,0.006));
#3167=CARTESIAN_POINT('',(-0.00966979391820776,0.00451526174336491,0.006));
#3168=CARTESIAN_POINT('',(-0.00910637652449278,0.00370079040431174,0.00639398367839652));
#3169=CARTESIAN_POINT('',(-0.00919172817828065,0.00369542871894646,0.00599999999999978));
#3170=CARTESIAN_POINT('',(-0.00959307162332949,0.00365721253294012,0.006));
#3171=CARTESIAN_POINT('',(-0.00903026436578982,0.00284275505922963,0.00639050325651739));
#3172=CARTESIAN_POINT('',(-0.00911781661759928,0.0028376437330204,0.00599999999999922));
#3173=CARTESIAN_POINT('',(-0.00951619364090991,0.00279917718786745,0.006));
#3174=CARTESIAN_POINT('',(-0.00895407981486204,0.0019847388399168,0.00638662920462574));
#3175=CARTESIAN_POINT('',(-0.00904372791680164,0.00197668423742247,0.006));
#3176=CARTESIAN_POINT('',(-0.00943910355848985,0.00194116096854297,0.006));
#3177=CARTESIAN_POINT('',(-0.00768662920462432,0.00198473883960165,0.00765407981483415));
#3178=CARTESIAN_POINT('',(-0.0073,0.00197668423710725,0.0077437279167746));
#3179=CARTESIAN_POINT('',(-0.0073,0.00194116096822782,0.00813910355846162));
#3180=CARTESIAN_POINT('',(-0.00769050325661411,0.00284275507654448,0.00773026436732303));
#3181=CARTESIAN_POINT('',(-0.00729999999999903,0.00283764375045573,0.00781781661898844));
#3182=CARTESIAN_POINT('',(-0.0073,0.00279917720519281,0.00821619364235058));
#3183=CARTESIAN_POINT('',(-0.00769398367844135,0.0037007904164985,0.00780637652557297));
#3184=CARTESIAN_POINT('',(-0.0073000000000007,0.00369542873107124,0.00789172817932612));
#3185=CARTESIAN_POINT('',(-0.0073,0.0036572125451267,0.00829307162441905));
#3186=CARTESIAN_POINT('',(-0.00769717089689539,0.00455883961451808,0.00788242635188798));
#3187=CARTESIAN_POINT('',(-0.0073,0.00455140620859009,0.00796556031052868));
#3188=CARTESIAN_POINT('',(-0.0073,0.00451526174314425,0.00836979391818803));
#3189=CARTESIAN_POINT('',(-0.0078,0.0045,0.00916069612585582));
#3190=CARTESIAN_POINT('',(0.0078,0.0045,0.00916069612585581));
#3191=CARTESIAN_POINT('',(0.0104606961258558,0.0045,0.0065));
#3192=CARTESIAN_POINT('',(0.00966979391820776,0.00451526174336491,0.006));
#3193=CARTESIAN_POINT('',(0.00926556031054772,0.0045514062088108,0.006));
#3194=CARTESIAN_POINT('',(0.00918242635190754,0.00455883961473874,0.00639717089689621));
#3195=CARTESIAN_POINT('',(0.00959307162332949,0.00365721253294012,0.006));
#3196=CARTESIAN_POINT('',(0.00919172817828065,0.00369542871894742,0.00599999999999978));
#3197=CARTESIAN_POINT('',(0.00910637652449278,0.00370079040431174,0.00639398367839652));
#3198=CARTESIAN_POINT('',(0.00951619364090991,0.00279917718786717,0.006));
#3199=CARTESIAN_POINT('',(0.00911781661759642,0.00283764373301968,0.00600000000000066));
#3200=CARTESIAN_POINT('',(0.00903026436578977,0.00284275505922908,0.00639050325651738));
#3201=CARTESIAN_POINT('',(0.00943910355848985,0.00194116096854297,0.006));
#3202=CARTESIAN_POINT('',(0.00904372791680164,0.00197668423742247,0.006));
#3203=CARTESIAN_POINT('',(0.00895407981486204,0.0019847388399168,0.00638662920462574));
#3204=CARTESIAN_POINT('',(0.00769717089689621,0.00455883961473874,0.00788242635190754));
#3205=CARTESIAN_POINT('',(0.0073,0.0045514062088108,0.00796556031054772));
#3206=CARTESIAN_POINT('',(0.0073,0.00451526174336491,0.00836979391820776));
#3207=CARTESIAN_POINT('',(0.00769398367839607,0.00370079040431193,0.00780637652449289));
#3208=CARTESIAN_POINT('',(0.00730000000000051,0.00369542871894742,0.0078917281782828));
#3209=CARTESIAN_POINT('',(0.0073,0.00365721253294012,0.00829307162333173));
#3210=CARTESIAN_POINT('',(0.00769050325651746,0.00284275505922905,0.00773026436578975));
#3211=CARTESIAN_POINT('',(0.00730000000000086,0.00283764373301951,0.00781781661759767));
#3212=CARTESIAN_POINT('',(0.0073,0.00279917718786717,0.00821619364090916));
#3213=CARTESIAN_POINT('',(0.00768662920462574,0.0019847388399168,0.00765407981486204));
#3214=CARTESIAN_POINT('',(0.0073,0.00197668423742247,0.00774372791680164));
#3215=CARTESIAN_POINT('',(0.0073,0.00194116096854297,0.00813910355848985));
#3216=CARTESIAN_POINT('',(-0.00160906106612003,0.0045242559087249,0.00842275369462343));
#3217=CARTESIAN_POINT('',(0.00160906106612003,0.00195642212862617,0.00819809734904587));
#3218=CARTESIAN_POINT('',(-0.00160906106612003,0.0045,0.0092));
#3219=CARTESIAN_POINT('',(0.00160906106612003,0.0045,0.0092));
#3220=CARTESIAN_POINT('',(-8.67361737988404E-18,0.002,-0.0135));
#3221=CARTESIAN_POINT('',(0.00497,0.00255,-0.0135));
#3222=CARTESIAN_POINT('',(0.00497,0.0051,-0.0135));
#3223=CARTESIAN_POINT('',(0.00322,0.0051,-0.0135));
#3224=CARTESIAN_POINT('',(0.00322,0.00335,-0.0135));
#3225=CARTESIAN_POINT('',(-0.00161,0.00335,-0.0135));
#3226=CARTESIAN_POINT('',(-0.00322,0.00335,-0.0135));
#3227=CARTESIAN_POINT('',(-0.00322,0.0051,-0.0135));
#3228=CARTESIAN_POINT('',(-0.00497,0.0051,-0.0135));
#3229=CARTESIAN_POINT('',(-0.00497,0.00255,-0.0135));
#3230=CARTESIAN_POINT('',(0.00497,0.00255,-0.013498));
#3231=CARTESIAN_POINT('',(0.00497,0.0051,-0.013498));
#3232=CARTESIAN_POINT('',(0.00497,0.0051,-0.015));
#3233=CARTESIAN_POINT('',(0.00497,0.00255,-0.015));
#3234=CARTESIAN_POINT('',(-0.00497,0.00255,-0.013498));
#3235=CARTESIAN_POINT('',(-0.00497,0.0051,-0.013498));
#3236=CARTESIAN_POINT('',(-0.00497,0.0051,-0.015));
#3237=CARTESIAN_POINT('',(-0.00497,0.00255,-0.015));
#3238=CARTESIAN_POINT('',(-1.00080200537123E-18,0.006625,-0.015));
#3239=CARTESIAN_POINT('',(0.00322,0.0051,-0.015));
#3240=CARTESIAN_POINT('',(0.00322,0.00335,-0.015));
#3241=CARTESIAN_POINT('',(-0.00322,0.0051,-0.015));
#3242=CARTESIAN_POINT('',(-0.00322,0.00335,-0.015));
#3243=CARTESIAN_POINT('',(-0.00161,0.00335,-0.015));
#3244=CARTESIAN_POINT('',(0.00322,0.0051,-0.013498));
#3245=CARTESIAN_POINT('',(0.00322,0.00335,-0.013498));
#3246=CARTESIAN_POINT('',(-0.00322,0.0051,-0.013498));
#3247=CARTESIAN_POINT('',(-0.00322,0.00335,-0.013498));
#3248=CARTESIAN_POINT('',(-0.00161,0.00335,-0.013498));
#3249=CARTESIAN_POINT('',(0.012,0.006,-0.0015));
#3250=CARTESIAN_POINT('',(0.012,0.006,0.0115));
#3251=CARTESIAN_POINT('',(0.012,0.006,0.0115));
#3252=CARTESIAN_POINT('',(0.012,0.006,-0.0015));
#3253=CARTESIAN_POINT('',(0.012,0.006,-0.0115));
#3254=CARTESIAN_POINT('',(0.012,0.006,-0.0115));
#3255=CARTESIAN_POINT('',(0.01275,0.006,0.012));
#3256=CARTESIAN_POINT('',(0.013,0.006,0.012));
#3257=CARTESIAN_POINT('',(0.013,0.006,0.012));
#3258=CARTESIAN_POINT('',(0.01275,0.006,0.012));
#3259=CARTESIAN_POINT('',(0.0125,0.006,0.012));
#3260=CARTESIAN_POINT('',(0.0125,0.006,0.012));
#3261=CARTESIAN_POINT('',(0.013,0.006,-0.012));
#3262=CARTESIAN_POINT('',(0.013,0.006,-0.012));
#3263=CARTESIAN_POINT('',(0.0125,0.006,-0.012));
#3264=CARTESIAN_POINT('',(0.013,0.006,-0.012));
#3265=CARTESIAN_POINT('',(0.013,0.006,-0.012));
#3266=CARTESIAN_POINT('',(0.0125,0.006,-0.012));
#3267=CARTESIAN_POINT('',(0.0125,0.006,-0.0115));
#3268=CARTESIAN_POINT('',(0.0125,0.006,-0.0115));
#3269=CARTESIAN_POINT('',(-3.46944695195361E-18,0.006,3.46944695195361E-18));
#3270=CARTESIAN_POINT('',(0.013,0.006,-0.0115));
#3271=CARTESIAN_POINT('',(0.0125,0.006,0.0115));
#3272=CARTESIAN_POINT('',(0.013,0.006,0.0115));
#3273=CARTESIAN_POINT('',(0.009,0.006,-0.01275));
#3274=CARTESIAN_POINT('',(0.009,0.006,-0.0125));
#3275=CARTESIAN_POINT('',(0.009,0.006,-0.0125));
#3276=CARTESIAN_POINT('',(0.009,0.006,-0.01275));
#3277=CARTESIAN_POINT('',(0.009,0.006,-0.013));
#3278=CARTESIAN_POINT('',(0.009,0.006,-0.013));
#3279=CARTESIAN_POINT('',(0.01025,0.006,-0.012));
#3280=CARTESIAN_POINT('',(0.01025,0.006,-0.012));
#3281=CARTESIAN_POINT('',(0.0115,0.006,-0.012));
#3282=CARTESIAN_POINT('',(0.0095,0.006,-0.012));
#3283=CARTESIAN_POINT('',(0.0095,0.002,-0.012));
#3284=CARTESIAN_POINT('',(0.0115,0.006,-0.012));
#3285=CARTESIAN_POINT('',(0.0115,0.006,-0.0125));
#3286=CARTESIAN_POINT('',(0.012,0.006,-0.0125));
#3287=CARTESIAN_POINT('',(0.012,0.006,-0.0125));
#3288=CARTESIAN_POINT('',(0.0115,0.006,-0.0125));
#3289=CARTESIAN_POINT('',(0.012,0.006,-0.013));
#3290=CARTESIAN_POINT('',(0.012,0.006,-0.013));
#3291=CARTESIAN_POINT('',(0.012,0.006,-0.013));
#3292=CARTESIAN_POINT('',(0.012,0.006,-0.013));
#3293=CARTESIAN_POINT('',(-3.46944695195361E-18,0.006,3.46944695195361E-18));
#3294=CARTESIAN_POINT('',(0.0115,0.006,-0.013));
#3295=CARTESIAN_POINT('',(0.0095,0.006,-0.013));
#3296=CARTESIAN_POINT('',(0.0095,0.006,-0.0125));
#3297=CARTESIAN_POINT('',(-0.009,0.006,-0.01275));
#3298=CARTESIAN_POINT('',(-0.009,0.006,-0.01275));
#3299=CARTESIAN_POINT('',(-0.009,0.006,-0.013));
#3300=CARTESIAN_POINT('',(-0.009,0.006,-0.0125));
#3301=CARTESIAN_POINT('',(-0.009,0.006,-0.0125));
#3302=CARTESIAN_POINT('',(-0.009,0.006,-0.013));
#3303=CARTESIAN_POINT('',(-0.012,0.006,-0.013));
#3304=CARTESIAN_POINT('',(-0.012,0.006,-0.013));
#3305=CARTESIAN_POINT('',(-0.012,0.006,-0.0125));
#3306=CARTESIAN_POINT('',(-0.012,0.006,-0.013));
#3307=CARTESIAN_POINT('',(-0.012,0.002,-0.013));
#3308=CARTESIAN_POINT('',(-0.012,0.006,-0.0125));
#3309=CARTESIAN_POINT('',(-0.0115,0.006,-0.0125));
#3310=CARTESIAN_POINT('',(-0.0115,0.006,-0.012));
#3311=CARTESIAN_POINT('',(-0.0115,0.006,-0.012));
#3312=CARTESIAN_POINT('',(-0.0115,0.006,-0.0125));
#3313=CARTESIAN_POINT('',(-0.01025,0.006,-0.012));
#3314=CARTESIAN_POINT('',(-0.0095,0.006,-0.012));
#3315=CARTESIAN_POINT('',(-0.0095,0.006,-0.012));
#3316=CARTESIAN_POINT('',(-0.01025,0.006,-0.012));
#3317=CARTESIAN_POINT('',(-3.46944695195361E-18,0.006,3.46944695195361E-18));
#3318=CARTESIAN_POINT('',(-0.0115,0.006,-0.013));
#3319=CARTESIAN_POINT('',(-0.0095,0.006,-0.0125));
#3320=CARTESIAN_POINT('',(-0.0095,0.006,-0.013));
#3321=CARTESIAN_POINT('',(-0.01275,0.006,0.012));
#3322=CARTESIAN_POINT('',(-0.01275,0.006,0.012));
#3323=CARTESIAN_POINT('',(-0.0125,0.006,0.012));
#3324=CARTESIAN_POINT('',(-0.013,0.006,0.012));
#3325=CARTESIAN_POINT('',(-0.013,0.002,0.012));
#3326=CARTESIAN_POINT('',(-0.0125,0.006,0.012));
#3327=CARTESIAN_POINT('',(-0.012,0.006,0.01025));
#3328=CARTESIAN_POINT('',(-0.012,0.006,0.01025));
#3329=CARTESIAN_POINT('',(-0.012,0.006,-0.0115));
#3330=CARTESIAN_POINT('',(-0.012,0.006,0.0115));
#3331=CARTESIAN_POINT('',(-0.012,0.006,0.0115));
#3332=CARTESIAN_POINT('',(-0.012,0.006,-0.0115));
#3333=CARTESIAN_POINT('',(-0.0125,0.006,-0.0115));
#3334=CARTESIAN_POINT('',(-0.0125,0.006,-0.012));
#3335=CARTESIAN_POINT('',(-0.0125,0.006,-0.012));
#3336=CARTESIAN_POINT('',(-0.0125,0.006,-0.0115));
#3337=CARTESIAN_POINT('',(-0.013,0.006,-0.012));
#3338=CARTESIAN_POINT('',(-0.013,0.006,-0.012));
#3339=CARTESIAN_POINT('',(-0.013,0.006,-0.012));
#3340=CARTESIAN_POINT('',(-0.013,0.006,-0.012));
#3341=CARTESIAN_POINT('',(-3.46944695195361E-18,0.006,3.46944695195361E-18));
#3342=CARTESIAN_POINT('',(-0.013,0.006,0.0115));
#3343=CARTESIAN_POINT('',(-0.0125,0.006,0.0115));
#3344=CARTESIAN_POINT('',(-0.013,0.006,-0.0115));
#3345=CARTESIAN_POINT('',(0.005,0.006002,0.01275));
#3346=CARTESIAN_POINT('',(0.005,0.006,0.01275));
#3347=CARTESIAN_POINT('',(0.005,0.006,0.013));
#3348=CARTESIAN_POINT('',(0.005,0.006,0.0125));
#3349=CARTESIAN_POINT('',(0.005,0.002,0.013));
#3350=CARTESIAN_POINT('',(0.005,0.006002,0.0125));
#3351=CARTESIAN_POINT('',(2.60208521396521E-18,0.006002,0.012));
#3352=CARTESIAN_POINT('',(-0.0045,0.006,0.012));
#3353=CARTESIAN_POINT('',(-0.0045,0.006,0.012));
#3354=CARTESIAN_POINT('',(2.60208521396521E-18,0.006,0.012));
#3355=CARTESIAN_POINT('',(0.0045,0.006,0.012));
#3356=CARTESIAN_POINT('',(0.0045,0.006002,0.012));
#3357=CARTESIAN_POINT('',(-0.005,0.006002,0.01275));
#3358=CARTESIAN_POINT('',(-0.005,0.006002,0.013));
#3359=CARTESIAN_POINT('',(-0.005,0.006,0.013));
#3360=CARTESIAN_POINT('',(-0.005,0.006,0.01275));
#3361=CARTESIAN_POINT('',(-0.005,0.006,0.0125));
#3362=CARTESIAN_POINT('',(-0.005,0.002,0.0125));
#3363=CARTESIAN_POINT('',(-3.46944695195361E-18,0.006,3.46944695195361E-18));
#3364=CARTESIAN_POINT('',(-0.0045,0.006,0.013));
#3365=CARTESIAN_POINT('',(0.0045,0.006,0.013));
#3366=CARTESIAN_POINT('',(0.0045,0.006,0.0125));
#3367=CARTESIAN_POINT('',(-0.0045,0.006,0.0125));
#3368=CARTESIAN_POINT('',(-0.013,0.006,0.0115));
#3369=CARTESIAN_POINT('',(-0.0125,0.006,0.0115));
#3370=CARTESIAN_POINT('',(0.0115,0.002,-0.013));
#3371=CARTESIAN_POINT('',(0.013,0.006,-0.0115));
#3372=CARTESIAN_POINT('',(-0.013,0.002,-0.0115));
#3373=CARTESIAN_POINT('',(-0.0115,0.006,-0.013));
#3374=CARTESIAN_POINT('',(-0.0095,0.006,-0.0125));
#3375=CARTESIAN_POINT('',(-0.0095,0.002,-0.013));
#3376=CARTESIAN_POINT('',(-0.0045,0.002,0.013));
#3377=CARTESIAN_POINT('',(-0.0045,0.006002,0.0125));
#3378=CARTESIAN_POINT('',(0.0045,0.006002,0.013));
#3379=CARTESIAN_POINT('',(0.0045,0.006002,0.0125));
#3380=CARTESIAN_POINT('',(0.0095,0.006,-0.0125));
#3381=CARTESIAN_POINT('',(0.0095,0.006,-0.013));
#3382=CARTESIAN_POINT('',(0.013,0.002,0.0115));
#3383=CARTESIAN_POINT('',(0.0125,0.006,0.0115));
#3384=MECHANICAL_DESIGN_GEOMETRIC_PRESENTATION_REPRESENTATION('',(#1947),
#3385);
#3385=(
GEOMETRIC_REPRESENTATION_CONTEXT(3)
GLOBAL_UNCERTAINTY_ASSIGNED_CONTEXT((#3386))
GLOBAL_UNIT_ASSIGNED_CONTEXT((#3389,#3388,#3387))
REPRESENTATION_CONTEXT('tinytouch-xiao-v1-bottom','TOP_LEVEL_ASSEMBLY_PART')
);
#3386=UNCERTAINTY_MEASURE_WITH_UNIT(LENGTH_MEASURE(2.E-5),#3389,
'DISTANCE_ACCURACY_VALUE','Maximum Tolerance applied to model');
#3387=(
NAMED_UNIT(*)
SI_UNIT($,.STERADIAN.)
SOLID_ANGLE_UNIT()
);
#3388=(
NAMED_UNIT(*)
PLANE_ANGLE_UNIT()
SI_UNIT($,.RADIAN.)
);
#3389=(
LENGTH_UNIT()
NAMED_UNIT(*)
SI_UNIT($,.METRE.)
);
#3390=PRODUCT_DEFINITION_SHAPE('','',#3391);
#3391=PRODUCT_DEFINITION('','',#3393,#3392);
#3392=PRODUCT_DEFINITION_CONTEXT('',#3399,'design');
#3393=PRODUCT_DEFINITION_FORMATION_WITH_SPECIFIED_SOURCE('','',#3395,
 .NOT_KNOWN.);
#3394=PRODUCT_RELATED_PRODUCT_CATEGORY('','',(#3395));
#3395=PRODUCT('tinytouch-xiao-v1-bottom','tinytouch-xiao-v1-bottom','',(#3397));
#3396=PRODUCT_CATEGORY('','');
#3397=PRODUCT_CONTEXT('',#3399,'mechanical');
#3398=APPLICATION_PROTOCOL_DEFINITION('international standard',
'ap242_managed_model_based_3d_engineering',2020,#3399);
#3399=APPLICATION_CONTEXT('managed model based 3d engineering');
ENDSEC;
END-ISO-10303-21;
